nibs-gsin,bpr-opi,gsin-description_en,gsin-description_fr,gsin-code-status_en,gsin-code-status_fr,date-file-published
JX3610A,"[""VAN""]","Duplicating Equipment - Repair and Overhaul","Équipement de duplication - réparation et révision",Active,Actif,"2023-02-27 22:50:03"
JX3610AA,"[""VAN""]","Photocopying Machines and Accessories - Repair","Machines à photocopier et accessoires - réparation",Active,Actif,"2023-02-27 22:50:03"
JX7830B,"[""VAN""]","Recreational Bowling Alleys - Repair","Divertissement, boulodrome - réparation",Active,Actif,"2023-02-27 22:50:03"
N3610BE,"[""VAN""]","Photocopying Machines and Accessories","Machines à photocopier et accessoires",Active,Actif,"2023-02-27 22:50:03"
N3610BEC,"[""VAN""]","Photocopier Control/Audit System","Machine à photocopier, système de commande et contrôle",Active,Actif,"2023-02-27 22:50:03"
N3610BED,"[""VAN""]","Photocopying Machines, Laser-Intelligent Copier","Machines à photocopier, duplicateur intelligent au laser",Active,Actif,"2023-02-27 22:50:03"
N3610BEL,"[""VAN""]","Photocopying Machines, Full Colour","Machines à photocopier, tout en couleur",Active,Actif,"2023-02-27 22:50:03"
N7025095,"[""VAN""]","PRINTERS PAGE COLOUR","Imprimante page par page couleur",Active,Actif,"2023-02-27 22:50:03"
N7025099,"[""VAN""]","PRINTERS, PAGE, LASER","Imprimantes page par page, laser",Active,Actif,"2023-02-27 22:50:03"
N7025101,"[""VAN""]","PRINTERS, LINE (BAND, CHAIN, DRUM, TRAIN, ETC.)","Imprimantes ligne par ligne, à bande, à chaîne, à tambour, à train, etc.",Active,Actif,"2023-02-27 22:50:03"
N7025102,"[""VAN""]","PRINTERS, IMPACT DOT MATRIX","Imprimantes, par point impact",Active,Actif,"2023-02-27 22:50:03"
N7025104,"[""VAN""]","PRINTERS, INK JET","Imprimantes, à jet d'encre",Active,Actif,"2023-02-27 22:50:03"
N7025105,"[""VAN""]","PRINTERS INK JET COLOUR","Imprimante couleur à jet d'encre",Active,Actif,"2023-02-27 22:50:03"
N7025090,"[""VAN""]","PRINTERS, BAR CODE","Imprimantes, code à barres",Active,Actif,"2023-02-27 22:50:03"
N7025130,"[""VAN""]","PLOTTERS, ON LINE","Traceurs, en circuit",Active,Actif,"2023-02-27 22:50:03"
N7025134,"[""VAN""]","Scanners, Document","Scanneurs, document",Active,Actif,"2023-02-27 22:50:03"
N7035190,"[""VAN""]","PLOTTERS (STAND ALONE)","Traceurs autonomes",Active,Actif,"2023-02-27 22:50:03"
N7045126,"[""VAN""]","Toner, Cartridge, Virgin, for various types of Printers and Facsimile Machines","Cartouche de toner neuve, pour divers types d'imprimantes et de télécopieurs",Active,Actif,"2023-02-27 22:50:03"
N7045127,"[""VAN""]","Toner, Cartridge, Remanufactured, for various types of Printers and Facsimile Machines","Cartouche de toner remise à neuf, pour divers types d'imprimantes et de télécopieurs",Active,Actif,"2023-02-27 22:50:03"
WL3610,"[""VAN""]","PRINTING, DUPLICATING AND BOOKBINDING EQUIPMENT, LEASING","Équipement d'impression, de duplication et de reliure - location",Active,Actif,"2023-02-27 22:50:03"
WL3610AA,"[""VAN""]","PHOTOCOPYING MACHINES - LEASE","Machines à photocopier - location à bail",Active,Actif,"2023-02-27 22:50:03"
WL3610AB,"[""VAN""]","Photocopying Machines, N.E.S. - Lease","Machines à photocopier - location à bail",Active,Actif,"2023-02-27 22:50:03"
WL3610AD,"[""VAN""]","PHOTOCOPYING MACHINES, LIBRARY BOOK - LEASE","Machines à photocopieur, reproduction de livres de bibliothèque - location à bail",Active,Actif,"2023-02-27 22:50:03"
WL3610AE,"[""VAN""]","PHOTOCOPYING MACHINES, ENGINEERING - LEASE","Machines à photocopier, ingénierie - location à bail",Active,Actif,"2023-02-27 22:50:03"
WL3610AF,"[""VAN""]","PHOTOCOPYING MACHINES, LASER, INTELLIGENT COPIER - LEASE","Machines à photocopier, duplicateur intelligent au laser - location à bail",Active,Actif,"2023-02-27 22:50:03"
WL3610B,"[""VAN""]","PHOTOCOPYING MACHINES, FULL COLOUR - LEASE","Machines à photocopier, tout en couleur - location à bail",Active,Actif,"2023-02-27 22:50:03"
WL3610C,"[""VAN""]","Digital Photocopiers, Printers and Multifunctional Devices (MFDs) - Lease","Photocopieurs numériques, imprimantes et appareils multifonctionnels (AMF) - Location",Active,Actif,"2023-02-27 22:50:03"
WL7025AJ,"[""VAN""]","PRINTERS, PAGE, LASER - LEASE","Imprimantes page par page à laser - location à bail",Active,Actif,"2023-02-27 22:50:03"
WR3610,"[""VAN""]","PRINTING, DUPLICATING AND BOOKBINDING EQUIPMENT - RENTAL","Équipement d'impression, de duplication et de reliure - location",Active,Actif,"2023-02-27 22:50:03"
WR3610A,"[""VAN""]","COPYING MACHINE, DIAZO PROCESS (WHITE PRINTER) - RENTAL","Duplicateur, procédé diazo (imprimante sur blanc) - location",Active,Actif,"2023-02-27 22:50:03"
WR3610AA,"[""VAN""]","PHOTOCOPYING MACHINES AND ACCESSORIES - RENTAL","Machines et accessoires à photocopie - location",Active,Actif,"2023-02-27 22:50:03"
WR3610AB,"[""VAN""]","Photocopying Machine, N.E.S. - Rent","Machines à photocopier, location",Active,Actif,"2023-02-27 22:50:03"
WR3610AC,"[""VAN""]","PHOTOCOPIER CONTROL/AUDIT SYSTEM - RENT","Machine à photocopier, système de commande et contrôle - location",Active,Actif,"2023-02-27 22:50:03"
WR7025B,"[""VAN""]","PRINTERS, PAGE, OTHER (ION, ELECTROSTATIC, ETC.) - RENT","Imprimantes page par page, autres, ioniques, électrostatiques, etc. - location",Active,Actif,"2023-02-27 22:50:03"
WR7035AN,"[""VAN""]","PLOTTERS (STAND ALONE) - RENT","Traceurs autonomes - location",Active,Actif,"2023-02-27 22:50:03"
R122C,"[""VAN""]","Managed Print Services","Service de gestion de l'impression - Consultation",Active,Actif,"2023-02-27 22:50:03"
JX5810,"[""QD""]","Communications Security Equipment and Components - Repair","Équipement de sécurité des télécommunications et composants - réparation",Active,Actif,"2023-02-27 22:50:03"
JX5811,"[""QD""]","Other Cryptologic Equipment and Components - Repair","Autres équipements cryptographiques et composants - réparation",Active,Actif,"2023-02-27 22:50:03"
N1830999,"[""QD""]","Space Vehicle Remote Control Systems Electrical and Electronic Components and Spares","Systèmes commande à distance des véhicules spatiaux, composants rechanges électriques et électroniques",Active,Actif,"2023-02-27 22:50:03"
N5805039,"[""QD""]","Telephone Central Offices, Dial, Manufacture to Drawings","Centrales téléphoniques, automatiques, fabrication conforme aux plans",Active,Actif,"2023-02-27 22:50:03"
N5805050,"[""QD""]","Telephone System, Transportable","Système téléphonique transportable",Active,Actif,"2023-02-27 22:50:03"
N5805051,"[""QD""]","Telephone Systems, Sound Powered","Systèmes téléphoniques, autogénérateurs",Active,Actif,"2023-02-27 22:50:03"
N5805060,"[""QD""]","Telephone System, Transportable, Voice/Data Channel Multiplexers, Low Capacity","Système téléphonique transportable, multiplexeurs des voies téléphoniques/de données, faible capacité",Active,Actif,"2023-02-27 22:50:03"
N5805993,"[""QD""]","Repeater Telegraph Electrical and Electronic Components and Spares","Répéteur télégraphique, composants et rechanges électriques et électroniques",Active,Actif,"2023-02-27 22:50:03"
N5805998,"[""QD""]","Telephone and Telegraph Tactical, Operational and Special Application Systems, Including Ground and Ship Communication Systems and Systems Installation","Systèmes téléphonique et télégraphique, tactiques, opérationnels et spéciaux, comprenant les systèmes de communication terre/mer et installation des systèmes",Active,Actif,"2023-02-27 22:50:03"
N5805098,"[""QD""]","Switching Systems, Special Design","Systèmes de commutation, modèle spécial",Active,Actif,"2023-02-27 22:50:03"
N5805118,"[""QD""]","Terminals, Telephone and Telegraph Equipment, Special Design","Terminaux, équipements téléphonique et télégraphique, modèle spécial",Active,Actif,"2023-02-27 22:50:03"
N5805119,"[""QD""]","Terminals, Telephone Telegraph Equipment Miscellaneous","Terminaux, équipements téléphonique et télégraphique, divers",Active,Actif,"2023-02-27 22:50:03"
N5895010,"[""QD""]","Communication Systems, Radio, Except Armoured Fighting Vehicles and Aircraft","Systèmes de télécommunications, radio, sauf véhicules blindés de combat et aéronefs",Active,Actif,"2023-02-27 22:50:03"
WL5810,"[""QD""]","COMMUNICATIONS SECURITY EQUIPMENT AND COMPONENTS - LEASING","Équipement de sécurité des télécommunications et composants - location à bail",Active,Actif,"2023-02-27 22:50:03"
WR5810,"[""QD""]","COMMUNICATIONS SECURITY EQUIPMENT AND COMPONENTS - RENTAL","Équipement de sécurité des télécommunications et composants - location",Active,Actif,"2023-02-27 22:50:03"
R007A,"[""QD""]","System Engineering Services","Services de génie des systèmes",Active,Actif,"2023-02-27 22:50:03"
K105AB,"[""LS""]","Armoured Car Service","Services de véhicule blindé",Active,Actif,"2023-02-27 22:50:03"
R103A,"[""LS""]","Courier Service","Service de messagerie",Active,Actif,"2023-02-27 22:50:03"
V001A,"[""LS""]","Freight and Cargo Services","Services de fret et de cargo",Active,Actif,"2023-02-27 22:50:03"
V001AA,"[""LM""]","Freight and Cargo Services, Including Marshalling, Packaging, Crating and Storage and Forwarding Services","Services de transport et chargement, incluant triage, conditionnement, emballage et services d'entreposage et d'expédition",Active,Actif,"2023-02-27 22:50:03"
V002A,"[""LM""]",Rail,Train,Active,Actif,"2023-02-27 22:50:03"
V005A,"[""LS""]","Motor Passengers, Mail and Merchandise Transportation Service","Transport routier de voyageurs, de courrier et de marchandise",Active,Actif,"2023-02-27 22:50:03"
V200A,"[""LM""]",Air,Avion,Active,Actif,"2023-02-27 22:50:03"
V200B,"[""LM""]","Air Transportation","Transport par avion",Active,Actif,"2023-02-27 22:50:03"
V100B,"[""LS""]","Water Transportation","Transport par bateau",Active,Actif,"2023-02-27 22:50:03"
V401B,"[""LS""]",Transportation,Transport,Active,Actif,"2023-02-27 22:50:03"
V505A,"[""LS""]","Storage and Warehousing","Stockage et entreposage",Active,Actif,"2023-02-27 22:50:03"
V505B,"[""LS""]","Packaging and Crating","Emballage et mise en caisse",Active,Actif,"2023-02-27 22:50:03"
V401I,"[""LS""]","Transportation Services, Not Elsewhere Specified","Services de transport, non énumérés ailleurs",Active,Actif,"2023-02-27 22:50:03"
V401IB,"[""LS""]","Vehicle Towing Services","Services de remorquage de véhicules",Active,Actif,"2023-02-27 22:50:03"
V401IC,"[""LM""]","Transportation Service - Armoured Vehicles","Services de transport - véhicules blindés",Active,Actif,"2023-02-27 22:50:03"
V401J,"[""LS""]","Transportation and Charters","Transport et affrètements",Active,Actif,"2023-02-27 22:50:03"
JD1005,"[""BM""]","Guns, Through 30mm - Production Design","Canons, jusqu'à 30 mm - dessin de production",Active,Actif,"2023-02-27 22:50:03"
JD1270,"[""BM""]","Aircraft Gunnery Fire Control Components - Production Design","Éléments de conduite de tir pour armes de bord d'aéronefs - dessin de production",Active,Actif,"2023-02-27 22:50:03"
JD1340,"[""BM""]","ROCKETS, ROCKET AMMUNITION AND ROCKET COMPONENTS - PRODUCTION DESIGN","Roquettes et composants pyrotechniques de roquettes - dessin de production",Active,Actif,"2023-02-27 22:50:03"
JX1005A,"[""BM""]","Small Arms and Accessories (Military) - Repair & Overhaul","Armes portatives et accessoires, militaires - réparation et révision",Active,Actif,"2023-02-27 22:50:03"
JX1015,"[""BM""]","Guns, 75MM Through 125MM - Repair","Canons, de 75 mm jusqu'à 125 mm - réparation",Active,Actif,"2023-02-27 22:50:03"
JX1025,"[""BM""]","Guns, Over 150MM Through 200MM - Repair","Canons, de plus de 150 mm jusqu'à 200 mm - réparation",Active,Actif,"2023-02-27 22:50:03"
JX1035,"[""BM""]","Guns, Over 300MM - Repair","Canons, de plus de 300 mm - réparation",Active,Actif,"2023-02-27 22:50:03"
JX1055,"[""BM""]","Launchers, Rockets and Pyrotechnic - Repair","Appareils de lancement pour engins pyrotechniques et roquettes - réparation",Active,Actif,"2023-02-27 22:50:03"
JX1095,"[""BM""]","Miscellaneous Weapons - Repair","Armes diverses - réparation",Active,Actif,"2023-02-27 22:50:03"
JX1340,"[""BM""]","Rockets, Rocket Ammunition and Rocket Components - Repair","Roquettes et composants pyrotechniques de roquettes - réparation",Active,Actif,"2023-02-27 22:50:03"
JX1005,"[""BM""]","Guns, Through 30MM - Repair","Canons, jusqu'à 30 mm - réparation",Active,Actif,"2023-02-27 22:50:03"
JX1355,"[""BM""]","Torpedo and Components, Inert - Repair","Torpilles et composants, inertes - réparation",Active,Actif,"2023-02-27 22:50:03"
JX1377,"[""BM""]","Cartridge and Propellant Actuated Devices and Components - Repair","Dispositifs actionnés par cartouches ou par agents propulsifs et composants - réparation",Active,Actif,"2023-02-27 22:50:03"
JX1410,"[""BM""]","Guided Missiles - Repair","Missiles - réparation",Active,Actif,"2023-02-27 22:50:03"
JX1427,"[""BM""]","Guided Missile Sub-Systems - Repair","Composants de systèmes de missiles - réparation",Active,Actif,"2023-02-27 22:50:03"
JX4931,"[""BM""]","Fire Control Maintenance and Repair Shop Specialized Equipment - Repair","Équipement spécialisé pour ateliers d'entretien et de réparations d'appareils de conduite de tir - réparation",Active,Actif,"2023-02-27 22:50:03"
JX6920,"[""BM""]","Armament Training Devices - Repair","Appareils d'instruction et d'entraînement concernant l'armement - réparation",Active,Actif,"2023-02-27 22:50:03"
N1010,"[""BM""]","Guns, over 30 mm up to 75 mm, unless installed in a vehicle, aircraft, or ship","Canons, de plus de 30 mm jusqu'à 75 mm",Active,Actif,"2023-02-27 22:50:03"
N1015,"[""BM""]","Guns, 75 mm through 125 mm, unless installed in a vehicle, aircraft, ship","Canons, de 75 mm jusqu'à 125 mm",Active,Actif,"2023-02-27 22:50:03"
N1015A,"[""BM""]","Guns, 75 mm Through 125 mm and Accessories","Canons, de 75 mm jusqu'à 125 mm et accessoires",Active,Actif,"2023-02-27 22:50:03"
N1020,"[""BM""]","Guns, over 125 mm through 150 mm unless installed in a vehicle, aircraft, ship","Canons, de plus de 125 mm jusqu'à 150 mm",Active,Actif,"2023-02-27 22:50:03"
N1025,"[""BM""]","Guns, over 150 mm through 200 unless installed in a vehicle, aircraft, ship","Canons, de plus de 150 mm jusqu'à 200 mm",Active,Actif,"2023-02-27 22:50:03"
N1030,"[""BM""]","Guns, over 200 mm through 300 mm","Canons, de plus de 200 mm jusqu'à 300 mm",Active,Actif,"2023-02-27 22:50:03"
N1035,"[""BM""]","Guns, over 300 mm","Canons, de plus de 300 mm",Active,Actif,"2023-02-27 22:50:03"
N1040,"[""BM""]","Chemical Weapons and Equipment, Flame Throwers, and Smoke Generators","Armes chimiques et équipement",Active,Actif,"2023-02-27 22:50:03"
N1045,"[""BM""]","Launchers, Torpedo and Depth Charges, Unless Installed in a Vehicle, Aircraft, Ship","Appareils de lancement de torpilles et grenades sous-marines",Active,Actif,"2023-02-27 22:50:03"
N1005,"[""BM""]","Guns, through 30 mm, unless installed in a vehicle, aircraft, ship","Canons, jusqu'à 30 mm",Active,Actif,"2023-02-27 22:50:03"
N1005A,"[""BM""]","Small Arms and Accessories (Law Enforcement)","Armes portatives et accessoires, mise en vigueur de la loi",Active,Actif,"2023-02-27 22:50:03"
N1055,"[""BM""]","Launchers, Grenade, Rocket and Pyrotechnic","Appareils de lancement de grenades, roquettes et artifices",Active,Actif,"2023-02-27 22:50:03"
N1080,"[""BM""]","Camouflage and Deception Equipment","Équipement de camouflage et simulation",Active,Actif,"2023-02-27 22:50:03"
N1090,"[""BM""]","Assemblies Interchangeable Between Weapons in Two or More Classes","Ensembles communs à des armes de plusieurs classes",Active,Actif,"2023-02-27 22:50:03"
N1095,"[""BM""]","Miscellaneous Weapons","Armes diverses",Active,Actif,"2023-02-27 22:50:03"
N1210,"[""BM""]","Fire Control Directors","Appareils directeurs de conduite de tir",Active,Actif,"2023-02-27 22:50:03"
N1270,"[""BM""]","Aircraft Gunnery Fire Control Components","Éléments de conduite de tir pour armes de bord d'aéronefs",Active,Actif,"2023-02-27 22:50:03"
N1440,"[""BM""]","Launchers, Guided Missile",Lance-missiles,Active,Actif,"2023-02-27 22:50:03"
N4931,"[""BM""]","Fire Control Maintenance and Repair Shop Specialized Equipment, Unless Installed in a Vehicle, Aircraft, or Ship","Équipement spécialisé pour ateliers d'entretien et de réparations d'appareils de conduite de tir",Active,Actif,"2023-02-27 22:50:03"
N4933,"[""BM""]","Weapons Maintenance and Repair Shop Specialized Equipment, Excludes Airborne Weapons Maintenance and Repair Shop Equipment","Équipement spécialisé pour ateliers d'entretien et de réparations d'armes",Active,Actif,"2023-02-27 22:50:03"
N5342,"[""BM""]","Hardware, Weapon System Refer to Parent Weapon System. Anodes used on Navy Ships belong to HN Division","Quincaillerie, système d'armes",Active,Actif,"2023-02-27 22:50:03"
N6910B,"[""BM""]","Training Aids, (applicable to military vehicles except aircraft and electronics) Cutaway mock-up, or sectionalised ammunition and small arms weapons only","Accessoires d'instruction, pour véhicules militaires sauf aéronefs et électroniques",Active,Actif,"2023-02-27 22:50:03"
N6920AD,"[""BM""]","TARGETS, N.E.S.","Cibles (N.E.A.)",Active,Actif,"2023-02-27 22:50:03"
N6920D,"[""BM""]","INDIRECT FIRE WEAPON SIMULATORS","Simulateurs d'armes à tir indirect",Active,Actif,"2023-02-27 22:50:03"
N6920,"[""BM""]","Armament Training Devices, Refer to Parent Weapon System","Appareils d'instruction et d'entraînement concernant l'armement",Active,Actif,"2023-02-27 22:50:03"
N6920300,"[""BM""]","ARMAMENT TRAINING DEVICES, ELECTRONIC, GUNNERY TARGETS","Appareils d'instruction et d'entraînement concernant l'armement, électroniques, cibles de tir",Active,Actif,"2023-02-27 22:50:03"
N6920999,"[""BM""]","ARMAMENT TRAINING DEVICES, ELECTRONIC, ACCESSORIES AND SPARES","Appareils d'instruction et d'entraînement concernant l'armement, électroniques, accessoires et rechanges",Active,Actif,"2023-02-27 22:50:03"
R006AC,"[""BM""]","Technical Writing Services, Armament Related Publications","Services de rédaction technique, publications reliées à l'armement",Active,Actif,"2023-02-27 22:50:03"
WL1440,"[""BM""]","LAUNCHERS, GUIDED MISSILE - LEASING","Lance-missiles - location à bail",Active,Actif,"2023-02-27 22:50:03"
U099BC,"[""BM""]","Firearm Training","Formation sur le maniement des armes à feu",Active,Actif,"2023-02-27 22:50:03"
AA415500,"[""SL""]","Fisheries (R&D)","Pêches (R&D)",Active,Actif,"2023-02-27 22:50:03"
AA910300,"[""SL""]","Agriculture (R&D)","Agriculture (R&D)",Active,Actif,"2023-02-27 22:50:03"
AE913500,"[""SL""]","Economics (R&D)","Sciences économiques (R&D)",Active,Actif,"2023-02-27 22:50:03"
AH215020,"[""SL""]","Air Quality (Research)","Qualité de l'air (Recherche)",Active,Actif,"2023-02-27 22:50:03"
AH215024,"[""SL""]","Atmospheric Pollutants (Research)","Polluants atmosphériques (Recherche)",Active,Actif,"2023-02-27 22:50:03"
AH910222,"[""SL""]","Environmental Impact Study (R&D)","Étude de l'impact environnemental (R&D)",Active,Actif,"2023-02-27 22:50:03"
AJ110224,"[""SL""]","Ergonomic Study (R&D)","Étude ergonomique (R&D)",Active,Actif,"2023-02-27 22:50:03"
AJ110700,"[""SL""]","Biology (R&D)","Biologie (R&D)",Active,Actif,"2023-02-27 22:50:03"
AH115032,"[""SL""]","Environmental Assessment (R&D)","Évaluation de milieu (R&D)",Active,Actif,"2023-02-27 22:50:03"
AH115036,"[""SL""]","Environmental Standards (Research)","Normes environnementales (Recherche)",Active,Actif,"2023-02-27 22:50:03"
AH215000,"[""SL""]","Environmental Sciences: Air, Water Pollution and other (R&D)","Sciences environnementales: Pollution atmosphérique, des eaux et autres (R&D)",Active,Actif,"2023-02-27 22:50:03"
AJ111000,"[""SL""]","Chemistry (R&D)","Chimie (R&D)",Active,Actif,"2023-02-27 22:50:03"
AJ311500,"[""SL""]","Climatology (R&D)","Climatologie (R&D)",Active,Actif,"2023-02-27 22:50:03"
AJ716500,"[""SL""]","Humanities and Social Sciences (R&D)","Sciences humaines et sociales (R&D)",Active,Actif,"2023-02-27 22:50:03"
AN117500,"[""SL""]","Medical (R&D)","Médical (R&D)",Active,Actif,"2023-02-27 22:50:03"
AN417668,"[""SL""]","Vaccines (R&D)","Vaccins (R&D)",Active,Actif,"2023-02-27 22:50:03"
AP518500,"[""SL""]","Oceanography (R&D)","Océanographie (R&D)",Active,Actif,"2023-02-27 22:50:03"
AS918564,"[""SL""]","Remote Control Submersible Vehicle (R&D)","Véhicule submersible à télécommande (R&D)",Active,Actif,"2023-02-27 22:50:03"
AT419628,"[""SL""]","Road Vehicle Safety (Research)","Sécurité des véhicules automobiles (Recherche)",Active,Actif,"2023-02-27 22:50:03"
AT619624,"[""SL""]","Road Vehicle Regulations (Research)","Règlement sur les véhicules automobiles (Recherche)",Active,Actif,"2023-02-27 22:50:03"
AT919500,"[""SL""]","Transportation (R&D)","Transports (R&D)",Active,Actif,"2023-02-27 22:50:03"
AZ110134,"[""SL""]","Equipment/Machinery-Design, Development, Modification: Science and Technology Related (R&D)","Équipement, machines-conception, mise au point, modification, Science et Technologie (R&D)",Active,Actif,"2023-02-27 22:50:03"
B103A,"[""SL""]","Water Quality Studies","Études sur la qualité de l'eau",Active,Actif,"2023-02-27 22:50:03"
B002A,"[""SL""]","Animal and Fisheries Studies","Études d'animaux et d'aquaculture",Active,Actif,"2023-02-27 22:50:03"
AJ716650,"[""SL""]","Historical Research (R&D)","Recherche historique (R&D)",Active,Actif,"2023-02-27 22:50:03"
N7490QC,"[""HAL""]","MAILING MACHINE, ELECTRIC","Machine à cacheter électrique",Active,Actif,"2023-02-27 22:50:03"
N7490T,"[""HAL""]","POSTAGE METER","Machine à affranchir",Active,Actif,"2023-02-27 22:50:03"
JD1520,"[""BB""]","AIRCRAFT, ROTARY WING - PRODUCTION DESIGN","Aéronefs - voilure tournante - dessin de production",Active,Actif,"2023-02-27 22:50:03"
JI6610,"[""BB""]","Flight Instruments - Installation","Instruments de contrôle de vol - installation",Active,Actif,"2023-02-27 22:50:03"
JX1510A,"[""BB""]","Aircraft, Fixed Wing - Repair and Overhaul (Military)","Aéronef, aile fixe, militaires - réparation et révision",Active,Actif,"2023-02-27 22:50:03"
JX1680C,"[""BB""]","Repainting and Refinishing, Aircraft Components","Repeinturage et refinissage, composants d'aéronef",Active,Actif,"2023-02-27 22:50:03"
N1520,"[""BF""]","Aircraft, Rotary Wing","Aéronefs - voilure tournante",Active,Actif,"2023-02-27 22:50:03"
N1520B,"[""BF""]","Helicopters (Military)","Hélicoptères (militaires)",Active,Actif,"2023-02-27 22:50:03"
N1540,"[""BB""]",Gliders,Planeurs,Active,Actif,"2023-02-27 22:50:03"
N1680999,"[""BY""]","Miscellaneous Aircraft Electrical and Electronic Components and Spares","Aéronef divers, composants et rechanges électriques et électroniques",Active,Actif,"2023-02-27 22:50:03"
N1680J,"[""BB""]","Seats, Aircraft Ejection","Sièges éjectables d'aéronef",Active,Actif,"2023-02-27 22:50:03"
N6115A,"[""BB""]","Generators and Generator Sets, Electrical (Auxiliary Aircraft Generators Only)","Générateurs électriques et groupes électrogènes, générateurs auxiliaires seulement, aéronef",Active,Actif,"2023-02-27 22:50:03"
N6340,"[""BB""]","Aircraft Alarm and Signal Systems","Systèmes d'alarme et de signalisation, d'aéronefs",Active,Actif,"2023-02-27 22:50:03"
N6610,"[""BB""]","Flight Instruments","Instruments de contrôle de vol",Active,Actif,"2023-02-27 22:50:03"
N6615,"[""BB""]","Automatic Pilot Mechanisms and Airborne Gyro Components","Mécanismes de pilotes automatiques et composants gyroscopiques pour aéronefs",Active,Actif,"2023-02-27 22:50:03"
U099BE,"[""BB""]","Airborne Combat Support Training - Fighter and Trainer Aircraft only","Formation de soutien au combat aéroporté - Avion de chasse et d'entraînement seulement",Active,Actif,"2023-02-27 22:50:03"
JI1660,"[""BQ""]","AIRCRAFT AIR CONDITIONING, HEATING AND PRESSURIZING EQUIPMENT - INSTALLATION","Équipement de climatisation, de chauffage et de pressurisation d'aéronef - installation",Active,Actif,"2023-02-27 22:50:03"
JI5895,"[""BQ""]","Aircraft (Military) Miscellaneous Communications Equipment - Installation","Équipements divers de télécommunications d'aéronefs (militaires) - installation",Active,Actif,"2023-02-27 22:50:03"
JI5805,"[""BQ""]","Aircraft (Military) Telephone and Telegraph Equipment - Installation","Équipement téléphonique et télégraphique d'aéronefs (militaires) - installation",Active,Actif,"2023-02-27 22:50:03"
JX2840A,"[""BQ""]","Gas Turbines and Jet Engines, Aircraft, and Components - Repair and Overhaul (Military)","Turbines à gaz et moteurs à réaction, aéronefs et composants, militaire - réparation et révision",Active,Actif,"2023-02-27 22:50:03"
JX5821,"[""BQ""]","Aircraft (Military) Radio and Television Communications Equipment - Repair and Overhaul","Équipement de communication par radio et par télévision pour aéronef (militaires) - réparation et révision",Active,Actif,"2023-02-27 22:50:03"
JX5825,"[""QF""]","Radio Navigation Equipment (Military), Except Airborne - Repair and Overhaul","Équipement de radionavigation (militaires), sauf aéronefs - réparation et révision",Active,Actif,"2023-02-27 22:50:03"
JX5840,"[""QF""]","Radar Equipment (Military), except Airborne - Repair and Overhaul","Équipement de radar (militaires), sauf aéronef - réparation et révision",Active,Actif,"2023-02-27 22:50:03"
JX5841,"[""BQ""]","Aircraft (Military) Radar Equipment - Repair and Overhaul","Équipement radar, pour aéronef (militaires) - réparation et révision",Active,Actif,"2023-02-27 22:50:03"
JX5895,"[""BQ""]","Aircraft (Military) Miscellaneous Communications Equipment - Repair and Overhaul","Équipements divers de télécommunications pour aéronef (militaires) - réparation et révision",Active,Actif,"2023-02-27 22:50:03"
JX6910A,"[""BQ""]","Training Aids, Aircraft (except Electrical and Electronic) - Repair and Overhaul","Accessoires d'instruction, aéronefs sauf électrique et électronique - réparation et révision",Active,Actif,"2023-02-27 22:50:03"
JX6930A,"[""BQ""]","Operational Training Devices, Aeronautical - Repair and Overhaul","Appareils d'instruction et d'entraînement opérationnels, aéronautique - réparation et révision",Active,Actif,"2023-02-27 22:50:03"
R114A,"[""BQ""]","Logistics Support Services Military Aerospace Related","Services de soutien logistique (transport et défense)",Active,Actif,"2023-02-27 22:50:03"
JX6605,"[""BQ""]","Aircraft (Military) Navigational Instruments - Repair and Overhaul","Instruments de navigation pour aéronefs (militaires) - réparation et révision",Active,Actif,"2023-02-27 22:50:03"
V200C,"[""LP""]","Air Transportation - Business Travel","Transport aérien - voyage d'affaires",Active,Actif,"2023-02-27 22:50:03"
V202A,"[""LP""]","Passenger Service","Service de passagers",Active,Actif,"2023-02-27 22:50:03"
V401C,"[""LP""]","Bus Services","Services d'autobus",Active,Actif,"2023-02-27 22:50:03"
V401CA,"[""LP""]","Bus Passenger Service","Service de transport par autobus",Active,Actif,"2023-02-27 22:50:03"
WR2310,"[""LP""]","PASSENGER MOTOR VEHICLES - RENTAL","Véhicules à moteur de tourisme - location",Active,Actif,"2023-02-27 22:50:03"
V502B,"[""LP""]","Hotels, Motels and Commercial Accommodation","Hôtels, motels et logements commerciaux",Active,Actif,"2023-02-27 22:50:03"
V502BA,"[""LP""]","Hotels, Motels and Boarding Houses","Hôtels, motels et pensions",Active,Actif,"2023-02-27 22:50:03"
C219BJ,"[""BL""]","Engineering and Technical Services - Combat Vehicles Related","Services d'ingénierie et techniques relatifs aux véhicules de combat",Active,Actif,"2023-02-27 22:50:03"
JX2305,"[""HS""]","Ground Effect Vehicles - Repair","Véhicules à effet de sol - réparation",Active,Actif,"2023-02-27 22:50:03"
JX2305A,"[""HS""]","Ground Effect Vehicles (Civilian) - Repair and Overhaul","Véhicules à effet de sol, civils - réparation et révision",Active,Actif,"2023-02-27 22:50:03"
JX2305B,"[""BL""]","Ground Effect Vehicles (Military) - Repair and Overhaul","Véhicules à effet de sol, militaire - réparation et révision",Active,Actif,"2023-02-27 22:50:03"
JX2530BB,"[""BL""]","Wheel, Solid Rubber, Repair and Overhaul, Armoured Fighting Vehicle, S.M.P.","Roue, caoutchouc plein, réparation et révision, véhicules blindés de combat, modèle militaire standard",Active,Actif,"2023-02-27 22:50:03"
JX2350A,"[""BL""]","Combat, Assault and Tactical Vehicles, Tracked, Not Elsewhere Specified - Repair and Overhaul","Véhicules à chenille de combat, d'assaut et tactiques - non énumérés ailleurs, réparation et révision",Active,Actif,"2023-02-27 22:50:03"
JX2910D,"[""BL""]","Injector Fuel, Armoured Fighting Vehicle, S.M.P. - Repair and Overhaul","Injecteur de carburant, véhicules blindés de combat, modèle militaire standard - réparation et révision",Active,Actif,"2023-02-27 22:50:03"
JX2815B,"[""BL""]","Diesel Engines and Components, Armoured Fighting Vehicles, SMP - Repair and Overhaul","Moteurs diesels et composants, véhicules blindés de combat, modèle militaire standard - réparation et révision",Active,Actif,"2023-02-27 22:50:03"
N2305,"[""BL""]","Ground Effect Vehicles","Véhicules à effet de sol",Active,Actif,"2023-02-27 22:50:03"
N2350,"[""BL""]","Combat, Assault, and Tactical Vehicles, Tracked","Véhicules de combat, d'assaut et tactiques, à chenilles",Active,Actif,"2023-02-27 22:50:03"
N2350A,"[""BL""]","Tanks and Tracked Self-Propelled Weapons and Vehicles W/WO Amphibian Capabilities","Chars de combat, véhicules et armes automoteurs à chenille, amphibies ou non",Active,Actif,"2023-02-27 22:50:03"
N2520C,"[""BL""]","Vehicular Power Transmission Components, Ground Effect Vehicles","Composants de transmission de puissance des véhicules, véhicules à effet de sol",Active,Actif,"2023-02-27 22:50:03"
N2510F,"[""BL""]","Vehicular Cab, Body and Frame Structural Components, Armoured Fighting Vehicle, S.M.P.","Cabine de véhicule, carrosserie et composants structuraux de châssis, véhicules blindés de combat, modèle militaire standard",Active,Actif,"2023-02-27 22:50:03"
N2510FC,"[""BL""]","Vehicular Cab, Body and Frame Structural Components, Ground Effect Vehicles","Composants structuraux de la cabine, de la carrosserie et du châssis, véhicules à effet de sol",Active,Actif,"2023-02-27 22:50:03"
N2520B,"[""BL""]","Vehicular Power Transmission Components, Armoured Fighting Vehicle, S.M.P.","Composants de transmission de puissance des véhicules, véhicule blindé de combat, modèle militaire standard",Active,Actif,"2023-02-27 22:50:03"
N2530BN,"[""BL""]","Wheel, Solid Rubber, Armoured Fighting Vehicle, S.M.P.","Roue, caoutchouc plein, véhicules blindés de combat, modèle militaire standard",Active,Actif,"2023-02-27 22:50:03"
N2530C,"[""BL""]","Vehicular Brake, Steering, Axle, Wheel and Track Components, Ground Effect Vehicles","Composants de freins, de direction d'essieux, de roues et chenilles de véhicules, véhicules à effet de sol",Active,Actif,"2023-02-27 22:50:03"
N2530B,"[""BL""]","Vehicular Brake, Steering, Axle, Wheel and Track Components, Armoured Fighting Vehicle, S.M.P.","Composants de freins, de direction, d'essieux, de roues et de chenilles, véhicules blindés de combat, modèle militaire standard",Active,Actif,"2023-02-27 22:50:03"
N2530BLB,"[""BL""]","Track Shoe Maintenance Equipment, Armoured Fighting Vehicle","Équipement d'entretien auxiliaire pour patin de chenille, véhicules blindés de combat",Active,Actif,"2023-02-27 22:50:03"
N2530BM,"[""BL""]","Wheel, Pneumatic Tire, Armoured Fighting Vehicle, S.M.P.","Roue, pneumatique, véhicules blindés de combat, modèle militaire standard",Active,Actif,"2023-02-27 22:50:03"
N2540H,"[""BL""]","Vehicular Furniture and Accessories, Ground Effect Vehicles","Accessoires et garnitures de véhicules, véhicules à effet de sol",Active,Actif,"2023-02-27 22:50:03"
N2590C,"[""BL""]","Miscellaneous Vehicular Components, Armoured Fighting Vehicle, S.M.P.","Composants divers de véhicules, véhicules blindés de combat, modèle militaire standard",Active,Actif,"2023-02-27 22:50:03"
N2590CA,"[""BL""]","Miscellaneous Vehicular Components, N.E.S., Armoured Fighting Vehicle, S.M.P.","Composants divers de véhicules, non énumérés ailleurs véhicules blindés de combat, modèle militaire standard",Active,Actif,"2023-02-27 22:50:03"
N2815G,"[""HS""]","Diesel Engines and Components, Ground Effect Vehicles","Moteurs diesel et composants, véhicules à effet de sol",Active,Actif,"2023-02-27 22:50:03"
N2910D,"[""BL""]","Engine Fuel System Components, Non-Aircraft, Armoured Fighting Vehicle, S.M.P.","Composants du système d'alimentation en carburant des moteurs, sauf pour aéronefs, véhicules blindés de combat, modèle militaire standard",Active,Actif,"2023-02-27 22:50:03"
N2910DB,"[""BL""]","Injector, Fuel, Armoured Fighting Vehicle, S.M.P.","Injecteur de carburant, véhicules blindés de combat, modèle militaire standard",Active,Actif,"2023-02-27 22:50:03"
N2910DE,"[""BL""]","Fuel, Tank,Armoured Fighting Vehicle, S.M.P.","Réservoir à carburant, véhicules blindés de combat, modèle militaire standard",Active,Actif,"2023-02-27 22:50:03"
N2940A,"[""BL""]","Engine Air and Oil Filters, Strainers and Cleaners, Non-Aircraft, Armoured Fighting Vehicle, S.M.P.","Filtres à air et à huile des moteurs, tamis et nettoyeurs, sauf pour aéronefs véhicules blindés de combat, modèle militaire standard",Active,Actif,"2023-02-27 22:50:03"
N2990FA,"[""BL""]","Miscellaneous Engine Accessories, Non-Aircraft, N.E.S., Armoured Fighting Vehicles, S.M.P.","Accessoires divers de moteurs, sauf pour aéronefs, véhicules blindés de combat, non énumérés ailleurs modèle militaire standard",Active,Actif,"2023-02-27 22:50:03"
N3020CB,"[""BL""]","Sprockets, Drive, Main, Armoured Fighting Vehicle, S.M.P.","Pignons entraînement, principaux, véhicules blindés de combat, modèle militaire standard",Active,Actif,"2023-02-27 22:50:03"
N3040,"[""BL""]","Power Transmission Equipment, Miscellaneous","Équipements divers de transmission de puissance",Active,Actif,"2023-02-27 22:50:03"
N3040E,"[""BL""]","Miscellaneous Power Transmission Equipment, Armoured Fighting Vehicle, S.M.P.","Équipement divers de transmission de puissance, véhicules blindés de combat, modèle militaire standard",Active,Actif,"2023-02-27 22:50:03"
N4210Y,"[""BL""]","Firefighting Equipment, Armoured Fighting Vehicle, S.M.P.","Équipement de lutte contre l'incendie, véhicule blindé de combat, modèle militaire standard",Active,Actif,"2023-02-27 22:50:03"
N2541,"[""BL""]","Weapons Systems Specific Vehicular Accessories","Accessoires de véhicules de système d'arme",Active,Actif,"2023-02-27 22:50:03"
N2355,"[""BL""]","Combat, Assault and Tactical Vehicles, Wheeled","Véhicules de combat, d'assaut et véhicules tactiques, sur roues",Active,Actif,"2023-02-27 22:50:03"
WL2305,"[""BL""]","GROUND EFFECT VEHICLES - LEASING","Véhicules à effet de sol - location",Active,Actif,"2023-02-27 22:50:03"
WR2305,"[""BL""]","GROUND EFFECT VEHICLES - RENTAL","Véhicules à effet de sol - location",Active,Actif,"2023-02-27 22:50:03"
WR1398,"[""BL""]","SPECIALIZED AMMUNITION HANDLING AND SERVICING EQUIPMENT - RENTAL","Équipement spécialisé de manutention et de mise en oeuvre de munitions - location",Active,Actif,"2023-02-27 22:50:03"
R109D,"[""ZF""]","Translation Services","Services de traduction",Active,Actif,"2023-02-27 22:50:03"
R109B,"[""ZF""]","Language Interpretation Services","Services d'interprétation",Active,Actif,"2023-02-27 22:50:03"
U008N,"[""ZF""]","Training and Curriculum Development","Développement de la formation et des programmes d'études",Active,Actif,"2023-02-27 22:50:03"
U099D,"[""ZF""]","Language Training Services","Services de formation linguistique",Active,Actif,"2023-02-27 22:50:03"
B506D,"[""ZG""]","Economic Studies / Modelling and Analysis","Études économiques / Modélisation et analyse",Active,Actif,"2023-02-27 22:50:03"
B304A,"[""ZG""]","Regulatory Studies","Études de réglementation",Active,Actif,"2023-02-27 22:50:03"
B308A,"[""ZG""]","Accounting and Financial Management Studies","Études de comptabilité et de gestion financière",Active,Actif,"2023-02-27 22:50:03"
B500A,"[""ZG""]","Archaeological/Paleontological Services","Services d'archéologie et de paléontologie",Active,Actif,"2023-02-27 22:50:03"
L007A,"[""ZG""]","Collection Agency Services","Services d'agence de recouvrement",Active,Actif,"2023-02-27 22:50:03"
L099A,"[""ZG""]","Financial and Related Services, N.E.S.","Services financiers et services connexes, N.E.A.",Active,Actif,"2023-02-27 22:50:03"
L099B,"[""ZG""]","Financial Management","Gestion financière",Active,Actif,"2023-02-27 22:50:03"
L099BG,"[""ZG""]","National Financial Institutions, Payment Services","Entreprises nationales, financières - services de paiement",Active,Actif,"2023-02-27 22:50:03"
L099BH,"[""ZG""]","National Financial Institutions, Deposit Services","Entreprises nationales, financières - service de dépôt",Active,Actif,"2023-02-27 22:50:03"
L099BI,"[""ZG""]","National Financial Institutions, Banking Services Other Than Payment and Deposit Services","Entreprises nationales, financières, services bancaires autres que services de paiement et de dépôt",Active,Actif,"2023-02-27 22:50:03"
L099C,"[""ZG""]","Customs Brokerage Services","Services de courtier en douane",Active,Actif,"2023-02-27 22:50:03"
L099D,"[""ZG""]","Financial Accounting Services","Services de comptabilité financière",Active,Actif,"2023-02-27 22:50:03"
L099G,"[""ZG""]","Financial Transaction Processing Services - Electronic Commerce","Services de traitement de transactions financières - Commerce électronique",Active,Actif,"2023-02-27 22:50:03"
B329A,"[""ZG""]","Business Services / Modelling and Analysis","Services d'affaires commerciaux / modélisation et analyse",Active,Actif,"2023-02-27 22:50:03"
B329B,"[""ZG""]","Advisory Support Services / Natural resources efficiency","Service de soutien consultatifs / efficacité des ressources naturelles",Active,Actif,"2023-02-27 22:50:03"
L099J,"[""ZG""]","Financial Advisory/Investment Banking Services","Services de consultation financière/de banque d'investissement",Active,Actif,"2023-02-27 22:50:03"
L005A,"[""ZG""]","Credit Reporting - Commercial","Rapports de solvabilité - commercial",Active,Actif,"2023-02-27 22:50:03"
R019HB,"[""ZT""]","Alternative Dispute Resolution Services","Services de mode alternatifs de règlement des conflits",Active,Actif,"2023-02-27 22:50:03"
R019F,"[""ZG""]","Consulting Services","Services de consultation",Active,Actif,"2023-02-27 22:50:03"
R115A,"[""ZG""]","Materiel Management","Gestion du matériel",Active,Actif,"2023-02-27 22:50:03"
R123AQ,"[""ZG""]","Evaluation & Performance Measurement Services","Services d'évaluation et de mesure de rendement",Active,Actif,"2023-02-27 22:50:03"
R199J,"[""ZG""]","Administrative Services","Services administratifs",Active,Actif,"2023-02-27 22:50:03"
R199X,"[""ZG""]","Adjudication Services","Services d'adjudication",Active,Actif,"2023-02-27 22:50:03"
R019R,"[""ZG""]","Professional Services / Financial Analysis","Services professionnels / Analyse financière",Active,Actif,"2023-02-27 22:50:03"
R019S,"[""ZG""]","Professional Services / Leasing Services (Office, Common Use, and Commercial Letting Services)","Services professionnels / Services de location (bureaux, locaux partagés et locaux commerciaux)",Active,Actif,"2023-02-27 22:50:03"
R019U,"[""ZG""]","Professional Services / Program Research Analysis","Services professionnels / Recherche analytique de programme",Active,Actif,"2023-02-27 22:50:03"
R019UA,"[""ZG""]","Professional Services / Assets Value Assessments","Services professionnels / Évaluation de la valeur d'actifs",Active,Actif,"2023-02-27 22:50:03"
R019UB,"[""ZG""]","Professional Services / Waste Management Services","Services professionnels / Gestion de déchets",Active,Actif,"2023-02-27 22:50:03"
R019M1,"[""ZG""]","Investigative Services, Public Servant Disclosure Protection Act (PSDPA)","Services d'enquêtes, Loi sur la protection des fonctionnaires divulgateurs d'actes répréhensibles (LPFDAR)",Active,Actif,"2023-02-27 22:50:03"
R019M,"[""ZG""]","Harassment (Investigative Services)","Harcèlement (services d'enquête)",Active,Actif,"2023-02-27 22:50:03"
C219BE,"[""BK""]","Engineering and Technical Services - Ammunition Related","Services techniques - relatifs aux munitions",Active,Actif,"2023-02-27 22:50:03"
E199C,"[""BK""]","Explosive Ordnance Disposal Services","Services de neutralisation des munitions explosives",Active,Actif,"2023-02-27 22:50:03"
JD1320,"[""BK""]","AMMUNITION, OVER 125MM - PRODUCTION DESIGN","Munitions, de plus de 125 mm - dessin de production",Active,Actif,"2023-02-27 22:50:03"
JD1330,"[""BK""]","GRENADES - PRODUCTION DESIGN","Grenades - dessin de production",Active,Actif,"2023-02-27 22:50:03"
JD1345,"[""BK""]","LAND MINES - PRODUCTION DESIGN","Mines terrestres - dessin de production",Active,Actif,"2023-02-27 22:50:03"
JD1370,"[""BK""]","PYROTECHNICS - PRODUCTION DESIGN","Matériel pyrotechnique - dessin de production",Active,Actif,"2023-02-27 22:50:03"
JD1375,"[""BK""]","DEMOLITION MATERIALS - PRODUCTION DESIGN","Explosifs de démolition - dessin de production",Active,Actif,"2023-02-27 22:50:03"
JD1386,"[""BK""]","EXPLOSIVE ORDNANCE DISPOSAL TOOLS, UNDERWATER- PRODUCTION DESIGN","Équipement de neutralisation des munitions explosives sous-marines - dessin de production",Active,Actif,"2023-02-27 22:50:03"
JX1305,"[""BK""]","Ammunition, Through 30MM - Repair","Munitions, jusqu'à 30 mm - réparation",Active,Actif,"2023-02-27 22:50:03"
JX1430,"[""BK""]","Guided Missile Remote Control System - Repair","Systèmes de télécommande pour missiles - réparation",Active,Actif,"2023-02-27 22:50:03"
JX1450,"[""BK""]","Guided Missile Handling and Servicing - Repair","Équipement pour la manutention et l'entretien des missiles - réparation",Active,Actif,"2023-02-27 22:50:03"
N1367A,"[""BK""]","Tactical Sets, Kits and Outfits","Ensembles, trousses et tenues tactiques",Active,Actif,"2023-02-27 22:50:03"
N1355,"[""BK""]","Torpedoes and Components, Inert","Torpilles et composants, inertes",Active,Actif,"2023-02-27 22:50:03"
N1135,"[""BK""]","Fusing and Firing Devices, Nuclear Ordnance","Dispositifs d'amorçage et de mise à feu de projectiles nucléaires",Active,Actif,"2023-02-27 22:50:03"
N1140,"[""BK""]","Nuclear Components","Composants nucléaires",Active,Actif,"2023-02-27 22:50:03"
N1145,"[""BK""]","Explosive and Pyrotechnic Components, Nuclear Ordnance","Composants explosifs et pyrotechniques de munitions nucléaires",Active,Actif,"2023-02-27 22:50:03"
N1190,"[""BK""]","Specialized Test and Handling Equipment, Nuclear Ordnance","Équipement spécialisé pour les essais et la manutention des munitions nucléaires",Active,Actif,"2023-02-27 22:50:03"
N1195,"[""BK""]","Miscellaneous Nuclear Ordnance","Articles divers de l'armement et munitions nucléaires",Active,Actif,"2023-02-27 22:50:03"
N1105,"[""BK""]","Nuclear Bombs","Bombes nucléaires",Active,Actif,"2023-02-27 22:50:03"
N1110,"[""BK""]","Nuclear Projectiles","Projectiles nucléaires",Active,Actif,"2023-02-27 22:50:03"
N1115,"[""BK""]","Nuclear Warheads and Warhead Sections",Nucléaires,Active,Actif,"2023-02-27 22:50:03"
N1120,"[""BK""]","Nuclear Depth Charges","Charges sous-marines",Active,Actif,"2023-02-27 22:50:03"
N1125,"[""BK""]","Nuclear Demolition Charges","Charges nucléaires de démolition",Active,Actif,"2023-02-27 22:50:03"
N1127,"[""BK""]","Nuclear Rockets","Roquettes nucléaires",Active,Actif,"2023-02-27 22:50:03"
N1130,"[""BK""]","Conversion Kits, Nuclear Ordnance","Lots de transformation de munitions nucléaires",Active,Actif,"2023-02-27 22:50:03"
N1305,"[""BK""]","Ammunition, through 30mm","Munitions, jusqu'à 30 mm",Active,Actif,"2023-02-27 22:50:03"
N1336,"[""BK""]","Guided Missile Warheads and Explosive Components","Sections chargées monoblocs de missiles et composants explosifs",Active,Actif,"2023-02-27 22:50:03"
N1337,"[""BK""]","Guided Missile and Space Vehicle Explosive Propulsion Units, Solid Fuel, and Components","Ensembles de propulsion à carburant solide et composants, pour missiles et véhicules spatiaux à charge explosive",Active,Actif,"2023-02-27 22:50:03"
N1338,"[""BK""]","Guided Missile and Space Vehicle Inert Propulsion Units, Solid Fuel, and Components","Ensembles de propulsion à carburant solide et composants, pour missiles et véhicules spatiaux à charge inerte",Active,Actif,"2023-02-27 22:50:03"
N1340,"[""BK""]","Rockets, Rocket Ammunition and Rocket Components","Roquettes et composants pyrotechniques de roquettes",Active,Actif,"2023-02-27 22:50:03"
N1345,"[""BK""]","Land Mines","Mines terrestres",Active,Actif,"2023-02-27 22:50:03"
N1310,"[""BK""]","Ammunition, over 30mm up To 75mm","Munitions, de plus de 30 mm jusqu'à 75 mm",Active,Actif,"2023-02-27 22:50:03"
N1315,"[""BK""]","Ammunition, 75mm through 125mm","Munitions, de 75 mm jusqu'à 125 mm",Active,Actif,"2023-02-27 22:50:03"
N1320,"[""BK""]","Ammunition, over 125mm","Munitions, de plus de 125 mm",Active,Actif,"2023-02-27 22:50:03"
N1325,"[""BK""]",Bombs,Bombes,Active,Actif,"2023-02-27 22:50:03"
N1330,"[""BK""]",Grenades,Grenades,Active,Actif,"2023-02-27 22:50:03"
N1365,"[""BK""]","Military Chemical Agents","Agents chimiques de combat",Active,Actif,"2023-02-27 22:50:03"
N1370,"[""BK""]",Pyrotechnics,"Matériel pyrotechnique",Active,Actif,"2023-02-27 22:50:03"
N1375,"[""BK""]","Demolition Materials","Explosifs de démolition",Active,Actif,"2023-02-27 22:50:03"
N1376,"[""BK""]","Bulk Explosives","Explosifs en vrac",Active,Actif,"2023-02-27 22:50:03"
N1377,"[""BK""]","Cartridge and Propellant Actuated Devices and Components","Dispositifs actionnés par cartouches ou agents propulsifs et composants",Active,Actif,"2023-02-27 22:50:03"
N1346,"[""BK""]","Remote Munitions","Munitions déployées à distance",Active,Actif,"2023-02-27 22:50:03"
N1351,"[""BK""]","Underwater Mine Explosive Components","Composants explosifs de mines sous-marines",Active,Actif,"2023-02-27 22:50:03"
N1356,"[""BK""]","Torpedos and Components, Explosive","Torpilles et composants, explosifs",Active,Actif,"2023-02-27 22:50:03"
N1360,"[""BK""]","Depth Charges and Components, Inert","Grenades sous-marines et composants, inertes",Active,Actif,"2023-02-27 22:50:03"
N1361,"[""BK""]","Depth Charges and Components, Explosive","Grenades sous-marines et composants, explosifs",Active,Actif,"2023-02-27 22:50:03"
N1410,"[""BK""]","Guided Missiles",Missiles,Active,Actif,"2023-02-27 22:50:03"
N1427,"[""BK""]","Guided Missile Sub-Systems","Sous-systèmes de missile guide",Active,Actif,"2023-02-27 22:50:03"
N1385,"[""BK""]","Explosive Ordnance Disposal Tools, Surface","Équipement de neutralisation des munitions explosives de surface",Active,Actif,"2023-02-27 22:50:03"
N1386,"[""BK""]","Explosive Ordnance Disposal Tools, Underwater","Équipement de neutralisation des munitions explosives sous-marines",Active,Actif,"2023-02-27 22:50:03"
N1390,"[""BK""]","Fuses and Primers","Fusées et amorces",Active,Actif,"2023-02-27 22:50:03"
N1395,"[""BK""]","Miscellaneous Ammunition","Munitions diverses",Active,Actif,"2023-02-27 22:50:03"
N1427999,"[""BK""]","Guided Missile Sub-Systems Electrical and Electronic Compounds and Spares (Marine)","Sous-systèmes de missile guide, composants et rechanges électriques et électroniques, marins",Active,Actif,"2023-02-27 22:50:03"
N1430,"[""BK""]","Guided Missile Remote Control System","Systèmes de télécommande pour missiles",Active,Actif,"2023-02-27 22:50:03"
N1450,"[""BK""]","Guided Missile Handling and Servicing Equipment","Équipement pour la manutention et l'entretien des missiles",Active,Actif,"2023-02-27 22:50:03"
N2845,"[""BK""]","Rocket Engines and Components","Moteurs de roquettes et composants",Active,Actif,"2023-02-27 22:50:03"
N3690,"[""BK""]","Specialized Ammunition, Ordnance Machinery and Related Equipment","Machines spéciales pour artillerie et munitions et équipements connexes",Active,Actif,"2023-02-27 22:50:03"
N4921,"[""BK""]","Torpedo Maintenance, Repair and Checkout Specialized Equipment","Équipement spécialisé pour l'entretien, la réparation et le contrôle des torpilles",Active,Actif,"2023-02-27 22:50:03"
N4923,"[""BK""]","Depth Charges and Underwater Mines Maintenance, Repair and Checkout Specialized Equipment","Équipement spécialisé pour l'entretien, la réparation et le contrôle des mines et grenades sous-marines",Active,Actif,"2023-02-27 22:50:03"
N4925,"[""BK""]","Ammunition Maintenance, Repair and Checkout Specialized Equipment","Équipement spécialisé pour l'entretien, la réparation et le contrôle des munitions",Active,Actif,"2023-02-27 22:50:03"
N4927,"[""BK""]","Rocket Maintenance, Repair and Checkout Specialized Equipment","Équipement spécialisé pour l'entretien, la réparation et le contrôle des roquettes",Active,Actif,"2023-02-27 22:50:03"
N4935,"[""BK""]","Guided Missile Maintenance, Repair and Checkout Specialized Equipment","Équipement spécialisé d'entretien, de réparations et de vérification pour missiles",Active,Actif,"2023-02-27 22:50:03"
N4970,"[""BK""]","Multiple Guided Weapons, Specialized Maintenance and Repair Shop Equipment","Équipements spécialisés des ateliers d'entretien et de réparation d'armes guidées",Active,Actif,"2023-02-27 22:50:03"
N1350,"[""BK""]","Underwater Mine Inert Components","Composants inertes de mines sous-marines",Active,Actif,"2023-02-27 22:50:03"
JX1520,"[""BF""]","Aircraft, Rotary Wing - Repair","Aéronefs - voilure tournante - réparation",Active,Actif,"2023-02-27 22:50:03"
JX1520A,"[""BF""]","Aircraft, Rotary Wing (Military) - Repair and Overhaul","Hélicoptères, (civils) réparation et mise au point",Active,Actif,"2023-02-27 22:50:03"
JX1520B,"[""BF""]","Helicopters (Military) Repair and Overhaul","Hélicoptères (militaires) réparation et révision",Active,Actif,"2023-02-27 22:50:03"
JX1540,"[""BF""]","Gliders - Repair","Planeurs - réparation",Active,Actif,"2023-02-27 22:50:03"
JX1560,"[""BF""]","Airframe Structural Components (Military) - Repair and Overhaul","Composants structuraux de cellules militaires - réparation et révision",Active,Actif,"2023-02-27 22:50:03"
JX1610,"[""BF""]","Aircraft Propellers and Components (Military) - Repair and Overhaul","Hélices d'aéronefs et composants (militaires) - réparation et révision",Active,Actif,"2023-02-27 22:50:03"
JX1615,"[""BF""]","Helicopter Rotor Blades, Drive, Mechanisms and Components (Military) - Repair and Overhaul","Pales rotor d'hélicoptères, mécanismes d'entraînement et composants (militaires) - réparation et révision",Active,Actif,"2023-02-27 22:50:03"
JX1510,"[""BF""]","Aircraft, Fixed Wing - (Military) Repair and Overhaul","Aéronef à voilure fixe - réparation",Active,Actif,"2023-02-27 22:50:03"
JX1680B,"[""BF""]","Seats, Aircraft - Repair and Overhaul","Sièges d'aéronefs - réparation et révision",Active,Actif,"2023-02-27 22:50:03"
JX1620,"[""BF""]","Aircraft Landing Gear Components (Military) - Repair and Overhaul","Composants de trains d'atterrissage (militaires) - réparation et révision",Active,Actif,"2023-02-27 22:50:03"
JX1630,"[""BF""]","Aircraft Wheel and Brake Systems (Civilian) - Repair","Roues et systèmes de freinage d'aéronefs civils - réparation",Active,Actif,"2023-02-27 22:50:03"
JX1650,"[""BF""]","Aircraft Hydraulic, Vacuum and De-icing System Components (Military) - Repair and Overhaul","Composants de systèmes hydrauliques, de systèmes à vide et de systèmes de dégivrage d'aéronef (militaires)- réparation et révision",Active,Actif,"2023-02-27 22:50:03"
JX1660,"[""BF""]","Aircraft Air Conditioning, Heating and Pressurizing Equipment (Military) - Repair and Overhaul","Équipement de climatisation, de chauffage et de pressurisation d'aéronef (militaires) - réparation et révision",Active,Actif,"2023-02-27 22:50:03"
JX1680,"[""BF""]","Miscellaneous Aircraft Accessories and Components (Military) - Repair and Overhaul","Accessoires et composants divers pour aéronefs (militaires) - réparation et révision",Active,Actif,"2023-02-27 22:50:03"
JX2915,"[""BF""]","Engine Fuel System Components, Aircraft and Missile Prime Movers - Repair","Composants du système d'alimentation en carburant, appareils moteurs d'aéronefs et de missiles- réparation",Active,Actif,"2023-02-27 22:50:03"
JX2915A,"[""BF""]","Engine Fuel System Components, Aircraft (Military) - Repair and Overhaul","Composants du système d'alimentation en carburant des moteurs d'aéronefs (militaires) - réparation et révision",Active,Actif,"2023-02-27 22:50:03"
JX2925,"[""BF""]","Engine Electrical System Components, Aircraft Prime Moving-Repair","Composants de système électrique de moteurs, appareils moteurs d'aéronefs - réparation",Active,Actif,"2023-02-27 22:50:03"
JX2995,"[""BF""]","Miscellaneous Engine Accessories, Aircraft (Military) - Repair and Overhaul","Accessoires divers de moteurs d'aéronefs (militaires) - réparation et révision",Active,Actif,"2023-02-27 22:50:03"
JX6115A,"[""BF""]","Generators and Generator Sets, Auxiliary Aircraft Generators Only - Repair and Overhaul","Générateurs électriques et groupes électrogènes, s'applique seulement aux générateurs auxiliaires d'aéronef - réparation et révision",Active,Actif,"2023-02-27 22:50:03"
R006AH,"[""BF""]","Technical Writing Services, Translations, Publications (CFTO)","Services de rédaction technique, de traduction, de publications (ITFC)",Active,Actif,"2023-02-27 22:50:03"
JI1610,"[""BF""]","AIRCRAFT PROPELLERS - INSTALLATION","Hélices d'aéronefs - installation",Active,Actif,"2023-02-27 22:50:03"
JX2810,"[""BB""]","Gasoline Reciprocating Engines, Aircraft Prime Movers and Components-Repair","Moteurs alternatifs à essence,appareils moteurs d'aéronefs, et composants - réparation",Active,Actif,"2023-02-27 22:50:03"
N1640,"[""BY""]","Aircraft Control Cable Products","Câbles de commande d'aéronef",Active,Actif,"2023-02-27 22:50:03"
N1620B,"[""BY""]","Lever Assembly Claw, Aircraft Landing Gear","Dispositifs de levier, cliquet",Active,Actif,"2023-02-27 22:50:03"
N1630,"[""BY""]","Aircraft Wheel and Brake Systems","Roues et dispositifs de freinage pour aéronefs",Active,Actif,"2023-02-27 22:50:03"
N1630C,"[""BY""]","Skis and Ski Equipment, Aircraft","Skis et équipement de ski, aéronef",Active,Actif,"2023-02-27 22:50:03"
N1650,"[""BY""]","Aircraft Hydraulic, Vacuum and De-Icing System Components","Composants des systèmes hydrauliques, de dépression et de dégivrage d'aéronefs",Active,Actif,"2023-02-27 22:50:03"
N1650E,"[""BY""]","Actuator, Electric, Pneumatic, Hydraulic, Manual","Mécanisme de commande, électrique, pneumatique, hydraulique, manuel",Active,Actif,"2023-02-27 22:50:03"
N1660,"[""BY""]","Aircraft Air Conditioning, Heating and Pressurizing Equipment","Équipement de climatisation, de chauffage et de pressurisation d'aéronefs",Active,Actif,"2023-02-27 22:50:03"
N1660C,"[""BY""]","Hose Assemblies, Oxygen System, Aircraft","Ensembles de boyaux, système d'oxygénation, aéronef",Active,Actif,"2023-02-27 22:50:03"
N1560,"[""BY""]","Airframe Structural Components","Composants structuraux de cellules",Active,Actif,"2023-02-27 22:50:03"
N1560B,"[""BB""]","Canopy, Aircraft, Plexiglass (Except Canopy, Ejection Seat)","Coupole, aéronef, en fibre de verre, sauf coupole, siège éjectable",Active,Actif,"2023-02-27 22:50:03"
N1560C,"[""BY""]","Cells, Fuels, Aircraft","Piles à combustible, aéronef",Active,Actif,"2023-02-27 22:50:03"
N1560D,"[""BY""]","Tank, Fuel, Aircraft","Réservoir, combustible, aéronef",Active,Actif,"2023-02-27 22:50:03"
N1560E,"[""BY""]","Window Panel, Aircraft","Panneau de fenêtre, aéronef",Active,Actif,"2023-02-27 22:50:03"
N1560F,"[""BY""]","Insulation, Thermal, Special Purpose, Aircraft Structural","Isolation, thermique, structurale d'aéronefs, usage spécial",Active,Actif,"2023-02-27 22:50:03"
N1610,"[""BY""]","Aircraft Propellers and Components","Hélices d'aéronefs et composants",Active,Actif,"2023-02-27 22:50:03"
N1615,"[""BY""]","Helicopter Rotor Blades, Drive, Mechanisms and Components","Pales rotor d'hélicoptères, mécanismes d'entraînement et composants",Active,Actif,"2023-02-27 22:50:03"
N1620,"[""BY""]","Aircraft Landing Gear Components","Composants de trains d'atterrissage",Active,Actif,"2023-02-27 22:50:03"
N1680,"[""BY""]","Miscellaneous Aircraft Accessories and Components","Accessoires et composants divers pour aéronefs",Active,Actif,"2023-02-27 22:50:03"
N1680A,"[""BY""]","Miscellaneous Aircraft Accessories and Components, N.E.S., Except Electrical and Electronic","Accessoires divers pour aéronefs et composants, N.E.A., sauf électriques et électroniques",Active,Actif,"2023-02-27 22:50:03"
N1680C,"[""BY""]","Harness, Aircraft Safety, Pilots","Harnais de sécurité, aéronef, pilotes",Active,Actif,"2023-02-27 22:50:03"
N1680D,"[""BY""]","Hoists, Rescue, Helicopter","Treuils, sauvetage, hélicoptère",Active,Actif,"2023-02-27 22:50:03"
N1680E,"[""BY""]","Panels, Aircraft Control","Panneau, contrôle d'aéronef",Active,Actif,"2023-02-27 22:50:03"
N1680G,"[""BY""]","Refuelling System Components, in Flight","Composants de dispositif de ravitaillement en vol",Active,Actif,"2023-02-27 22:50:03"
N1680H,"[""BY""]","Seats, Aircraft","Sièges d'aéronef",Active,Actif,"2023-02-27 22:50:03"
N1660CB,"[""BY""]","Hose Assemblies, Low Pressure, Breathing Oxygen and Air, Aircraft","Ensembles de boyaux, basse pression, air et oxygène respirable, aéronef",Active,Actif,"2023-02-27 22:50:03"
N1660D,"[""BY""]","Detectors, Ice, Aircraft","Détecteur de glace, aéronef",Active,Actif,"2023-02-27 22:50:03"
N1660E,"[""BY""]","Oxygen Equipment, Aircraft","Équipement pour oxygène, aéronef",Active,Actif,"2023-02-27 22:50:03"
N1670,"[""BY""]","Parachutes, Aerial Pick-Up Delivery, Recovery Systems, and Cargo Tie Down Equipment","Parachutes et équipement de distribution et de ramassage aériens de récupération et d'arrimage",Active,Actif,"2023-02-27 22:50:03"
N1670B,"[""BY""]","Parachutes and Associated Equipment","Parachutes et équipement connexe",Active,Actif,"2023-02-27 22:50:03"
N1670BB,"[""BY""]","Parachutes, Cargo, Aerial Delivery, Assemblies and Components","Parachutes, chargement, livraison aérienne, éléments et composants",Active,Actif,"2023-02-27 22:50:03"
N1670BC,"[""BY""]","Parachutes, Personnel, Assemblies and Components","Parachutes, personnels, éléments et composants",Active,Actif,"2023-02-27 22:50:03"
N1670BD,"[""BY""]","Parachute Packing and Testing Equipment","Équipement de vérification et de pliage de parachute",Active,Actif,"2023-02-27 22:50:03"
N1670D,"[""BY""]","Helicopter Nets","Filets, hélicoptère",Active,Actif,"2023-02-27 22:50:03"
N1670E,"[""BY""]","Nets, Cargo Tie Down (Aircraft Pallet)","Filets d'arrimage de marchandise, palette pour aéronef",Active,Actif,"2023-02-27 22:50:03"
N1670EA,"[""BY""]","Straps, Cargo Tie Down","Courroies d'arrimage de marchandise",Active,Actif,"2023-02-27 22:50:03"
N1670F,"[""BY""]","Pallets, Cargo, Aircraft","Palettes, marchandise, aéronef",Active,Actif,"2023-02-27 22:50:03"
N2840,"[""BB""]","Gas Turbines and Jet Engines, Aircraft, Prime Moving and Components","Turbines à gaz et moteurs à réaction, Aéronef, Appareil moteur et composants",Active,Actif,"2023-02-27 22:50:03"
N2915,"[""BY""]","Engine Fuel System Components, Aircraft and Missile Prime Movers","Composants du système d'alimentation en carburant, appareils moteurs d'aéronefs et de missiles",Active,Actif,"2023-02-27 22:50:03"
N2925C,"[""BY""]","Inverter Relays, Aircraft","Relais inverseur, aéronef",Active,Actif,"2023-02-27 22:50:03"
N2925F,"[""BY""]","Relays, Aircraft","Relais, aéronef",Active,Actif,"2023-02-27 22:50:03"
N2925J,"[""BY""]","Starters, Engine, Aircraft, Electrical","Démarreur électrique pour moteur d'aéronef",Active,Actif,"2023-02-27 22:50:03"
N2915C,"[""BY""]","Filter, Fuel, Aircraft","Filtre, carburant, aéronef",Active,Actif,"2023-02-27 22:50:03"
N2925,"[""BY""]","Engine Electrical System Components, Aircraft Prime Moving","Composants du système électrique des moteurs, appareils moteurs d'aéronefs",Active,Actif,"2023-02-27 22:50:03"
N2945AAE,"[""BY""]","Air Cleaner Elements, Intake","Éléments d'admission du filtre à air",Active,Actif,"2023-02-27 22:50:03"
N2935,"[""BY""]","Engine System Cooling Components, Aircraft Prime Moving","Composants du système de refroidissement du moteur, Appareil moteur d'aéronef",Active,Actif,"2023-02-27 22:50:03"
N2945,"[""BY""]","Engine Air and Oil Filters, Cleaners, Aircraft Prime Moving","Filtres à air et à huile du moteur, Agents nettoyants, Appareil moteur d'aéronef",Active,Actif,"2023-02-27 22:50:03"
N2945AAA,"[""BY""]","Air Cleaners","Filtres à air",Active,Actif,"2023-02-27 22:50:03"
N2995,"[""BY""]","Miscellaneous Engine Accessories, Aircraft","Accessoires divers de moteurs d'aéronefs",Active,Actif,"2023-02-27 22:50:03"
N2995C,"[""BY""]","Cylinders, Hydraulic Accumulators, Aircraft Engine","Cylindres, accumulateurs hydrauliques, moteur d'aéronef",Active,Actif,"2023-02-27 22:50:03"
N2995D,"[""BY""]","Hydraulic Control Assemblies, Aircraft Engine","Ensembles de contrôles hydrauliques, moteur d'aéronef",Active,Actif,"2023-02-27 22:50:03"
NCLOG,"[""BY""]","Logistics Support for U.S. Manufactured Military Equipment Currently Operated by Canadian Armed Forces (COLOG)","Soutien logistique pour l'équipement militaire fabriqué aux É.-U. et couramment utilisé par les forces armées canadiennes (COLOG)",Active,Actif,"2023-02-27 22:50:03"
U009B,"[""SE""]","Computer Assisted Learning","Enseignement assisté par ordinateur",Active,Actif,"2023-02-27 22:50:03"
AJ112000,"[""ST""]","Engineering (R&D)","Ingénierie (R&D)",Active,Actif,"2023-02-27 22:50:03"
AJ914000,"[""ST""]","Electronics (R&D)","Électronique (R&D)",Active,Actif,"2023-02-27 22:50:03"
AR910400,"[""ST""]","Astronautics (R&D)","Astronautique (R&D)",Active,Actif,"2023-02-27 22:50:03"
AR110432,"[""ST""]","Microgravity Processing Technology","Technologie des opérations en microgravité",Active,Actif,"2023-02-27 22:50:03"
AR210444,"[""ST""]","Satellite Antenna Design and Development (R&D)","Conception et mise au point d'antennes pour satellite (R&D)",Active,Actif,"2023-02-27 22:50:03"
AJ119000,"[""ST""]","Physics (R&D)","Physique (R&D)",Active,Actif,"2023-02-27 22:50:03"
H200B,"[""QE""]","Product Testing","Essais de produits",Active,Actif,"2023-02-27 22:50:03"
H200BB,"[""QE""]","Product Testing, Tempest, Testing Facilities","Essais de produits, tempest, matériel d'essais",Active,Actif,"2023-02-27 22:50:03"
JD5865,"[""QE""]","ELECTRONIC COUNTERMEASURES, COUNTER-COUNTERMEASURES AND QUICK REACTION CAPABILITY EQUIPMENT - PRODUCTION DESIGN","Équipements de contre-mesures et d'anti-contre-mesures électroniques et équipements à capacité de réaction rapide - dessin de production",Active,Actif,"2023-02-27 22:50:03"
JD5895,"[""QE""]","MISCELLANEOUS COMMUNICATIONS EQUIPMENT - PRODUCTION DESIGN","Équipements divers de télécommunications - dessin de production",Active,Actif,"2023-02-27 22:50:03"
JI6350,"[""QE""]","Alarm and Signal Systems, Miscellaneous - Installation and Services","Systèmes de signalisation et d'alarme, divers - installation",Active,Actif,"2023-02-27 22:50:03"
JX5865,"[""QE""]","Electronic Countermeasures, Counter-Countermeasures and Quick Reaction Capability Equipment - Repair","Équipements de contre-mesures et d'anti-contre mesures électroniques et équipements à capacité de réaction rapide - réparation",Active,Actif,"2023-02-27 22:50:03"
N5810,"[""QE""]","Communications Security Equipment and Components","Équipements de sécurité des télécommunications et composants",Active,Actif,"2023-02-27 22:50:03"
N5810310,"[""QE""]","Communications Security Equipment and Components (COMSEC) Secure Facsimile Systems","Équipements de sécurité des télécommunications et composants. Systèmes de télécopie sécuritaires",Active,Actif,"2023-02-27 22:50:03"
N5811300,"[""QE""]","Telephone/Line Disconnect Devices","Dispositifs de débranchement de ligne téléphonique",Active,Actif,"2023-02-27 22:50:03"
N5815,"[""QE""]","Teletype and Facsimile Equipment","Matériel de télétype et de télécopie",Active,Actif,"2023-02-27 22:50:03"
N5815010,"[""QE""]","Teleprinter Equipment","Matériel de téléimprimeur",Active,Actif,"2023-02-27 22:50:03"
N5815023,"[""QE""]","Facsimile Equipment, Analog","Matériel de télécopie, analogique",Active,Actif,"2023-02-27 22:50:03"
N5815026,"[""QE""]","Facsimile Equipment, Digital","Matériel de télécopie, numérique",Active,Actif,"2023-02-27 22:50:03"
N5815028,"[""QE""]","Facsimile Equipment, Special Purpose/Design (Weather, Finger Printing)","Matériel de télécopie, modèle et usage spécial, météorologique, empreintes digitales",Active,Actif,"2023-02-27 22:50:03"
N5820010,"[""QE""]","Communications Control Consoles (Except Airborne)","Pupitres de commande des communications, sauf aéronefs",Active,Actif,"2023-02-27 22:50:03"
N5820020,"[""QD""]","Radio Transmitters-VLF (Except Airborne)","Transmetteurs radio, VLF, sauf aéronefs",Active,Actif,"2023-02-27 22:50:03"
N5810400,"[""QE""]","Communications Security Equipment and Components (COMSEC) Secure Optical Data Systems","Équipements de sécurité des télécommunications et composants. Systèmes de données optiques sécuritaires",Active,Actif,"2023-02-27 22:50:03"
N5810500,"[""QE""]","Communications Security Equipment and Components (COMSEC) Secure Controller Systems","Équipements de sécurité des télécommunications et composants. Systèmes contrôleur sécuritaires",Active,Actif,"2023-02-27 22:50:03"
N5810520,"[""QE""]","Communications Security Equipment and Components (COMSEC) Secure Communications Interface Systems","Équipements de sécurité des télécommunications et composants. Systèmes de communication interfaces sécuritaires",Active,Actif,"2023-02-27 22:50:03"
N5811,"[""QE""]","Other Cryptologic Equipment and Components","Autres équipements de sécurité des télécommunications et composants",Active,Actif,"2023-02-27 22:50:03"
N5820070,"[""QD""]","Radio Transmitters UHF AM (Except Airborne)","Transmetteurs radio, UHF AM, sauf aéronefs",Active,Actif,"2023-02-27 22:50:03"
N5820072,"[""QD""]","Radio Transmitters, UHF AM, Mobile","Transmetteurs radio, UHF AM, mobiles",Active,Actif,"2023-02-27 22:50:03"
N5820110,"[""QD""]","Radio Transmitters-Telemetry (Except Airborne)","Transmetteurs radio, télémétrie, sauf aéronefs",Active,Actif,"2023-02-27 22:50:03"
N5820150,"[""QD""]","Radio Transmitters, Mobile (Except Airborne)","Transmetteurs radio, mobiles, sauf aéronefs",Active,Actif,"2023-02-27 22:50:03"
N5820160,"[""QD""]","Radio Transmitters-Marine (Except Airborne)","Transmetteurs radio-marins, sauf aéronefs",Active,Actif,"2023-02-27 22:50:03"
N5820041,"[""QD""]","Radio Transmitters, HF, Low Power, Commercial","Transmetteurs radio, HF, à faible puissance, commerciaux",Active,Actif,"2023-02-27 22:50:03"
N5820043,"[""QD""]","Radio Transmitters, HF, High Power, Commercial","Transmetteurs radio, HF, à puissance élevée, commerciaux",Active,Actif,"2023-02-27 22:50:03"
N5820047,"[""QD""]","Radio Transmitters, HF, High Power, Military","Transmetteurs radio, HF, à puissance élevée, militaires",Active,Actif,"2023-02-27 22:50:03"
N5820050,"[""QD""]","Radio Transmitters-VHF AM (Except Airborne)","Transmetteurs radio, VHF, FM, AM, sauf pour aéronefs",Active,Actif,"2023-02-27 22:50:03"
N5820052,"[""QD""]","Radio Transmitters, VHF AM Mobile","Transmetteurs radio, VHF AM, mobiles",Active,Actif,"2023-02-27 22:50:03"
N5820053,"[""QD""]","Radio Transmitters, VHF AM, Base Station","Transmetteurs radio, VHF AM, station de base",Active,Actif,"2023-02-27 22:50:03"
N5820062,"[""QD""]","Radio Transmitters, VHF FM, Mobile","Transmetteurs radio, VHF FM, mobiles",Active,Actif,"2023-02-27 22:50:03"
N5820063,"[""QD""]","Radio Transmitters, VHF FM, Base Station","Transmetteurs radio, VHF FM, station de base",Active,Actif,"2023-02-27 22:50:03"
N5820068,"[""QD""]","Radio Transmitters, VHF FM, Special Design","Transmetteurs radio, VHF FM, modèle spécial",Active,Actif,"2023-02-27 22:50:03"
N5820330,"[""QD""]","Radio Receivers, Satellite","Récepteurs radio, satellite",Active,Actif,"2023-02-27 22:50:03"
N5820340,"[""QD""]","Radio Receivers, Radio Telescope (Except Airborne)","Récepteurs radio, télescope radio, sauf aéronefs",Active,Actif,"2023-02-27 22:50:03"
N5820350,"[""QD""]","Radio Receivers, Mobile (Except Airborne)","Récepteurs radio, mobiles, sauf aéronefs",Active,Actif,"2023-02-27 22:50:03"
N5820200,"[""QD""]","Radio Receivers, VHF AM (Except Airborne)","Récepteurs radio, VHF AM, sauf aéronefs",Active,Actif,"2023-02-27 22:50:03"
N5820210,"[""QD""]","Radio Receivers, VHF FM (Except Airborne)","Récepteurs radio, VHF FM, sauf aéronefs",Active,Actif,"2023-02-27 22:50:03"
N5820230,"[""QD""]","Radio Receivers UHF FM (Except Airborne)","Récepteurs radio, UHF AM, sauf aéronefs",Active,Actif,"2023-02-27 22:50:03"
N5820240,"[""QD""]","Radio Receivers, Microwave (Except Airborne)","Récepteurs radio, micro-ondes, sauf aéronefs",Active,Actif,"2023-02-27 22:50:03"
N5820260,"[""QD""]","Radio Receivers, Telemetry (Except Airborne)","Récepteurs radio, télémétrie, sauf aéronefs",Active,Actif,"2023-02-27 22:50:03"
N5820380,"[""QD""]","Radio Transceivers and Transmitter-Receiver, VHF (Except Airborne)","Émetteurs-récepteurs combinés et séparés, VHF, sauf aéronefs",Active,Actif,"2023-02-27 22:50:03"
N5820388,"[""QD""]","Radio Transceivers and Transmitter-Receiver, VHF, Special Design","Émetteurs-récepteurs combinés et séparés, VHF, modèle spécial",Active,Actif,"2023-02-27 22:50:03"
N5820390,"[""QD""]","Radio Transceivers and Transmitter - Receiver, UHF (Except Airborne)","Émetteurs-récepteurs combinés et séparés, UHF, sauf aéronefs",Active,Actif,"2023-02-27 22:50:03"
N5820420,"[""QD""]","Radio Transceivers and Transmitter-Receiver, Marine","Émetteurs-récepteurs combinés et séparés, marins",Active,Actif,"2023-02-27 22:50:03"
N5820430,"[""QD""]","Radio Transceivers and Transmitter-Receiver, Mobile (EXcept Airborne)","Émetteurs-récepteurs combinés et séparés, mobiles, sauf aéronefs",Active,Actif,"2023-02-27 22:50:03"
N5820450,"[""QD""]","Radio Transceivers and Transmitter-Receivers, Portable (Except Airborne)","Émetteurs-récepteurs combinés et séparés, portatifs, sauf aéronefs",Active,Actif,"2023-02-27 22:50:03"
N5820460,"[""QD""]","Radio Transceivers and Transmitter-Receiver, Satellite","Émetteurs-récepteurs combinés et séparés, satellite",Active,Actif,"2023-02-27 22:50:03"
N5895202,"[""QD""]","Data Recorders (Airborne)","Enregistreurs de données, pour aéronefs",Active,Actif,"2023-02-27 22:50:03"
N5865,"[""QD""]","Electronic Countermeasures, Counter-Countermeasures and Quick Reaction Capability Equipment","Équipements de contre-mesures et d'anti-contre mesures électroniques et équipements à capacité de réaction rapide",Active,Actif,"2023-02-27 22:50:03"
N5895,"[""QD""]","Miscellaneous Communications Equipment","Équipements divers de télécommunications",Active,Actif,"2023-02-27 22:50:03"
N6350,"[""QD""]","Alarm, Signal, and Security Detection Systems , Miscellaneous","Systèmes divers d'alarme de signalisation et de détection de sécurité",Active,Actif,"2023-02-27 22:50:03"
N6350010,"[""QD""]","Intrusion Alarms","Alarmes anti-intrusion",Active,Actif,"2023-02-27 22:50:03"
WL5820,"[""QD""]","RADIO AND TELEVISION COMMUNICATIONS EQUIPMENT, EXCEPT AIRBORNE - LEASING","Matériel de communications radio et télévisuel, sauf pour aéronefs - location à bail",Active,Actif,"2023-02-27 22:50:03"
WR5895,"[""QD""]","MISCELLANEOUS COMMUNICATIONS EQUIPMENT - RENTAL","Équipements divers de télécommunications - location",Active,Actif,"2023-02-27 22:50:03"
AA415504,"[""SL""]","Aquaculture (R&D)","Aquaculture (R&D)",Active,Actif,"2023-02-27 22:50:03"
AG214562,"[""SL""]","Ethanol Fuel Technology (R&D)","Technologie des combustibles à l'éthanol (R&D)",Active,Actif,"2023-02-27 22:50:03"
AG414668,"[""SL""]","Wind Energy Systems (R&D)","Systèmes d'énergie éolienne (R&D)",Active,Actif,"2023-02-27 22:50:03"
AG614500,"[""SL""]",Energy,Énergie,Active,Actif,"2023-02-27 22:50:03"
AG214566,"[""SL""]","Gas Pipeline Technology (R&D)","Technologie des pipelines (R&D)",Active,Actif,"2023-02-27 22:50:03"
AG214600,"[""SL""]","Liquefied Natural Gas Fuel Technology (R&D)","Technologie des combustibles à gaz naturel liquéfié (R&D)",Active,Actif,"2023-02-27 22:50:03"
AG914510,"[""SL""]","Boiler Technology (R&D)","Technologie des chaudières (R&D)",Active,Actif,"2023-02-27 22:50:03"
AG914538,"[""SL""]","Cogeneration Technology (R&D)","Technologie de la cogénération (R&D)",Active,Actif,"2023-02-27 22:50:03"
AG914558,"[""SL""]","Energy Efficiency Technology (R&D)","Technologie du rendement énergétique (R&D)",Active,Actif,"2023-02-27 22:50:03"
AP216000,"[""SL""]","Forestry (R&D)","Forêts (R&D)",Active,Actif,"2023-02-27 22:50:03"
AP313076,"[""SL""]","Gravity Surveys","Levés gravimétriques",Active,Actif,"2023-02-27 22:50:03"
AP313000,"[""SL""]","Earth Sciences (R&D)","Sciences de la terre (R&D)",Active,Actif,"2023-02-27 22:50:03"
AV718000,"[""SL""]","Mining and Metallurgy","Mines et Métallurgie",Active,Actif,"2023-02-27 22:50:03"
B102A,"[""SL""]","Soil Studies","Études du sol",Active,Actif,"2023-02-27 22:50:03"
B200B,"[""SL""]","Geological Studies","Études géologiques",Active,Actif,"2023-02-27 22:50:03"
B201A,"[""SL""]","Geophysical Studies","Études géophysiques",Active,Actif,"2023-02-27 22:50:03"
B204A,"[""SL""]","Seismological Studies","Études sismologiques",Active,Actif,"2023-02-27 22:50:03"
B206B,"[""SL""]","Energy Evaluations of Buildings","Évaluations énergétiques de bâtiments",Active,Actif,"2023-02-27 22:50:03"
H300C,"[""ZH""]","Commercial Testing Laboratory Services","Services commerciaux d'essais en laboratoire",Active,Actif,"2023-02-27 22:50:03"
T013D,"[""RH""]","Satellite Data Processing and Related Services","Traitement de données du satellite et services connexes",Active,Actif,"2023-02-27 22:50:03"
F021A,"[""ZH""]","Veterinary Services","Services de vétérinaire",Active,Actif,"2023-02-27 22:50:03"
G009F,"[""ZH""]","Medical/Dental Laboratory Services","Services de laboratoire médical, dentaire",Active,Actif,"2023-02-27 22:50:03"
G101A,"[""ZH""]","Chaplain Services Miscellaneous","Services d'aumônier, divers",Active,Actif,"2023-02-27 22:50:03"
G103B,"[""ZH""]","Social Rehabilitation Services for Prisoners","Services de réhabilitation pour prisonniers",Active,Actif,"2023-02-27 22:50:03"
G199D,"[""ZH""]","Consular Social Assistance Services","Services consulaires d'urgence",Active,Actif,"2023-02-27 22:50:03"
G009D,"[""ZH""]","Health and Allied Services, Not Elsewhere Specified","Services de santé et services connexes, non énumérés ailleurs",Active,Actif,"2023-02-27 22:50:03"
G009E,"[""ZH""]","Medical/Dental Clinic Services","Services de clinique médicale, dentaire",Active,Actif,"2023-02-27 22:50:03"
K115A,"[""ZH""]","Preparation & Disposal of Excess & Surplus Movable Assets","Préparation et aliénation des biens mobiles excédentaires",Active,Actif,"2023-02-27 22:50:03"
M290B,"[""ZH""]","Parking Facilities","Installations de stationnement",Active,Actif,"2023-02-27 22:50:03"
R012A,"[""ZH""]","Patent Services","Services de brevets",Active,Actif,"2023-02-27 22:50:03"
R008A,"[""ZH""]","Technical Engineering and Maintenance Services (TEMS) (Excludes requirements related to armament, R&D and R&O)","Services techniques, d'ingénierie et d'entretien (STIE) (A l'exclusion des besoins en matière d'armement, R&D et E&R)",Active,Actif,"2023-02-27 22:50:03"
R019K,"[""ZH""]","Brokerage Services - Disposal of Aircraft and/or Parts","Services de courtage - élimination d'aéronefs et/ou de pièces",Active,Actif,"2023-02-27 22:50:03"
R019D,"[""ZH""]","Auctioneering Services","Services de vente aux enchères",Active,Actif,"2023-02-27 22:50:03"
R201A,"[""ZH""]","General Office Help","Aide générale de bureau",Active,Actif,"2023-02-27 22:50:03"
U006C,"[""ZH""]","Technical / Vocational Training","Formation professionnelle et technique",Active,Actif,"2023-02-27 22:50:03"
U002C,"[""ZH""]","Vocational and Psychometric Testing","Administration de tests professionnels et psychométriques",Active,Actif,"2023-02-27 22:50:03"
U008P,"[""ZH""]","End-to-End Learning Services (Excludes COTS Training)","Services d'apprentissage de bout en bout (exclut la formation disponible dans le commerce)",Active,Actif,"2023-02-27 22:50:03"
U009E,"[""ZH""]","Informatics Training","Formation en informatique",Active,Actif,"2023-02-27 22:50:03"
U010P,"[""ZH""]","Certification and Accreditation - Emergent Care Training","Certification et accréditation - formation en soins de première urgence",Active,Actif,"2023-02-27 22:50:03"
U010Q,"[""ZH""]","Certification and Accreditation-Medical Training","Certification et accréditation-Formation médicale",Active,Actif,"2023-02-27 22:50:03"
U004A,"[""ZH""]","Management Training","Formation en gestion",Active,Actif,"2023-02-27 22:50:03"
G103C,"[""ZH""]","Halfway House Services for Mental Health Patients","Services offerts par les maisons de transition aux patients atteints de troubles mentaux",Active,Actif,"2023-02-27 22:50:03"
G103D,"[""ZT""]","Mental Health Services","Services de santé mentale",Active,Actif,"2023-02-27 22:50:03"
G009K,"[""ZH""]","Substance Abuse Counselling","Counseling en toxicomanie",Active,Actif,"2023-02-27 22:50:03"
G009L,"[""ZH""]","Physiotherapy Services","Services de physiothérapie",Active,Actif,"2023-02-27 22:50:03"
G009M,"[""ZH""]","Radiology Services","Services de radiologie",Active,Actif,"2023-02-27 22:50:03"
G009KA,"[""ZH""]","Counselling Services","Services d'orientation",Active,Actif,"2023-02-27 22:50:03"
R199HC,"[""ZH""]","Fairness Monitoring Services","Services de surveillance de l'équite",Active,Actif,"2023-02-27 22:50:03"
G009N,"[""ZH""]","Occupational Therapy",Ergothérapie,Active,Actif,"2023-02-27 22:50:03"
D317EA,"[""ZH""]","Training Subscription","Formation par abonnement",Active,Actif,"2023-02-27 22:50:03"
D317EB,"[""ZH""]","Web-Based Training","Formation sur le Web",Active,Actif,"2023-02-27 22:50:03"
U099A,"[""ZH""]","Business Training","Formation commerciale",Active,Actif,"2023-02-27 22:50:03"
N7010120,"[""EJ""]","COMPUTERS, DIGITAL SYSTEMS, MICRO","Ordinateurs numériques, micro",Active,Actif,"2023-02-27 22:50:03"
N7010124,"[""EJ""]","COMPUTERS, DIGITAL SYSTEMS, PERSONAL/PORTABLE (MAY INCLUDE OPERATING SYSTEM SOFTWARE) OTHER THAN IBM COMPATIBLE","Ordinateurs numériques, personnels/portatifs, peuvent comprendre le logiciel d'application, non compatibles avec le matériel IBM -",Active,Actif,"2023-02-27 22:50:03"
N7010126,"[""EJ""]","COMPUTERS, MICRO, LAPTOP","Micro-ordinateurs, portatifs",Active,Actif,"2023-02-27 22:50:03"
N7010127,"[""EJ""]","Palmtop Organizer","Ordinateur de poche",Active,Actif,"2023-02-27 22:50:03"
N7010130,"[""EJ""]","COMPUTERS, DIGITAL SYSTEMS, SPECIAL PURPOSE, INCLUDES ARTIFICIAL INTELLIGENCE, ARRAY, PARALLEL, VECTOR ETC.","Ordinateurs, numériques, spécialisés, comprennent l'intelligence artificielle l'organisation matricielle, le calcul en parallèle et le vecteur, etc.",Active,Actif,"2023-02-27 22:50:03"
N7010132,"[""EJ""]","Computers, Digital Systems, Special, for Persons with Disabilities","Ordinateurs numériques spéciaux, pour personnes handicapées",Active,Actif,"2023-02-27 22:50:03"
N7025108,"[""EJ""]","READERS, IMAGE SCANNER FOR DESK TOP PUBLISHING, ETC.","Lecteurs, lecteurs d'image pour l'édition électronique etc.",Active,Actif,"2023-02-27 22:50:03"
N7025112,"[""EJ""]","READERS, MAGNETIC INK CHARACTER (MICR)","Lecteurs à reconnaissance magnétique de caractère",Active,Actif,"2023-02-27 22:50:03"
N7025,"[""EJ""]","ADP Input-Output and Storage Devices","Dispositifs TAD d'entrée-sortie et de mémoire",Active,Actif,"2023-02-27 22:50:03"
N7025050,"[""EJ""]",DIGITIZERS,"Convertisseur analogique",Active,Actif,"2023-02-27 22:50:03"
N7025060,"[""EJ""]",KEYBOARDS-MICROCOMPUTER,"Claviers, micro-ordinateur",Active,Actif,"2023-02-27 22:50:03"
N7025197,"[""EJ""]","INPUT/OUTPUT DEVICES, MISCELLANEOUS, MILITARIZED, RUGGEDIZED","Périphériques entrée et sortie, divers, usage militaire, renforcés",Active,Actif,"2023-02-27 22:50:03"
N7025115,"[""EJ""]","READERS, BAR CODE (INCLUDES WANDS ETC)","Lecteurs de code barres, comprend baguette etc.",Active,Actif,"2023-02-27 22:50:03"
N7025150,"[""EJ""]","Monitor, CRT or LCD, Microcomputer Etc.","Moniteur, TEC, ou ACL, micro-ordinateur, etc.",Active,Actif,"2023-02-27 22:50:03"
N7025162,"[""EJ""]","VOICE OUTPUT DEVICES","Dispositifs de sortie vocale",Active,Actif,"2023-02-27 22:50:03"
N7025194,"[""EJ""]","Input/output Devices, Miscellaneous, Special, for Persons with Disabilities","Périphériques entrée et sortie, divers, spéciaux pour personnes handicapés",Active,Actif,"2023-02-27 22:50:03"
N7025405,"[""EJ""]","LOCAL AREA NETWORKS, SYSTEMS AND COMPONENTS","Réseaux locaux, systèmes et composants",Active,Actif,"2023-02-27 22:50:03"
N7025501,"[""EJ""]","Readers - RFID","Lecteurs - DIRF",Active,Actif,"2023-02-27 22:50:03"
N7035,"[""EJ""]","ADP Support Equipment","Traitement automatique de l'information, équipement de soutien",Active,Actif,"2023-02-27 22:50:03"
WL7025,"[""EJ""]","ADP INPUT-OUTPUT AND STORAGE DEVICES - LEASING OF EQUIPMENT","Dispositifs TAD d'entrée-sortie et de mémoire - location à bail d'équipement",Active,Actif,"2023-02-27 22:50:03"
WL7025AC,"[""EJ""]","DIGITIZERS - LEASE","Convertisseurs analogiques - location à bail",Active,Actif,"2023-02-27 22:50:03"
WR7010AD,"[""EJ""]","COMPUTERS, DIGITAL SYSTEMS, MICRO - RENTAL","Ordinateurs, numériques, micro - location",Active,Actif,"2023-02-27 22:50:03"
WR7025,"[""EJ""]","ADP INPUT-OUTPUT AND STORAGE DEVICES - RENTAL","Dispositifs TAD d'entrée-sortie et de mémoire - location",Active,Actif,"2023-02-27 22:50:03"
D301B,"[""EW""]","Data Centre Services","Services de centre de données",Active,Actif,"2023-02-27 22:50:03"
D301CD,"[""EW""]","Disaster Recovery Services","Services de récupération suivant les désastres",Active,Actif,"2023-02-27 22:50:03"
D301BBM,"[""EW""]","Facilities Management Services, Large Scale","Services de la gestion des installations, à grande puissance",Active,Actif,"2023-02-27 22:50:03"
D301BBN,"[""EW""]","Facilities Management Services, Local Area Network","Services de la gestion des installations, réseau local",Active,Actif,"2023-02-27 22:50:03"
D301D,"[""EW""]","Facilities Operation and Outsourcing Services","Exploitation des installations et service d'impartition",Active,Actif,"2023-02-27 22:50:03"
JI7010,"[""EW""]","ADPE System Configuration - Installation","Équipement pour le traitement automatique de données, configuration du système - installation",Active,Actif,"2023-02-27 22:50:03"
JI7021,"[""EW""]","ADP Central Processing Unit (CPU, Computer) Digital - Installation","Unité centrale de traitement, UCT, ordinateur, numérique - installation",Active,Actif,"2023-02-27 22:50:03"
JI7025,"[""EW""]","ADP Input - Output and Storage Devices - Installation","Dispositifs TAD d'entrée-sortie et de mémoire - installation",Active,Actif,"2023-02-27 22:50:03"
JX5815,"[""EW""]","Teletype and Facsimile Equipment - Maintenance","Matériel de télétype et de télécopie - entretien",Active,Actif,"2023-02-27 22:50:03"
JX7010,"[""EW""]","Automatic Data Processing Equipment, System Configuration - Repair","Équipement pour le traitement automatique de données, configuration du système - réparation",Active,Actif,"2023-02-27 22:50:03"
JX7010A,"[""EW""]","Computers, Digital Systems, Large Scale (May Include Operating System Software) - Maintenance","Ordinateurs numériques grande puissance, peuvent comprendre le logiciel d'application - entretien",Active,Actif,"2023-02-27 22:50:03"
JX7020,"[""EW""]","ADP Central Processing Unit (CPU, Computer) Analog - Maintenance","Unité centrale de traitement (calculateur), analogique - entretien",Active,Actif,"2023-02-27 22:50:03"
JX7021,"[""EW""]","ADP Central Processing Unit (CPU,Computer) Digital - Maintenance","Unité centrale de traitement, UCT, ordinateur, numérique - entretien",Active,Actif,"2023-02-27 22:50:03"
JX7021A,"[""EW""]","Computer, CPU, Digital - Large Scale - IBM Plug Compatible - Maintenance","UCT d'ordinateurs, numérique, grande puissance, compatible avec le matériel IBM - entretien",Active,Actif,"2023-02-27 22:50:03"
JX7021AD,"[""EW""]","Computers CPU, Digital, Micro - Maintenance","UCT d'ordinateurs, numérique, micro - entretien",Active,Actif,"2023-02-27 22:50:03"
JX7022,"[""EW""]","ADP Central Processing Unit (CPU, Computer) Hybrid - Maintenance","Unité centrale de traitement, calculateur, hybride - entretien",Active,Actif,"2023-02-27 22:50:03"
JX7025,"[""EW""]","ADP Input-Output and Storage Devices - Maintenance","Dispositifs TAD d'entrée-sortie et de mémoire - entretien",Active,Actif,"2023-02-27 22:50:03"
JX7025A,"[""EW""]","Computer Graphics Equipment N.E.S. - Maintenance","Équipement informatique graphique - entretien",Active,Actif,"2023-02-27 22:50:03"
JX7010AA,"[""EW""]","Computers, Digital Systems, Large Scale (May Include Operating Systems Software) other than IBM Plug Compatible - Maintenance","Ordinateurs numériques, grande puissance, peuvent comprendre le logiciel d'application, non compatible avec le matériel IBM - entretien",Active,Actif,"2023-02-27 22:50:03"
JX7010AB,"[""EW""]","Computers, Digital Systems, Mini/Super Micro (May Include Operating System Software) - Maintenance","Ordinateurs numériques, mini/super micro, peuvent comprendre le logiciel d'application - entretien",Active,Actif,"2023-02-27 22:50:03"
JX7010AC,"[""EW""]","Computers, Digital Systems, Mini/Super Micro (May Include Operating System Software) Other Than IBM Plug Compatible - Maintenance","Ordinateurs numériques, mini/super micro mini/super micro, peuvent comprendre le logiciel d'application, non compatibles avec le matériel IBM - entretien",Active,Actif,"2023-02-27 22:50:03"
JX7010AD,"[""EW""]","Computers, Digital Systems, Micro - Repair and Overhaul","Ordinateurs, systèmes numériques, micro - réparation et révision",Active,Actif,"2023-02-27 22:50:03"
JX7010AE,"[""EW""]","Computers, Digital Systems, Personal/Portable (May Include Operating System Software - Maintenance","Ordinateurs numériques, personnels/portatifs, peuvent comprendre le logiciel d'application - entretien",Active,Actif,"2023-02-27 22:50:03"
JX7010AG,"[""EW""]","Computers, Digital Systems, Personal/Portable (May Include Operating System Software) other than IBM Compatible - Maintenance","Ordinateurs numériques, personnels/portatifs, peuvent comprendre le logiciel d'application, non compatibles avec le matériel IBM - ENTRETIEN",Active,Actif,"2023-02-27 22:50:03"
JX7010AH,"[""EW""]","Computers, Digital Systems, Special Purpose, Includes Artificial Intelligence, Array, Parallel, Vector etc. - Maintenance","Ordinateurs numériques, spécialisés, comprennent l'intelligence artificielle, l'organisation matricielle, le calcul en parallèle et le vecteur, etc -entretien",Active,Actif,"2023-02-27 22:50:03"
JX7010B,"[""EW""]","Computers, Digital Turnkey Systems, Large Scale (Includes Application Software) - Maintenance","Ordinateurs numériques, clés en main, grande puissance, y compris le logiciel d'application - entretien",Active,Actif,"2023-02-27 22:50:03"
JX7010BA,"[""EW""]","Computers, Digital Turnkey Systems, Mini/Super Micro (Includes Application Software) - Maintenance","Ordinateurs numériques, clés en main, mini/super, y compris le logiciel d'application - entretien",Active,Actif,"2023-02-27 22:50:03"
JX7010BB,"[""EW""]","Computers, Digital Turnkey Systems, Personal/Portable (Includes Application Software - Maintenance","Ordinateurs numériques, clés en main, personnels/portatifs, y compris le logiciel d'application - entretien",Active,Actif,"2023-02-27 22:50:03"
JX7010C,"[""EW""]","Computers, Miscellaneous Systems, Analog Computer (Including Turnkey) - Maintenance","Ordinateurs divers, analogique y compris, clés en main - entretien",Active,Actif,"2023-02-27 22:50:03"
JX7010CA,"[""EW""]","Computers, Miscellaneous Systems, Hybrid Computer (Including Turnkey) - Maintenance","Ordinateurs divers, hybride y compris, clés en main - entretien",Active,Actif,"2023-02-27 22:50:03"
JX7025BI,"[""EW""]","Readers/Punches - Card - Maintenance","Lecteurs/perforateurs - cartes - entretien",Active,Actif,"2023-02-27 22:50:03"
JX7025BJ,"[""EW""]","Readers/Punches - Paper Tape - Maintenance","Lecteurs/perforateurs - bande de papier - entretien",Active,Actif,"2023-02-27 22:50:03"
JX7025BM,"[""EW""]","Plotters, On Line - Maintenance","Traceurs, en circuit - entretien",Active,Actif,"2023-02-27 22:50:03"
JX7025BO,"[""EW""]","Monitor, CRT, Microcomputer etc. - Maintenance","Moniteur, TEC, micro-ordinateur etc. - entretien",Active,Actif,"2023-02-27 22:50:03"
JX7025BU,"[""EW""]","Input/Output Devices, Miscellaneous, Used, EDP - Maintenance","Périphériques entrée et sortie, divers, usage, informatique - entretien",Active,Actif,"2023-02-27 22:50:03"
JX7025AB,"[""EW""]","Data Acquisition and Collection Equipment, On Line - Maintenance","Acquisition de données et matériel de collecte, en direct - entretien",Active,Actif,"2023-02-27 22:50:03"
JX7025AD,"[""EW""]","Security Devices, Encryption, etc. - Maintenance","Dispositifs de sécurité, chiffrement, etc. - entretien",Active,Actif,"2023-02-27 22:50:03"
JX7025AJ,"[""EW""]","Printers, Page, Laser - Maintenance","Imprimantes page par page, à laser - entretien",Active,Actif,"2023-02-27 22:50:03"
JX7025B,"[""EW""]","Printers, Page, Other (Ion, Electrostatic, etc.) - Maintenance","Imprimantes page par page, autres, ioniques, électrostatiques, etc. - entretien",Active,Actif,"2023-02-27 22:50:03"
JX7025BA,"[""EW""]","Printers, Line (Band, Chain, Drum, Train, etc.) - Maintenance","Imprimantes ligne par ligne, à bande, à chaîne, à tambour, à train, etc. - entretien",Active,Actif,"2023-02-27 22:50:03"
JX7025CA,"[""EW""]","Controller/Processors - Maintenance","Contrôleur et processeur - entretien",Active,Actif,"2023-02-27 22:50:03"
JX7025CC,"[""EW""]","Modems - Maintenance","Modems - entretien",Active,Actif,"2023-02-27 22:50:03"
JX7035AB,"[""EW""]","Interfaces, Special Purpose (for Process Control, Analog etc.) - Maintenance","Interfaces spécialisées, pour conduite de processus, ordinateur analogique, etc. - entretien",Active,Actif,"2023-02-27 22:50:03"
JX7035AC,"[""EW""]","Switching Devices (Data, Modems, Peripherals, Video etc.) - Maintenance","Dispositifs de commutation, données, modems, périphériques, vidéo, etc. - entretien",Active,Actif,"2023-02-27 22:50:03"
JX7042,"[""EW""]","Mini and Micro Computer Control Devices - Repair","Commandes de mini et micro-ordinateurs - réparation",Active,Actif,"2023-02-27 22:50:03"
JX7035AF,"[""EW""]","Converters, A/D and D/A - Maintenance","Convertisseurs, A/N et N/A - entretien",Active,Actif,"2023-02-27 22:50:03"
JX7035AK,"[""EW""]","Performance Monitors, Communication Devices, EDP - Maintenance","Contrôleurs de la performance des appareils d'informatique de communication - entretien",Active,Actif,"2023-02-27 22:50:03"
JX7035AM,"[""EW""]","Plotters (Stand Alone) - Maintenance","Traceurs autonomes - entretien",Active,Actif,"2023-02-27 22:50:03"
JX7435,"[""EW""]","Office Information System Equipment - Maintenance","Matériel de système d'information de bureau - entretien",Active,Actif,"2023-02-27 22:50:03"
JX7490,"[""EW""]","Miscellaneous Office Machines - Repair and Overhaul","Machines de bureau diverses - réparation et révision",Active,Actif,"2023-02-27 22:50:03"
N5805074,"[""EW""]","Digital Data Set","Poste de données numériques",Active,Actif,"2023-02-27 22:50:03"
N5805078,"[""EW""]","Modems Special Purpose/Design","Modems, modèle/conception sur demande",Active,Actif,"2023-02-27 22:50:03"
N5805081,"[""EW""]","Converters, Signals","Convertisseurs, signaux",Active,Actif,"2023-02-27 22:50:03"
N5805083,"[""EW""]","Converters, Special Purpose/Design","Convertisseurs, conception pour buts spéciaux",Active,Actif,"2023-02-27 22:50:03"
N5805091,"[""EW""]","Switching Systems, Manual","Systèmes de commutation, manuels",Active,Actif,"2023-02-27 22:50:03"
N7010,"[""EW""]","Automatic Data Processing Equipment, System Configuration","Équipement de traitement automatique de configuration de système",Active,Actif,"2023-02-27 22:50:03"
N7010102,"[""EW""]","COMPUTERS, DIGITAL SYSTEMS - LARGE SCALE (MAY INCLUDE OPERATING SYSTEM SOFTWARE) IBM PLUG COMPATIBLE","Ordinateurs numériques, grande puissance, peuvent comprendre le logiciel d'application, compatibles avec le matériel IBM",Active,Actif,"2023-02-27 22:50:03"
N7021,"[""EW""]","ADP Central Processing Unit (CPU, Computer) Digital","Unité centrale de traitement, UCT, ordinateur, numérique",Active,Actif,"2023-02-27 22:50:03"
N7021112,"[""EW""]","COMPUTER, CPU, DIGITAL MINI/SUPER MICRO - IBM PLUG COMPATIBLE","UCT d'ordinateur, numérique, mini/super micro, compatible avec le matériel IBM",Active,Actif,"2023-02-27 22:50:03"
N7021114,"[""EW""]","COMPUTER, CPU, DIGITAL MINI/SUPER MICRO - OTHER THAN IBM PLUG COMPATIBLE","UCT d'ordinateur, numérique, mini/super micro, non compatible avec le matériel IBM",Active,Actif,"2023-02-27 22:50:03"
N7021120,"[""EW""]","COMPUTERS CPU, DIGITAL, MICRO","UCT d'ordinateur, numérique, micro",Active,Actif,"2023-02-27 22:50:03"
N7021130,"[""EW""]","COMPUTER, CPU, DIGITAL, SPECIAL PURPOSE, INCLUDES VECTOR, PARALLEL, ARRAY, ETC.","UCT d'ordinateur, numérique, spécialisé, comprend les vecteurs, les tableaux, le traitement en parallèle, etc.",Active,Actif,"2023-02-27 22:50:03"
N7021197,"[""EW""]","COMPUTERS CPU, DIGITAL, INDUSTRIAL, MILITARIZED, RUGGEDIZED","UCT d'ordinateurs, numérique, industriels, à usage militaire, renforcés",Active,Actif,"2023-02-27 22:50:03"
N7022,"[""EW""]","ADP Central Processing Unit (CPU, Computer) Hybrid","Unité centrale de traitement, UCT, ordinateur, hybride",Active,Actif,"2023-02-27 22:50:03"
N7022100,"[""EW""]","COMPUTERS CPU, HYBRID","UCT d'ordinateurs, hybride",Active,Actif,"2023-02-27 22:50:03"
N7010200,"[""EW""]","COMPUTERS, DIGITAL TURNKEY SYSTEMS, LARGE SCALE (INCLUDES APPLICATION SOFTWARE)","Ordinateurs numériques, clés en main de grande puissance, y compris le logiciel d'application",Active,Actif,"2023-02-27 22:50:03"
N7010210,"[""EW""]","COMPUTERS, DIGITAL TURNKEY SYSTEMS, MINI/SUPER MICRO (INCLUDES APPLICATION SOFTWARE)","Ordinateurs numériques, clés en main, mini/super micro, comprend le logiciel d'application",Active,Actif,"2023-02-27 22:50:03"
N7010220,"[""EW""]","COMPUTERS, DIGITAL TURNKEY SYSTEMS, PERSONAL/PORTABLE (INCLUDES APPLICATION SOFTWARE","Ordinateurs numériques, clés en main, personnels/portatifs, y compris le logiciel d'application",Active,Actif,"2023-02-27 22:50:03"
N7010230,"[""EW""]","COMPUTERS, DIGITAL TURNKEY SYSTEMS, SPECIAL APPLICATION","Ordinateurs numériques, clés en main, pour usage spécial",Active,Actif,"2023-02-27 22:50:03"
N7010300,"[""EW""]","COMPUTERS, MISCELLANEOUS SYSTEMS, ANALOG COMPUTER (INCLUDING TURNKEY)","Ordinateurs divers, analogique y compris, clés en main",Active,Actif,"2023-02-27 22:50:03"
N7010310,"[""EW""]","COMPUTERS, MISCELLANEOUS SYSTEMS, HYBRID COMPUTER (INCLUDING TURNKEY)","Ordinateurs divers, hybride y compris, clés en main",Active,Actif,"2023-02-27 22:50:03"
N7010997,"[""EW""]","COMPUTERS AND TURNKEY SYSTEMS, INDUSTRIAL, MILITARIZED, RUGGEDIZED","Ordinateurs et systèmes, industriels, clés en main, à usage militaire, renforces",Active,Actif,"2023-02-27 22:50:03"
N7020,"[""EW""]","ADP Central Processing Unit (CPU, Computer) Analog","Unité centrale de traitement, UCT, ordinateur, analogique",Active,Actif,"2023-02-27 22:50:03"
N7020100,"[""EW""]","Computer CPU, Analog","UCT d'ordinateur, analogique",Active,Actif,"2023-02-27 22:50:03"
N7025200,"[""EW""]",MULTIPLEXERS,Multiplexeurs,Active,Actif,"2023-02-27 22:50:03"
N7025210,"[""EW""]",CONTROLLER/PROCESSORS,"Contrôleur et processeur",Active,Actif,"2023-02-27 22:50:03"
N7025225,"[""EW""]","MODEMS, WIRELESS","Modems, sans fil",Active,Actif,"2023-02-27 22:50:03"
N7025310,"[""EW""]","TERMINALS, DISPLAY, NON-INTELLIGENT","Terminaux à écran visuel, non intelligent",Active,Actif,"2023-02-27 22:50:03"
N7025311,"[""EW""]","TERMINALS, DISPLAY, INTELLIGENT","Terminaux à écran visuel, intelligent",Active,Actif,"2023-02-27 22:50:03"
N7025400,"[""EW""]","ADD ON MEMORIES (INTERNAL/EXTERNAL)","Mémoires additionnelles, interne/externe",Active,Actif,"2023-02-27 22:50:03"
N7025401,"[""EW""]","STORAGE DEVICES, ADD IN MEMORY, EDP","Unités de mémoire, mémoire additionnelle interne, informatique",Active,Actif,"2023-02-27 22:50:03"
N7025410,"[""EW""]","MAGNETIC DISK SUBSYSTEMS AND DRIVES, RIGID (INCLUDES REMOVABLE AND NON-REMOVABLE, CARTRIDGE, ETC.)","Disque magnétique, sous-systèmes et entraînement, rigide, amovible, fixe, avec cartouche, etc. - location à bail",Active,Actif,"2023-02-27 22:50:03"
N7025411,"[""EW""]","MAGNETIC DISK DRIVES, FLEXIBLE (FLOPPY)","Unités de disques magnétiques, souples",Active,Actif,"2023-02-27 22:50:03"
N7025415,"[""EW""]","OPTICAL DISK DRIVES","Unités de disques optiques",Active,Actif,"2023-02-27 22:50:03"
N7025421,"[""EW""]","MAGNETIC TAPE DRIVES CASSETTE AND CARTRIDGE","Systèmes d'entraînement, cassette et cartouche",Active,Actif,"2023-02-27 22:50:03"
N7025430,"[""EW""]","MASS STORAGE SUBSYSTEMS - VERY LARGE","Sous-systèmes de mémoire de très grande capacité",Active,Actif,"2023-02-27 22:50:03"
N7025497,"[""EW""]","STORAGE AND MEMORY DEVICES, MILITARIZED, RUGGEDIZED","Unités de mémoire et mémoire additionnelle, à usage militaire, solidifiées",Active,Actif,"2023-02-27 22:50:03"
D301A,"[""EW""]","Computer and Data Processing Services","Services informatiques et de traitement des données",Active,Actif,"2023-02-27 22:50:03"
WL7010,"[""EW""]","ADPE SYSTEM CONFIGURATION - LEASE","Équipement pour le traitement automatique de données, configuration du système - location à bail",Active,Actif,"2023-02-27 22:50:03"
WL7010AB,"[""EW""]","COMPUTERS, DIGITAL SYSTEMS, MINI/SUPER MICRO (MAY INCLUDE OPERATING SYSTEM SOFTWARE) IBM PLUG COMPATIBLE - LEASE","Ordinateurs numériques, mini/super micro, peuvent comprendre le logiciel d'application, compatibles avec le matériel IBM - location à bail",Active,Actif,"2023-02-27 22:50:03"
WL7010BA,"[""EW""]","COMPUTERS, DIGITAL TURNKEY SYSTEMS, MINI/SUPER MICRO (INCLUDES APPLICATION SOFTWARE) - LEASE","Ordinateurs numériques, clés en main, mini/super micro, y compris le logiciel d'application - location à bail",Active,Actif,"2023-02-27 22:50:03"
WL7010BB,"[""EW""]","COMPUTERS, DIGITAL TURNKEY SYSTEMS, PERSONAL/PORTABLE (INCLUDES APPLICATION SOFTWARE) - LEASE","Ordinateurs numériques, clés en main, personnels/portatifs, y compris le logiciel d'application - location à bail",Active,Actif,"2023-02-27 22:50:03"
WL7020,"[""EW""]","ADP CENTRAL PROCESSING UNIT (CPU, COMPUTER) ANALOG - LEASE","Unité centrale de traitement, calculateur, analogique - location à bail",Active,Actif,"2023-02-27 22:50:03"
WL7021,"[""EW""]","ADP CENTRAL PROCESSING UNIT (CPU,COMPUTER) DIGITAL - LEASE","Unité centrale de traitement, UCT, ordinateur, numérique - location à bail",Active,Actif,"2023-02-27 22:50:03"
WL7021AC,"[""EW""]","COMPUTER, CPU, DIGITAL MINI/SUPER MICRO - OTHER THAN IBM PLUG COMPATIBLE - LEASE","UCT d'ordinateur numérique, mini/super micro, non compatible avec le matériel IBM - location à bail",Active,Actif,"2023-02-27 22:50:03"
WL7025CA,"[""EW""]","CONTROLLER/PROCESSORS - LEASE","Contrôleur et processeur - location à bail",Active,Actif,"2023-02-27 22:50:03"
WL7025DE,"[""EW""]","TERMINALS, DISPLAY, CLUSTER - OTHER THAN IBM PLUG COMPATIBLE - LEASE","Terminaux, écrans, groupes - non compatible avec le matériel IBM - location à bail",Active,Actif,"2023-02-27 22:50:03"
WR7010,"[""EW""]","AUTOMATIC DATA PROCESSING EQUIPMENT, SYSTEM CONFIGURATION-RENTAL","Équipement pour le traitement automatique de données, configuration du système - location",Active,Actif,"2023-02-27 22:50:03"
WR7010DA,"[""EW""]","COMPUTER AND TURNKEY SYSTEM, USED - RENT","Ordinateurs et systèmes, clés en main, usage - location",Active,Actif,"2023-02-27 22:50:03"
WR7020,"[""EW""]","ADP CENTRAL PROCESSING UNIT (CPU,COMPUTER) ANALOG - RENT","Unité centrale de traitement (calculateur), analogique- location",Active,Actif,"2023-02-27 22:50:03"
WR7021,"[""EW""]","ADP CENTRAL PROCESSING UNIT (CPU,COMPUTER) DIGITAL - RENT","Unité centrale de traitement, UCT, ordinateur, numérique - location",Active,Actif,"2023-02-27 22:50:03"
WR7022,"[""EW""]","ADP CENTRAL PROCESSING UNIT (CPU,COMPUTER) HYBRID - RENT","Unité centrale de traitement, calculateur, hybride - location",Active,Actif,"2023-02-27 22:50:03"
C216A,"[""MC""]","Naval Architecture","Architecture navale",Active,Actif,"2023-02-27 22:50:03"
C216AA,"[""MC""]","Naval Architecture - Consulting Services","Architecture navale - services de consultation",Active,Actif,"2023-02-27 22:50:03"
C216AB,"[""MC""]","Naval Architecture - Design Services","Architecture navale - services de dessin",Active,Actif,"2023-02-27 22:50:03"
C216BA,"[""MC""]","Marine Systems and Engineering","Systèmes et mécanique marins",Active,Actif,"2023-02-27 22:50:03"
C216C,"[""MC""]","Marine Architect and Engineering Services","Services d'architecture et d'ingénierie",Active,Actif,"2023-02-27 22:50:03"
H100AA,"[""MC""]","Inspection, Engineering Services, Marine","Inspection des services de mécanique navale",Active,Actif,"2023-02-27 22:50:03"
JX1940AA,"[""MC""]","Boats (Small) and Canoes - Repair and Overhaul","Embarcations, petites et canots - réparation et révision",Active,Actif,"2023-02-27 22:50:03"
JX1940C,"[""MC""]","Boats, Small - Fibreglass - Repair and Overhaul","Bateaux légers, fibre de verre - réparation et révision",Active,Actif,"2023-02-27 22:50:03"
N1905,"[""MC""]","Combat Ships and Landing Vessels","Navires de combat et bateaux de débarquement",Active,Actif,"2023-02-27 22:50:03"
N1905C,"[""MC""]",Submarines,Sous-marins,Active,Actif,"2023-02-27 22:50:03"
N1905D,"[""MC""]","Submersibles, All Purpose","Submersibles, tout usage",Active,Actif,"2023-02-27 22:50:03"
N1905E,"[""MC""]","Vessels, Landing, All Types","Bateaux de débarquement, tous les types",Active,Actif,"2023-02-27 22:50:03"
N1910,"[""MC""]","Transport Vessels, Passenger and Troop","Navires de transport pour passagers et troupe",Active,Actif,"2023-02-27 22:50:03"
N1915,"[""MC""]","Cargo and Tanker Vessels","Cargos et navires-citernes",Active,Actif,"2023-02-27 22:50:03"
N1915C,"[""MC""]","Vessels, Tanker",Navires-citernes,Active,Actif,"2023-02-27 22:50:03"
N1920,"[""MC""]","Fishing Vessels","Bateaux de pêche",Active,Actif,"2023-02-27 22:50:03"
N1925,"[""MC""]","Special Service Vessels","Bateaux de servitude",Active,Actif,"2023-02-27 22:50:03"
N1930,"[""MC""]","Barges and Lighters, Cargo","Chalands, barges et allèges pour le transport de matériel",Active,Actif,"2023-02-27 22:50:03"
N1940G,"[""MC""]","Boats, Small, Aluminum","Bateaux légers, aluminium",Active,Actif,"2023-02-27 22:50:03"
N1945,"[""MC""]","Pontoons and Floating Docks","Pontons et docks flottants",Active,Actif,"2023-02-27 22:50:03"
N1945A,"[""MC""]","Berthing Docks - Floating","Docks d'évitage, flottants",Active,Actif,"2023-02-27 22:50:03"
N1950,"[""MC""]","Floating Drydocks","Cales sèches, flottantes",Active,Actif,"2023-02-27 22:50:03"
N1955,"[""MC""]",Dredges,Dragues,Active,Actif,"2023-02-27 22:50:03"
N1990,"[""MC""]","Vessels, Miscellaneous","Bateaux divers",Active,Actif,"2023-02-27 22:50:03"
N1935,"[""MC""]","Barges and Lighters, Special Purpose","Chalands, barges et allèges spécialisés",Active,Actif,"2023-02-27 22:50:03"
N1935A,"[""MC""]","Barges - Special Purpose","Barges, spécialisées",Active,Actif,"2023-02-27 22:50:03"
N1940,"[""MC""]","Small Craft","Embarcations légères",Active,Actif,"2023-02-27 22:50:03"
N1940A,"[""MC""]",Canoes,Canots,Active,Actif,"2023-02-27 22:50:03"
N1940DA,"[""MC""]","Boats - Inflatable - Rigid Hull","Bateaux pneumatiques, coque rigide",Active,Actif,"2023-02-27 22:50:03"
V101AA,"[""MC""]","Vessel Charter","Affrètement de vaisseau",Active,Actif,"2023-02-27 22:50:03"
WL1945,"[""MC""]","PONTOONS AND FLOATING DOCKS - LEASING","Pontons et docks flottants - location à bail",Active,Actif,"2023-02-27 22:50:03"
WL1990,"[""MC""]","Vessels, Miscellaneous - Leasing","Bateaux divers - location à bail",Active,Actif,"2023-02-27 22:50:03"
WR1920,"[""MC""]","FISHING VESSELS - RENTAL","Bateaux de pêche - location",Active,Actif,"2023-02-27 22:50:03"
WR1940,"[""MC""]","SMALL CRAFT - RENTAL","Embarcations légères - location",Active,Actif,"2023-02-27 22:50:03"
WL1940,"[""MC""]","SMALL CRAFT - LEASING","Embarcations légères - location à bail",Active,Actif,"2023-02-27 22:50:03"
V501A,"[""MC""]","Towing and Tugboat Services","Services de remorquage et de bateaux-remorqueurs",Active,Actif,"2023-02-27 22:50:03"
AC217760,"[""SV""]","Missile Technology (R&D)","Technologie des missiles (R&D)",Active,Actif,"2023-02-27 22:50:03"
AC517728,"[""SV""]","Conventional Military Weapons/Equipment (R&D)","Armes et équipement militaires conventionnels (R&D)",Active,Actif,"2023-02-27 22:50:03"
AC517748,"[""SV""]","Military Target Ranges/Systems (R&D)","Gammes et systèmes d'objectifs militaires (R&D)",Active,Actif,"2023-02-27 22:50:03"
AC617732,"[""SV""]","Electronic Military Countermeasures (Research)","Contre-mesures militaires - électronique (Recherche)",Active,Actif,"2023-02-27 22:50:03"
AC617736,"[""SV""]","Military Communications (Research)","Communications militaires (Recherche)",Active,Actif,"2023-02-27 22:50:03"
AC617768,"[""SV""]","Radar Defence Systems (R&D)","Systèmes de défense radar (R&D)",Active,Actif,"2023-02-27 22:50:03"
AD217740,"[""SV""]","Military Logistics (Research)","Logistique militaire (Recherche)",Active,Actif,"2023-02-27 22:50:03"
AD917700,"[""SV""]","Military (R&D)","Domaine militaire (R&D)",Active,Actif,"2023-02-27 22:50:03"
AD917712,"[""SV""]","Biological Defence Technology (R&D)","Technologie de la défense biologique (R&D)",Active,Actif,"2023-02-27 22:50:03"
AD917716,"[""SV""]","Camouflage (R&D)","Camouflage (R&D)",Active,Actif,"2023-02-27 22:50:03"
AD917720,"[""SV""]","Chemical Defence Technology (R&D)","Technologie de la défense chimique (R&D)",Active,Actif,"2023-02-27 22:50:03"
AD917724,"[""SV""]","Combat Stress Effects (R&D)","Effets du stress de combat (R&D)",Active,Actif,"2023-02-27 22:50:03"
AJ110724,"[""SV""]","Biochemistry (R&D)","Biochimie (R&D)",Active,Actif,"2023-02-27 22:50:03"
AJ111140,"[""SV""]","Trace Element Chemistry (R&D)","Chimie des éléments marqueurs (R&D)",Active,Actif,"2023-02-27 22:50:03"
AJ119004,"[""SV""]","Acoustical Analysis/Technology (R&D)","Analyse et technologie de l'acoustique (R&D)",Active,Actif,"2023-02-27 22:50:03"
AJ119084,"[""SV""]","Radiometric Technology (R&D)","Technologie radiométrique (R&D)",Active,Actif,"2023-02-27 22:50:03"
AJ119036,"[""SV""]","Electro-Optics Technology (R&D)","Technologie électro-optique (R&D)",Active,Actif,"2023-02-27 22:50:03"
AJ119040,"[""SV""]","Electromagnetic Technology (R&D)","Technologie électromagnétique (R&D)",Active,Actif,"2023-02-27 22:50:03"
AJ119064,"[""SV""]","Laser Technology (R&D)","Technologie du laser (R&D)",Active,Actif,"2023-02-27 22:50:03"
AJ212512,"[""SV""]","Communications Network Hardware (R&D)","Matériel de réseau de communication (R&D)",Active,Actif,"2023-02-27 22:50:03"
AJ212516,"[""SV""]","Communications Network Software (R&D)","Logiciel du réseau de communication (R&D)",Active,Actif,"2023-02-27 22:50:03"
AJ212540,"[""SV""]","Expert Systems Development (R&D)","Élaboration de systèmes experts (R&D)",Active,Actif,"2023-02-27 22:50:03"
AJ212552,"[""SV""]","Image Enhancement Analysis Technology (R&D)","Technologie d'analyse de l'amélioration de l'image (R&D)",Active,Actif,"2023-02-27 22:50:03"
AJ212568,"[""SV""]","Pattern/Optical Recognition Technology (R&D)","Technologie de reconnaissance des formes et de reconnaissance optique (R&D)",Active,Actif,"2023-02-27 22:50:03"
AJ412048,"[""SV""]","Mobile Radio Technology (R&D)","Technologie des émetteurs-récepteurs mobiles (R&D)",Active,Actif,"2023-02-27 22:50:03"
AJ412008,"[""SV""]","Antenna Technology (R&D)","Technologie des antennes (R&D)",Active,Actif,"2023-02-27 22:50:03"
AJ412100,"[""SV""]","Ultra Violet (UV) Technology (R&D)","Technologie de l'ultra-violet (UV) (R&D)",Active,Actif,"2023-02-27 22:50:03"
AK117000,"[""SV""]","Materials/Products (R&D)","Matériaux et produits (R&D)",Active,Actif,"2023-02-27 22:50:03"
AP518588,"[""SV""]","Sonar Technology (R&D)","Technologie du sonar (R&D)",Active,Actif,"2023-02-27 22:50:03"
AS219528,"[""SV""]","All Terrain Vehicles (R&D)","Véhicules tout-terrain (R&D)",Active,Actif,"2023-02-27 22:50:03"
AS219652,"[""SV""]","Vehicle Performance Measurement (Research)","Mesure des performances des véhicules (Recherche)",Active,Actif,"2023-02-27 22:50:03"
AR210440,"[""SV""]","Rocket Payload Instrumentation (R&D)","Instruments pour déterminer la charge utile d'une fusée (R&D)",Active,Actif,"2023-02-27 22:50:03"
AT319560,"[""SV""]","Integrated Navigation Systems (R&D)","Systèmes intégrés de navigation (R&D)",Active,Actif,"2023-02-27 22:50:03"
AS419584,"[""SV""]","Marine Vessel Propulsion (Research)","Propulsion des navires maritimes (recherche)",Active,Actif,"2023-02-27 22:50:03"
AS419632,"[""SV""]","Shipboard Electronics (R&D)","Électronique à bord des navires (R&D)",Active,Actif,"2023-02-27 22:50:03"
AZ110111,"[""SV""]","Scientific Data Collection - Field (R&D)","Collecte de données scientifiques sur les lieux (R&D)",Active,Actif,"2023-02-27 22:50:03"
AZ110112,"[""SV""]","Scientific Data Collection - Other Than Field (R&D)","Collecte de données scientifiques ailleurs que les lieux (R&D)",Active,Actif,"2023-02-27 22:50:03"
AZ110114,"[""SV""]","Real Time Analysis: Science and Technology Related (R&D)","Analyse en temps réel - science et technologie (R&D)",Active,Actif,"2023-02-27 22:50:03"
AZ110136,"[""SV""]","Measuring Instruments-Design, Development, Modification: Science and Technology Related (R&D)","Instrument de mesure, conception, mise au point, modification, science et technologie (R&D)",Active,Actif,"2023-02-27 22:50:03"
AZ110140,"[""SV""]","Product/Material - Design, Development, Formulation, Modification: Science and Technology Related (R&D)","Produits, Matériaux - conception, mise au point, élaboration: Domaine de la Science et de la Technologie (R&D)",Active,Actif,"2023-02-27 22:50:03"
AZ110172,"[""SV""]","Forecasting Models: Science and Technology Related (R&D)","Modèles de prévision - science et technologie (R&D)",Active,Actif,"2023-02-27 22:50:03"
AZ110174,"[""SV""]","Mathematical Models/Algorithms: Science and Technology Related (R&D)","Modèles mathématiques/algorithmes - science et technologie (R&D)",Active,Actif,"2023-02-27 22:50:03"
AZ110176,"[""SV""]","Process Simulation Models: Science and Technology Related (R&D)","Modèles de simulation du déroulement - science et technologie (R&D)",Active,Actif,"2023-02-27 22:50:03"
AZ110178,"[""SV""]","Functional Simulation Modelling : Science and Technology Related (R&D)","Modèles de simulation fonctionnelle - science et technologie (R&D)",Active,Actif,"2023-02-27 22:50:03"
AZ110252,"[""SV""]","System Requirements Definition: Science and Technology Related (R&D)","Définition des exigences de systèmes - science et technologie (R&D)",Active,Actif,"2023-02-27 22:50:03"
AZ110254,"[""SV""]","System Design, Development and Testing: Science and Technology Related (R&D)","Conception, mise au point et essai de systèmes - science et technologie (R&D)",Active,Actif,"2023-02-27 22:50:03"
B000A,"[""SV""]","Chemical/Biological Studies and Analyses, Military","Études et analyses chimiques et biologiques, secteur militaire",Active,Actif,"2023-02-27 22:50:03"
AZ110210,"[""SV""]","Research Project Management Services (R&D)","Services de gestion de projet de recherche (R&D)",Active,Actif,"2023-02-27 22:50:03"
N6505,"[""PH""]","Drugs and Biologicals","Produits pharmaceutiques et biologiques",Active,Actif,"2023-02-27 22:50:03"
N6505088,"[""PH""]","BCG Vaccine (Freeze-Dried)","Vaccin BCG (cryodesséché)",Active,Actif,"2023-02-27 22:50:03"
N6505552,"[""PH""]","PANCREATIN BILE SALTS AND HEMICELLULOSE TABLETS","Pancréatine, sels de bile et hemicellulose, comprimés",Active,Actif,"2023-02-27 22:50:03"
N6505CP,"[""PH""]","FOOT POWDER","Poudre pour les pieds",Active,Actif,"2023-02-27 22:50:03"
E108F,"[""EDM""]","Northern Contaminated Site Environmental Clean-up Work/Services","Services de dépollution environnementale des sites contaminés du Nord",Active,Actif,"2023-02-27 22:50:03"
C219AB,"[""QF""]","Technical Investigation and Engineering Services - Acoustic and Underwater Systems (Hardware/Software)","Recherches et appui techniques systèmes acoustiques et sous-marins (matériel/logiciel)",Active,Actif,"2023-02-27 22:50:03"
JD6605,"[""QF""]","NAVIGATIONAL INSTRUMENTS - PRODUCTION DESIGN","Instruments de navigation - dessin de production",Active,Actif,"2023-02-27 22:50:03"
JD5826,"[""QF""]","RADIO NAVIGATION EQUIPMENT, (AIRBORNE) - PRODUCTION DESIGN","Équipement de radionavigation pour aéronefs - dessin de production",Active,Actif,"2023-02-27 22:50:03"
JD5831,"[""QF""]","INTERCOMMUNICATION AND PUBLIC ADDRESS SYSTEMS, AIRBORNE - PRODUCTION DESIGN","Systèmes d'intercommunication et de diffusion pour aéronefs - dessin de production",Active,Actif,"2023-02-27 22:50:03"
JD5840A,"[""QF""]","RADAR EQUIPMENT, EXCEPT AIRBORNE, PRODUCTION DESIGN","Équipement radar, sauf aéronefs - modèle de production",Active,Actif,"2023-02-27 22:50:03"
JI5826,"[""QF""]","Radio Navigation Equipment, (Airborne) - Installation","Équipements de radionavigation pour aéronefs - installation",Active,Actif,"2023-02-27 22:50:03"
JI5840,"[""QF""]","Radar Equipment, Except Airborne - Installation","Équipement de radar, sauf pour aéronefs - installation",Active,Actif,"2023-02-27 22:50:03"
JX1220,"[""QF""]","Fire Control Computing Sights and Devices - Repair","Appareils de visée et calculateurs de conduite de tir - réparation",Active,Actif,"2023-02-27 22:50:03"
JX1230,"[""QF""]","Fire Control Systems - Repair","Systèmes de conduite de tir - réparation",Active,Actif,"2023-02-27 22:50:03"
JX1240,"[""QF""]","Optical Sighting and Ranging Equipment - Repair","Instruments optiques de visée et de télémétrie - réparation",Active,Actif,"2023-02-27 22:50:03"
JX1250,"[""QF""]","Fire Control Stabilizing Mechanisms - Repair","Mécanismes stabilisateurs pour la conduite de tir - réparation",Active,Actif,"2023-02-27 22:50:03"
JX1265,"[""QF""]","Fire Control Transmitting and Receiving Equipment (Except Airborne) - Repair","Équipement d'émission et de réception pour la conduite de tir, sauf pour aéronefs - réparation",Active,Actif,"2023-02-27 22:50:03"
JX1285,"[""QF""]","Fire Control Radar Equipment, Except Airborne - Repair","Équipement radar pour la conduite de tir, sauf pour aéronefs - réparation",Active,Actif,"2023-02-27 22:50:03"
JX2050,"[""QF""]","Buoys - Repair","Bouées - réparation",Active,Actif,"2023-02-27 22:50:03"
JX5826,"[""QF""]","Radio Navigation Equipment, Airborne - Repair and Overhaul","Équipement de radionavigation, pour aéronef - réparation et révision",Active,Actif,"2023-02-27 22:50:03"
JX5831,"[""QF""]","Intercommunication and Public Address Systems, Airborne - Repair and Overhaul","Système d'intercommunication et installation de sonorisation, pour aéronef - réparation et révision",Active,Actif,"2023-02-27 22:50:03"
JX5845A,"[""QF""]","Echo Sounders, Sonar Systems other than ASW","Sondeurs à écho, systèmes sonar, autre que ASW",Active,Actif,"2023-02-27 22:50:03"
JX5855,"[""QF""]","Night Vision Equipment, Emitted and Reflected Radiation - Repair","Équipements de vision de nuit, par rayonnement émis ou réfléchi - réparation",Active,Actif,"2023-02-27 22:50:03"
JX5860,"[""QF""]","Stimulated Coherent Radiation Devices, Components and Accessories - Repair","Équipements à rayonnement cohérent, composants et accessoires - réparation",Active,Actif,"2023-02-27 22:50:03"
JX6340,"[""QF""]","Aircraft Alarm and Signal Systems (Civilian) - Repair","Systèmes d'alarme et de signalisation d'aéronef (civile) - réparation",Active,Actif,"2023-02-27 22:50:03"
JX6610,"[""QF""]","Flight Instruments (Civilian) - Repair","Instruments de vol (civile) - réparation",Active,Actif,"2023-02-27 22:50:03"
N1220,"[""QF""]","Fire Control Computing Sights and Devices","Appareils de visées et calculateurs de conduite de tir",Active,Actif,"2023-02-27 22:50:03"
N1240C,"[""QF""]","Telescopes and Cases, Fire Control","Télescopes et étuis, conduite de tir",Active,Actif,"2023-02-27 22:50:03"
N1240D,"[""QF""]","Sights, Optical, Fire Control","Appareils de visée, optiques, conduite de tir",Active,Actif,"2023-02-27 22:50:03"
N1240DB,"[""QF""]","Sights, Optical, Fire Control - Small Arms","Appareils de visée, optiques, conduite de tir, armes portatives",Active,Actif,"2023-02-27 22:50:03"
N1240DD,"[""QF""]","Sights, Optical, Fire Control, N.E.S.","Appareils de visée, conduite de tir, N.E.A.",Active,Actif,"2023-02-27 22:50:03"
N1240E,"[""QF""]","Optical Sighting and Ranging Equipment, Electrical and Electronic","Instruments optiques de visée et de télémétrie, électriques et électroniques",Active,Actif,"2023-02-27 22:50:03"
N1250,"[""QF""]","Fire Control Stabilizing Mechanisms","Mécanismes stabilisateurs pour la conduite de tir",Active,Actif,"2023-02-27 22:50:03"
N1260,"[""QF""]","Fire Control Designating and Indicating Equipment","Équipement de désignation et d'indication de conduite de tir",Active,Actif,"2023-02-27 22:50:03"
N1230,"[""QF""]","Fire Control Systems, Complete","Systèmes de conduite de tir, complets",Active,Actif,"2023-02-27 22:50:03"
N1230999,"[""QF""]","Fire Control Systems, Complete, Electrical and Electronic Components and Spares, Marine and Non-Specific Components","Systèmes de conduite de tir, complets, composants et rechanges électriques et électroniques, marine et composants non spécifiques",Active,Actif,"2023-02-27 22:50:03"
N1230AA,"[""QF""]","Fire Control Systems, Complete, Except Electrical and Electronic, Marine and Non-Specific Components","Systèmes de conduite de tir, complets, sauf électriques et électroniques, marine et composants non spécifiques",Active,Actif,"2023-02-27 22:50:03"
N1240,"[""QF""]","Optical Sighting and Ranging Equipment","Instruments optiques de visée et de télémétrie",Active,Actif,"2023-02-27 22:50:03"
N1240AA,"[""QF""]","Binoculars and Cases, Fire Control, Marine and Non-Specific Components","Jumelles et étuis, conduite de tir, marine et composants non spécifiques",Active,Actif,"2023-02-27 22:50:03"
N1240AB,"[""QF""]","Binoculars and Cases, Fire Control, Except Marine and Non-Specific Components","Jumelles et étuis, conduite de tir, sauf marine et composants non spécifiques",Active,Actif,"2023-02-27 22:50:03"
N1240BA,"[""QF""]","Periscopes, Fire Control, Marine and Non-Specific Components","Périscopes, conduite de tir, marine et composants non spécifiques",Active,Actif,"2023-02-27 22:50:03"
N1287,"[""QF""]","Fire Control Sonar Equipment","Équipement sonar pour conduite de tir",Active,Actif,"2023-02-27 22:50:03"
N1287203,"[""QF""]","Fire Control Sonar Equipment-Submarine Borne","Équipement sonar pour conduite de tir, à bord de sous-marins",Active,Actif,"2023-02-27 22:50:03"
N1265,"[""QF""]","Fire Control Transmitting and Receiving Equipment (Except Airborne)","Équipement d'émission et de réception pour la conduite de tir, sauf pour aéronefs",Active,Actif,"2023-02-27 22:50:03"
N1280,"[""QF""]","Aircraft Bombing Fire Control Components","Éléments de conduite de tir pour le bombardement aérien",Active,Actif,"2023-02-27 22:50:03"
N1285,"[""QF""]","Fire Control Radar Equipment, Except Airborne","Équipement radar pour la conduite de tir, sauf pour aéronefs",Active,Actif,"2023-02-27 22:50:03"
N1352,"[""QF""]","Underwater Mine Disposal Inert Devices","Dispositifs inertes pour déminage sous-marin",Active,Actif,"2023-02-27 22:50:03"
N1425,"[""QF""]","Guided Missile Systems, Complete","Systèmes de missiles complets",Active,Actif,"2023-02-27 22:50:03"
N1425AB,"[""QF""]","Guided Missile Systems (Marine)","Systèmes de missiles, marins",Active,Actif,"2023-02-27 22:50:03"
N1810201,"[""QF""]","Satellites, Payloads","Satellites, charges marchandises",Active,Actif,"2023-02-27 22:50:03"
N1810203,"[""QF""]","Satellite Control Systems","Systèmes de commandes des satellites",Active,Actif,"2023-02-27 22:50:03"
N2050,"[""QF""]",Buoys,Bouées,Active,Actif,"2023-02-27 22:50:03"
N2050A,"[""QF""]","Buoys, All Types Except Plastic","Bouées, tous les types, sauf en plastique",Active,Actif,"2023-02-27 22:50:03"
N2050B,"[""QF""]","Sinkers and Buoy Balls","Plombs de sonde et ballons de bouées",Active,Actif,"2023-02-27 22:50:03"
N2050C,"[""QF""]","Buoys, Plastic","Bouées, en plastique",Active,Actif,"2023-02-27 22:50:03"
N2050D,"[""QF""]","Buoys, Data Acquisition","Bouées, acquisition de données",Active,Actif,"2023-02-27 22:50:03"
N5825,"[""QF""]","Radio Navigation Equipment, Except Airborne","Équipement de radionavigation, sauf aéronefs",Active,Actif,"2023-02-27 22:50:03"
N5825010,"[""QF""]","Beacons, Radio Navigation Equipment (Except Airborne)","Radiophares, équipement de radionavigation, sauf aéronefs",Active,Actif,"2023-02-27 22:50:03"
N5825015,"[""QF""]","Global Positioning System, Navigation Equipment (Except Airborne)","Systèmes de positionnement global, équipement de radionavigation, sauf aéronefs",Active,Actif,"2023-02-27 22:50:03"
N5825100,"[""QF""]","Direction Finding Equipment","Équipement de goniométrie",Active,Actif,"2023-02-27 22:50:03"
N5825110,"[""QF""]","Satellite Navigation Equipment (Except Airborne)","Équipement de navigation pour satellite, sauf aéronefs",Active,Actif,"2023-02-27 22:50:03"
N5821201,"[""QF""]","Voice Communications Equipment, Airborne","Équipement de télécommunications orales, pour aéronefs",Active,Actif,"2023-02-27 22:50:03"
N5821202,"[""QF""]","Radio and Television Communications Data and Telemetry Equipment, Airborne","Équipements de radiocommunication, de télévision et de télémétrie, pour aéronefs",Active,Actif,"2023-02-27 22:50:03"
N5825999,"[""QF""]","Radio Navigation Equipment Except Airborne, Electrical and Electronic Components and Spares","Équipement de radio navigation, sauf pour aéronefs, composants et pièces de rechange électriques et électroniques",Active,Actif,"2023-02-27 22:50:03"
N5826,"[""QF""]","Radio Navigation Equipment, Airborne","Équipements de radionavigation pour aéronefs",Active,Actif,"2023-02-27 22:50:03"
N5826205,"[""QF""]","Inertial Navigation Equipment (Airborne)","Équipement de navigation par inertie, pour aéronefs",Active,Actif,"2023-02-27 22:50:03"
N5826207,"[""QF""]","Satellite Navigation Equipment (Airborne)","Équipement de navigation par satellite, pour aéronefs",Active,Actif,"2023-02-27 22:50:03"
N5826208,"[""QF""]","Transponders Navigation Equipment (Airborne)","Équipement de navigation par transpondeurs, pour aéronefs",Active,Actif,"2023-02-27 22:50:03"
N5826212,"[""QF""]","Global Positioning Systems (Airborne)","Systèmes mondiaux de localisation pour aéronefs",Active,Actif,"2023-02-27 22:50:03"
N5826999,"[""QF""]","Radio Navigation Equipment Airborne Electrical and Electronic Components and Spares","Équipement de radionavigation, pour aéronefs, composants et rechanges électriques et électroniques",Active,Actif,"2023-02-27 22:50:03"
N5831,"[""QF""]","Intercommunication and Public Address Systems, Airborne","Systèmes d'intercommunication et de diffusion pour aéronefs",Active,Actif,"2023-02-27 22:50:03"
N5831999,"[""QF""]","Intercommunication and Public Address Systems Airborne Electrical and Electronic Components","Systèmes d'intercommunication et de diffusion, pour aéronefs, composants et rechanges électriques et électroniques",Active,Actif,"2023-02-27 22:50:03"
N5840,"[""QF""]","Radar Equipment, Except Airborne","Équipement de radar, sauf aéronefs",Active,Actif,"2023-02-27 22:50:03"
N5840202,"[""QF""]","Weather Radar Equipment, Except Airborne","Équipement radar météorologique, sauf aéronefs",Active,Actif,"2023-02-27 22:50:03"
N5840203,"[""QF""]","Speed Law Enforcement Radar Equipment","Equipement radar pour exécution de la loi sur la vitesse",Active,Actif,"2023-02-27 22:50:03"
N5840205,"[""QF""]","Marine Radar Equipment","Équipement radar marin",Active,Actif,"2023-02-27 22:50:03"
N5840206,"[""QF""]","Beacon, Secondary Surveillance Radar (SSR) Radar Equipment, Except Airborne","Balise, radar de veille secondaire (RVS) équipement radar, sauf aéronefs",Active,Actif,"2023-02-27 22:50:03"
N5845205,"[""QF""]","Transducers, Hydrophones","Transducteurs, hydrophobes",Active,Actif,"2023-02-27 22:50:03"
N5845206,"[""QF""]","Cable, Electric/Mechanical, Underwater Sound Equipment","Câbles, électriques, mécaniques, équipement de détection sous-marine",Active,Actif,"2023-02-27 22:50:03"
N5845207,"[""QF""]","Underwater Sound Equipment, Miscellaneous","Équipement de détection sous-marine, divers",Active,Actif,"2023-02-27 22:50:03"
N5845209,"[""QF""]","Pingers, Underwater Equipment","Émetteurs d'ultrasons, équipement sous-marin",Active,Actif,"2023-02-27 22:50:03"
N5845210,"[""QF""]","Sonar Systems, ASW (Except Airborne)","Système sonar GASM, sauf aéronefs",Active,Actif,"2023-02-27 22:50:03"
N5845211,"[""QF""]","Underwater Sound Equipment, Mine and Torpedo Detection","Équipement de détection sous-marine, mine et torpille",Active,Actif,"2023-02-27 22:50:03"
N5845212,"[""QF""]","Acoustic Data Processing System","Système de traitement des données acoustiques",Active,Actif,"2023-02-27 22:50:03"
N5845213,"[""QF""]","Magnetic Anomaly Detection Equipment (MAD)","Matériel de détection d'anomalies magnétiques",Active,Actif,"2023-02-27 22:50:03"
N5845214,"[""QF""]","Echo Sounder Equipment","Matériel d'échosondeur",Active,Actif,"2023-02-27 22:50:03"
N5845999,"[""QF""]","Underwater Sound Equipment Electrical and Electronic Components and Spares","Équipement de détection sous-marine, composants et rechanges électriques et électroniques",Active,Actif,"2023-02-27 22:50:03"
N5850,"[""QF""]","Visible and Invisible Light Communication Equipment","Équipements de transmissions par ondes électromagnétiques visibles et invisibles",Active,Actif,"2023-02-27 22:50:03"
N5850010,"[""QF""]","Infra-Red Communications Systems","Systèmes de transmissions infrarouges",Active,Actif,"2023-02-27 22:50:03"
N5850020,"[""QF""]","Fibre Optics Communications","Transmissions, optique à filament",Active,Actif,"2023-02-27 22:50:03"
N5840207,"[""QF""]","Precision Tracking Radar (PTR) Radar Equipment, Except Airborne","Radar a dépistage de précision (RDP) équipement radar, sauf aéronefs",Active,Actif,"2023-02-27 22:50:03"
N5840208,"[""QF""]","Remote Monitoring and Control Systems, Radar Equipment, Except Airborne","Systèmes de surveillance et de contrôle à distance, équipement radar, sauf aéronefs",Active,Actif,"2023-02-27 22:50:03"
N5840209,"[""QF""]","Stand-Off Electronic Location/Identification System, Radar Equipment, Except Airborne","Système d'identification/localisation électronique à montage vertical, équipement radar, sauf aéronefs",Active,Actif,"2023-02-27 22:50:03"
N5840999,"[""QF""]","Radar Equipment Except Airborne Electronic and Electrical Components and Spares","Équipement radar, sauf aéronefs, composants et rechanges électriques et électroniques",Active,Actif,"2023-02-27 22:50:03"
N5841201,"[""QF""]","Weather, Mapping Radar Equipment, (Airborne)","Équipement radar météorologique et cartographique, pour aéronefs",Active,Actif,"2023-02-27 22:50:03"
N5841204,"[""QF""]","Altimeter Radar Equipment (Airborne)","Équipement radar d'altimétrie, pour aéronefs",Active,Actif,"2023-02-27 22:50:03"
N5845,"[""QF""]","Underwater Sound Equipment","Équipement de détection sous-marine",Active,Actif,"2023-02-27 22:50:03"
N5845010,"[""QF""]","Underwater Communications Systems","Équipement de communication sous-marine",Active,Actif,"2023-02-27 22:50:03"
N5845201,"[""QF""]","Sonar Systems, ASW","Systèmes sonar, GASM",Active,Actif,"2023-02-27 22:50:03"
N5845202,"[""QF""]","Sonar Systems Other Than ASW","Systèmes sonar, autres que GASM",Active,Actif,"2023-02-27 22:50:03"
N5845203,"[""QF""]",Sonobuoys,"Bouées acoustiques",Active,Actif,"2023-02-27 22:50:03"
N5845204,"[""QF""]","Underwater Sound Equipment, Fairings, Towed Bodies","Équipement de détection sous-marine, carénages, corps remorqués",Active,Actif,"2023-02-27 22:50:03"
N5855,"[""QF""]","Night Vision Equipment, Emitted and Reflected Radiation","Équipements de vision de nuit, par rayonnement émis ou réfléchi",Active,Actif,"2023-02-27 22:50:03"
N5855201,"[""QF""]","Image Intensifiers, Night Vision","Intensificateurs d'image, vision de nuit",Active,Actif,"2023-02-27 22:50:03"
N5855202,"[""QF""]","Infra Red Equipment, Night Vision","Équipement infrarouge, vision de nuit",Active,Actif,"2023-02-27 22:50:03"
N5855999,"[""QF""]","Night Vision Equipment Emitted and Relected Radiation Electrical and Electronic Components and Spares","Équipement de vision de nuit, par rayonnement émis ou réfléchi composants et rechanges électriques et électroniques",Active,Actif,"2023-02-27 22:50:03"
N5860,"[""QF""]","Stimulated Coherent Radiation Devices, Components and Accessories","Équipements à rayonnement cohérent, composants et accessoires",Active,Actif,"2023-02-27 22:50:03"
N5985260,"[""QF""]","Masts, Communications (non marine)","Mâts de communications (non maritimes)",Active,Actif,"2023-02-27 22:50:03"
N6605993,"[""QF""]","COMPASS, MAGNETIC, UNMOUNTED, WRIST TYPE","Boussole portative, genre bracelet",Active,Actif,"2023-02-27 22:50:03"
N6605999,"[""QF""]","NAVIGATIONAL INSTRUMENTS MISCELLANEOUS SPARES","Instruments de navigation divers, de rechange",Active,Actif,"2023-02-27 22:50:03"
N6605,"[""QF""]","Navigational Instruments","Instruments de navigation",Active,Actif,"2023-02-27 22:50:03"
N6605201,"[""QF""]","NAVIGATIONAL INSTRUMENTS, AIRBORNE","Instruments de navigation, pour aéronefs",Active,Actif,"2023-02-27 22:50:03"
N6910,"[""QF""]","Training Aids","Accessoires d'instruction",Active,Actif,"2023-02-27 22:50:03"
N6930,"[""QF""]","Operation Training Devices","Appareils d'instruction opérationnels",Active,Actif,"2023-02-27 22:50:03"
N6930100,"[""QF""]","OPERATION TRAINING DEVICES, ELECTRONIC, SIMULATORS, FLIGHT AND TACTICS","Appareils d'instruction et d'entraînement opérationnels électroniques, simulateurs, vol et tactiques",Active,Actif,"2023-02-27 22:50:03"
N6930101,"[""QF""]","OPERATION TRAINING DEVICES, ELECTRONIC, SIMULATORS, MARINE","Appareils d'instruction et d'entraînement opérationnels, électroniques, simulateurs, marine",Active,Actif,"2023-02-27 22:50:03"
N6930AE,"[""QF""]","TRAINERS, DITCHING, AIRCRAFT","Appareils d'instruction, amerrissage forcé, aéronef",Active,Actif,"2023-02-27 22:50:03"
N6940,"[""QF""]","Communication Training Devices","Appareils d'instruction et d'entraînement concernant les transmissions",Active,Actif,"2023-02-27 22:50:03"
N6910FGE,"[""QF""]","Models, Scale, Architectural and Engineering","Maquettes, à l'échelles, architecture et d'ingénierie",Active,Actif,"2023-02-27 22:50:03"
N5996,"[""QF""]",Amplifiers,Amplificateurs,Active,Actif,"2023-02-27 22:50:03"
N5996A,"[""QF""]","Amplifiers, Radio Frequency","Amplificateurs, radiofréquence",Active,Actif,"2023-02-27 22:50:03"
N1353,"[""QF""]","Underwater Mine Disposal Explosive Devices","Dispositifs explosifs pour déminage sous-marin",Active,Actif,"2023-02-27 22:50:03"
U008G,"[""QF""]","Conduct Training for Instructors Courses","Cours sur l'exécution de la formation, pour instructeurs",Active,Actif,"2023-02-27 22:50:03"
U009A,"[""QF""]","EDP Training","Formation informatique",Active,Actif,"2023-02-27 22:50:03"
U099BB,"[""QF""]","Driver Training","Formation de chauffeur",Active,Actif,"2023-02-27 22:50:03"
WL5825,"[""QF""]","RADIO NAVIGATION EQUIPMENT, EXCEPT AIRBORNE - LEASING","Équipement de radionavigation, sauf aéronefs - location à bail",Active,Actif,"2023-02-27 22:50:03"
WL5850,"[""QF""]","VISIBLE AND INVISIBLE LIGHT COMMUNICATION EQUIPMENT - LEASING","Équipements de transmissions par ondes électromagnétiques visibles et invisibles - location à bail",Active,Actif,"2023-02-27 22:50:03"
WL6605,"[""QF""]","NAVIGATIONAL INSTRUMENTS - LEASING","Instruments de navigation - location à bail",Active,Actif,"2023-02-27 22:50:03"
WL6610,"[""QF""]","FLIGHT INSTRUMENTS - LEASING","Instruments de contrôle de vol - location à bail",Active,Actif,"2023-02-27 22:50:03"
WR5855,"[""QF""]","NIGHT VISION EQUIPMENT, EMITTED AND REFLECTED RADIATION - RENTAL","Équipements de vision de nuit, par rayonnement émis ou réfléchi - location",Active,Actif,"2023-02-27 22:50:03"
WR5860,"[""QF""]","STIMULATED COHERENT RADIATION DEVICES, COMPONENTS AND ACCESSORIES - RENTAL","Équipements à rayonnement cohérent, composants et accessoires - location",Active,Actif,"2023-02-27 22:50:03"
U099BF,"[""QF""]","Marine Training","Formation maritime",Active,Actif,"2023-02-27 22:50:03"
JX1910,"[""MD""]","Transport Vessels, Passenger and Troop - Repair","Navires de transport pour passagers et troupe - réparation",Active,Actif,"2023-02-27 22:50:03"
JX1920,"[""MD""]","Fishing Vessels - Repair","Bateaux de pêche - réparation",Active,Actif,"2023-02-27 22:50:03"
JX1925,"[""MD""]","Special Service Vessels - Repair","Bateaux de servitude - réparation",Active,Actif,"2023-02-27 22:50:03"
JX1930,"[""MD""]","Barges and Lighters, Cargo - Repair","Chalands, barges et allèges pour le transport de matériel - réparation",Active,Actif,"2023-02-27 22:50:03"
JX1940,"[""MD""]","Small Craft - Repair","Embarcations légères - réparation",Active,Actif,"2023-02-27 22:50:03"
JX1945,"[""MD""]","Pontoons and Floating Docks - Repair","Pontons et docks flottants - réparation",Active,Actif,"2023-02-27 22:50:03"
JX1950,"[""MD""]","Floating Drydocks - Repair","Cales sèches, flottantes - réparation",Active,Actif,"2023-02-27 22:50:03"
JX1955,"[""MD""]","Dredges - Repair","Dragues - réparation",Active,Actif,"2023-02-27 22:50:03"
JX1990,"[""MD""]","Vessels, Miscellaneous - Repair","Bateaux divers - réparation",Active,Actif,"2023-02-27 22:50:03"
N1990C,"[""MD""]","Ships, Small Craft, Pontoons, and Floating Docks","Navires, embarcations, pontons et docks flottants",Active,Actif,"2023-02-27 22:50:03"
JD1990,"[""MD""]","Ships, Small Craft, Pontoons, and Floating Docks - Production Design","Navires, embarcations, pontons et docks flottants - dessin de production",Active,Actif,"2023-02-27 22:50:03"
JX1990W,"[""MD""]","Ships, Small Craft, Pontoons, and Floating Docks - Repair","Navires, embarcations, pontons et docks flottants - réparation",Active,Actif,"2023-02-27 22:50:03"
JX1990A,"[""MD""]","Ships and Vessels (large) - Repair, Refits and Conversions (including Dry Docking)","Navires et bateaux de grandes dimensions -réparation, radoub et transformation (mise en cale sèche comprise)",Active,Actif,"2023-02-27 22:50:03"
JX1990B,"[""MD""]","Ships, and Vessels (small) - Repair, Refits and Conversions (including Dry Docks)","Navires et bateaux, de petites dimensions - réparation, radoub et transformation, (mise en case sèche comprise)",Active,Actif,"2023-02-27 22:50:03"
JX1990C,"[""MD""]","Ships and Vessels (small) - Repair, Refits and Conversions (excluding Dry Docks)","Navires et bateaux - réparation, radoub et transformation, mise en cale sèche non comprise",Active,Actif,"2023-02-27 22:50:03"
JX1990D,"[""MD""]","Shipboard Machinery & Equipment -Repair, Overhaul, Modification, Maintenance & Calibration","Machines et équipement à bord des navires - réparation, révision, modification, entretien et calibrage",Active,Actif,"2023-02-27 22:50:03"
JX1990DA,"[""MD""]","Shipboard Deck Machinery, Not Elsewhere Specified - Repair and Overhaul","Machinerie de pont à bord des navires, non énumérés ailleurs - réparation et révision",Active,Actif,"2023-02-27 22:50:03"
JX1990E,"[""MD""]","Shipboard Electrical & Electronic Equipment - Repair, Overhaul, Modification, Maintenence & Calibration","Équipement électrique et électronique à bord des navires - réparation, révision, modifications, entretien et calibrage",Active,Actif,"2023-02-27 22:50:03"
JX1990F,"[""MD""]","Shipboard Miscellaneous Equipment - Repair, Overhaul, Modification and Calibration","Équipement de type divers à bord des navires - réparation, révision, modification, entretien et calibrage",Active,Actif,"2023-02-27 22:50:03"
JX1990G,"[""MD""]","Vessels, Marine, Miscellaneous - Recompression Chamber- Refit, Repair, Overhaul, Modification and Maintenence","Bateaux, marine, divers - chambre de recompression - radoub, réparation, révision, modification et entretien",Active,Actif,"2023-02-27 22:50:03"
JX1990H,"[""MD""]","Ships and Vessels, Bilge and Tank Pumping and Disposal of Waste Water and Oil Products","Navires et bateaux, pompage de cale et de réservoir et élimination des eaux usées et des produits du pétrole",Active,Actif,"2023-02-27 22:50:03"
JX1990HA,"[""MD""]","Shipboard Hull (Non Structural) Repair, Overhaul and Maintenance","Coque (non structurale) à bord des navires - réparation, révision et entretien",Active,Actif,"2023-02-27 22:50:03"
JX1990HB,"[""MD""]","Shipboard Hull (Structural) - Repair, Overhaul and Maintenance","Coque (structurale) à bord des navires - réparation, révision et entretien",Active,Actif,"2023-02-27 22:50:03"
JX1990I,"[""MD""]","Ships and Vessels - Sand Blasting, Repainting, and Refinishing","Navires et bateaux - sablage, repeinturage et refinissage",Active,Actif,"2023-02-27 22:50:03"
JX1990J,"[""MD""]","Ships and Vessels Refrigeration and Air Conditioning Equipment - Repair and Overhaul","Équipement de réfrigération et de conditionnement d'air pour navires et bateaux - réparation et révision",Active,Actif,"2023-02-27 22:50:03"
JX1990K,"[""MD""]","Ships and Vessels HVAC - Vent Cleaning, Repair, Overhaul and Maintenance","Climatisation de navires et de bateaux - nettoyage de prise d'air, réparation, révision et entretien",Active,Actif,"2023-02-27 22:50:03"
JX1990L,"[""MD""]","Ships and Vessels Deck Coverings - Repair, Overhaul, and Maintenance","Couvre-pont de navires et de bateaux - réparation, révision et entretien",Active,Actif,"2023-02-27 22:50:03"
JX1990M,"[""MD""]","Ships and Vessels Hydraulic Systems (including Piping) - Recalibration, Repair, Overhaul, and Maintenance","Systèmes hydrauliques pour navires et bateaux (tuyauterie incluse) - recalibrage, réparation, révision et entretien",Active,Actif,"2023-02-27 22:50:03"
JX1990N,"[""MD""]","Shipboard Piping - Repair and Overhaul (except hydraulic systems)","Tuyauterie à bord des navires - réparation et révision, sauf systèmes hydrauliques",Active,Actif,"2023-02-27 22:50:03"
JX1990P,"[""MD""]","Ships and Vessels - Asbestos Removal","Navires et bateaux - enlèvement d'amiante",Active,Actif,"2023-02-27 22:50:03"
JX1990R,"[""MD""]","Ships and Vessels - Non Destructive Testing","Navires et bateaux - essais non destructifs",Active,Actif,"2023-02-27 22:50:03"
JX1990S,"[""MD""]","Ships and Vessels - Preventative Maintenance - Modifications and Recalibration (incl. Vibration Analysis) - Repair and Overhaul","Navires et bateaux - entretien préventif, modification et recalibrage, (y compris analysis de vibration) - réparation et révision",Active,Actif,"2023-02-27 22:50:03"
JX1990T,"[""MD""]","Ships and Vessels - Underwater Services - Repair, Overhaul, Modification, and Maintenance","Navires et bateaux - services sous-marins - réparation, révision, modification et entretien",Active,Actif,"2023-02-27 22:50:03"
JX1990U,"[""MD""]","Ships and Vessels - Propellor, Propellor Assembly, Repair, Overhaul, Miantenance, or Modification","Navires et bateaux - hélice, assemblage d'hélice, réparation, révision, entretien et modification",Active,Actif,"2023-02-27 22:50:03"
JX1990V,"[""MD""]","Ships and Vessels - Hydroblasting and Tank Cleaning","Navires et bateaux - décapage à l'eau et déballastage",Active,Actif,"2023-02-27 22:50:03"
V103BA,"[""MD""]","Ship Mooring Services","Services d'amarrage de navires",Active,Actif,"2023-02-27 22:50:03"
WR1990,"[""MD""]","Ships, Small Craft, Pontoons, and Floating Docks - Rental","Navires, embarcations, pontons et docks flottants - location",Active,Actif,"2023-02-27 22:50:03"
C216BB,"[""ML""]","Technical Investigations and Engineering Services (TIES) (Marine)","Enquêtes techniques et études d'ingénierie (ETEI) (marine)",Active,Actif,"2023-02-27 22:50:03"
C216BC,"[""ML""]","Marine Management","Gestion marine",Active,Actif,"2023-02-27 22:50:03"
JD2060,"[""ML""]","COMMERCIAL FISHING EQUIPMENT - PRODUCTION DESIGN","Équipement de pêche commerciale dessin de production",Active,Actif,"2023-02-27 22:50:03"
JX1720,"[""ML""]","Aircraft Launching Equipment - Repair","Équipement de catapultage d'aéronefs - réparation",Active,Actif,"2023-02-27 22:50:03"
JX2010,"[""ML""]","Ship and Boat Propulsion Components - Repair","Organes de propulsion pour bateaux et navires - réparation",Active,Actif,"2023-02-27 22:50:03"
JX2010A,"[""ML""]","Propellers, Marine - Repair and Overhaul","Hélices-marine - réparation et révision",Active,Actif,"2023-02-27 22:50:03"
JX2020,"[""ML""]","Rigging and Rigging Gear - Repair","Gréements et apparaux de gréements - réparation",Active,Actif,"2023-02-27 22:50:03"
JX2030,"[""ML""]","Deck Machinery - Repair and Overhaul","Pont, machinerie - réparation et révision",Active,Actif,"2023-02-27 22:50:03"
JX2040,"[""ML""]","Marine Hardware and Hull Items - Repair","Quincaillerie marine et apparaux de coque - réparation",Active,Actif,"2023-02-27 22:50:03"
JX2060,"[""ML""]","Commercial Fishing Equipment - Repair","Équipement de pêche commerciale - réparation",Active,Actif,"2023-02-27 22:50:03"
JX2090,"[""ML""]","Ship and Marine Miscellaneous Equipment - Repair","Matériels nautiques divers - réparation",Active,Actif,"2023-02-27 22:50:03"
JX2090AA,"[""ML""]","Cabinets and Furniture, Marine, Not Elsewhere Specified - Repair","Meubles à tiroir et ameublement marine, non énumérés ailleurs - réparation",Active,Actif,"2023-02-27 22:50:03"
JX2835A,"[""ML""]","Gas Turbine Overhaul Services, Marine","Services de révision de turbine à gaz, marine",Active,Actif,"2023-02-27 22:50:03"
JX2835B,"[""ML""]","Airborne Auxillary and Ground Gas Turbine Units for Aircraft Engines Starting - Repair and Overhaul","Ensembles de turbines à gaz au sol et auxiliaires en vol pour démarrage de moteurs d'aéronef - réparation et révision",Active,Actif,"2023-02-27 22:50:03"
JX2910B,"[""ML""]","Filter Assemblies, Engine (Marine) - Repair and Overhaul","Ensembles de filtres, moteurs, marins - réparation et révision",Active,Actif,"2023-02-27 22:50:03"
JX2910C,"[""ML""]","Fuel Injector - Repair and Overhaul (Marine)","Injecteur de carburant - réparation et révision, marin",Active,Actif,"2023-02-27 22:50:03"
JX2805A,"[""ML""]","Motors, Outboard - Repair","Moteurs hors-bord - réparation",Active,Actif,"2023-02-27 22:50:03"
JX2805AB,"[""ML""]","MOTORS, OUTBOARD, MERCURY - REPAIR","Moteurs, hors-bord, Mercury - réparation",Active,Actif,"2023-02-27 22:50:03"
JX2815AB,"[""ML""]","DIESEL ENGINES, REPAIR, OVERHAUL, MODIFICATION AND MAINTENANCE, MARINE AND NON SPECIFIC COMPONENTS","Moteurs diesel - réparation, révision, modification et entretien marins et composants non spécifiques",Active,Actif,"2023-02-27 22:50:03"
JX2825,"[""ML""]","Steam Turbines and Components - Repair and Overhaul","Turbines à vapeur et composants - réparation et révision",Active,Actif,"2023-02-27 22:50:03"
JX2825A,"[""ML""]","Turbine Components - Repair and Overhaul","Composants de turbine - réparation et révision",Active,Actif,"2023-02-27 22:50:03"
JX4210D,"[""ML""]","Firefighting Equipment, Marine Systems - Repair, Overhaul and Modification","Équipement pour combattre l'incendie, systèmes marins - réparation, révision et modification",Active,Actif,"2023-02-27 22:50:03"
JX4310AB,"[""ML""]","Compressors - Repair, Overhaul, Modification and Maintenance (Marine)","Compresseurs marin - réparation, révision, modification et entretien",Active,Actif,"2023-02-27 22:50:03"
JX4110BB,"[""ML""]","Dispensers, Drinking Water, Mechanically Cooled - Repair and Overhaul (Marine)","Fontaine réfrigérante marine - réparation et révision",Active,Actif,"2023-02-27 22:50:03"
JX4320D,"[""ML""]","Pumps, Marine - Repair, Overhaul, Modification and Maintenance","Pompes, marines - réparation, révision, modification et entretien",Active,Actif,"2023-02-27 22:50:03"
JX6350,"[""ML""]","Alarm and Signal Systems, Miscellaneous - Repair, Overhaul and Maintenance","Systèmes d'alarme et de signalisation, divers - réparation, révision et entretien",Active,Actif,"2023-02-27 22:50:03"
JX6350A,"[""ML""]","Alarm and Signal Systems, Repair and Overhaul","Systèmes divers de signalisation et d'alarme, réparation et révision",Active,Actif,"2023-02-27 22:50:03"
JX6350AA,"[""ML""]","Fire Alarm Systems - Repair and Overhaul","Systèmes d'alerte d'incendie - réparation et révision",Active,Actif,"2023-02-27 22:50:03"
JX6350D,"[""ML""]","Sirens - Repair, Overhaul and Maintenance","Sirènes - réparation, révision et entretien",Active,Actif,"2023-02-27 22:50:03"
JX6320,"[""ML""]","Shipboard Alarm and Signal Systems - Repair","Systèmes d'alarme et de signalisation de bord, navires - réparation",Active,Actif,"2023-02-27 22:50:03"
N1070,"[""ML""]","Nets and Booms, Ordnance","Filets et barrages, artillerie",Active,Actif,"2023-02-27 22:50:03"
N1075,"[""ML""]","Degaussing and Minesweeping Equipment","Équipement de démagnétisation et déminage",Active,Actif,"2023-02-27 22:50:03"
N1075999,"[""ML""]","Degaussing Equipment Electrical and Electronic Components and Spares","Équipement de démagnétisation, composants et rechanges électriques et électroniques",Active,Actif,"2023-02-27 22:50:03"
N1075A,"[""ML""]","Minesweeping Equipment","Équipement de déminage",Active,Actif,"2023-02-27 22:50:03"
N1290,"[""ML""]","Miscellaneous Fire Control Equipment","Équipement divers pour conduite de tir",Active,Actif,"2023-02-27 22:50:03"
N1710B,"[""ML""]","Helicopter Hauldown Equipment","Équipement de rentrée pour hélicoptère",Active,Actif,"2023-02-27 22:50:03"
N1710C,"[""ML""]","Wire Rope Cable Assemblies, Aircraft Arresting Barrier","Ensembles de câbles en corde métallique, barrière d'arrêt d'aéronefs",Active,Actif,"2023-02-27 22:50:03"
N1710D,"[""ML""]","Nylon Tape, U.S. Spec MIL-T-81521A, Designed for Aircraft Arresting Barriers","Ruban de nylon, U.S. Spec MIL-T-81521A, conçu pour barrières d'arrêt d'avions",Active,Actif,"2023-02-27 22:50:03"
N1720,"[""ML""]","Aircraft Launching Equipment","Équipement de catapultage d'aéronefs",Active,Actif,"2023-02-27 22:50:03"
N2020B,"[""ML""]",Booms,Espars,Active,Actif,"2023-02-27 22:50:03"
N2020BA,"[""ML""]","Booms, Cargo","Mats de charge",Active,Actif,"2023-02-27 22:50:03"
N2020BC,"[""ML""]","Booms, Yards, Masts, Wooden","Espars, vergues, mats, bois",Active,Actif,"2023-02-27 22:50:03"
N2020BD,"[""ML""]","Booms, Floating","Estacades flottantes",Active,Actif,"2023-02-27 22:50:03"
N2020BE,"[""ML""]","Booms, Yards, Masts, Aluminum","Espars, vergues, mats, aluminium",Active,Actif,"2023-02-27 22:50:03"
N2030,"[""ML""]","Deck Machinery","Machinerie de pont",Active,Actif,"2023-02-27 22:50:03"
N2030B,"[""ML""]",Consoles,"Pupitres de commande",Active,Actif,"2023-02-27 22:50:03"
N2030BA,"[""ML""]","Consoles, Ship Control","Récepteurs en meuble pour manoeuvre de navire",Active,Actif,"2023-02-27 22:50:03"
N2030BB,"[""ML""]","Consoles Ship Control, Including Engine and Bridge Controls","Récepteurs en meuble pour manoeuvre de navire, incluant organes de commande de ponts",Active,Actif,"2023-02-27 22:50:03"
N2030C,"[""ML""]","Controls, Steering-Hydraulic","Organes de commande de direction, hydrauliques",Active,Actif,"2023-02-27 22:50:03"
N2030CA,"[""ML""]","Stabilizers, Ship Motion","Stabilisateurs, mouvement de navire",Active,Actif,"2023-02-27 22:50:03"
N2030D,"[""ML""]",Davits,Bossoirs,Active,Actif,"2023-02-27 22:50:03"
N2030E,"[""ML""]","Deck Machinery (N.E.S.)","Machinerie de pont (N.E.A.)",Active,Actif,"2023-02-27 22:50:03"
N2030G,"[""ML""]","Instrumentation, Remote Reading","Installation d'instruments de mesure, lecture à distance",Active,Actif,"2023-02-27 22:50:03"
N2010,"[""ML""]","Ship and Boat Propulsion Components","Organes de propulsion pour bateaux et navires",Active,Actif,"2023-02-27 22:50:03"
N2010A,"[""ML""]","Bearing Assembly, Shaft and Thrust, Ships Propulsion","Montage de paliers, arbre et pousse, propulsion du navire",Active,Actif,"2023-02-27 22:50:03"
N2010B,"[""ML""]","Steering and Positioning Units and Thrusters","Direction de la proue, dispositifs pour le calcul de point et servomoteur",Active,Actif,"2023-02-27 22:50:03"
N2010C,"[""ML""]","Propellers (Marine)",Hélices-marine,Active,Actif,"2023-02-27 22:50:03"
N2010CA,"[""ML""]","Propellers, Marine, Vertical, Cycloidal","Hélices, verticales, cycloïdales - marine",Active,Actif,"2023-02-27 22:50:03"
N2010E,"[""ML""]","Seals, Stern, Tube","Joints, poupe, tube",Active,Actif,"2023-02-27 22:50:03"
N2010F,"[""ML""]","Shafts, Propeller (Marine)","Arbres, hélice-marines",Active,Actif,"2023-02-27 22:50:03"
N2010G,"[""ML""]","Propulsion Units, Rotatable, Outboard","Groupes propulseurs, pivotants, hors-bord",Active,Actif,"2023-02-27 22:50:03"
N2010H,"[""ML""]","Marine Transmissions, Reverse and Reduction Gears","Transmissions marines, engrenages de multiplicateurs et marché arrière",Active,Actif,"2023-02-27 22:50:03"
N2010J,"[""ML""]","Propulsion Units, Rotatable, Inboard","Groupes propulseurs, pivotants, intérieurs",Active,Actif,"2023-02-27 22:50:03"
N2020,"[""ML""]","Rigging and Rigging Gear","Gréements et apparaux de gréement",Active,Actif,"2023-02-27 22:50:03"
N2040D,"[""ML""]","Boom Fittings, Sailboat","Gréements, voiliers",Active,Actif,"2023-02-27 22:50:03"
N2040E,"[""ML""]","Fenders, Marine","Défenses - marine",Active,Actif,"2023-02-27 22:50:03"
N2040EA,"[""ML""]","Fenders, Dock","Défenses, dock",Active,Actif,"2023-02-27 22:50:03"
N2040EB,"[""ML""]","Fenders, Pneumatic","Défenses, pneumatiques",Active,Actif,"2023-02-27 22:50:03"
N2040EC,"[""ML""]","Fenders, Rope","Défenses, corde",Active,Actif,"2023-02-27 22:50:03"
N2040ED,"[""ML""]","Fenders, Marine, N.E.S.","Défenses-marine, N.E.A.",Active,Actif,"2023-02-27 22:50:03"
N2040EE,"[""ML""]","Fenders Marine, Systems","Défenses, marines, systèmes",Active,Actif,"2023-02-27 22:50:03"
N2040F,"[""ML""]","Doors, Metal, Marine","Portes métalliques - marine",Active,Actif,"2023-02-27 22:50:03"
N2040FA,"[""ML""]","Doors, Metal, Marine, Non-Power Operated","Portes métalliques commande manuelle-marine",Active,Actif,"2023-02-27 22:50:03"
N2040FB,"[""ML""]","Doors, Metal, Marine, Power Operated","Portes métalliques actionnement mécanique-marine",Active,Actif,"2023-02-27 22:50:03"
N2040H,"[""ML""]","Fittings, Chain, Cable Marine","Installations pour chaînes et câbles marins",Active,Actif,"2023-02-27 22:50:03"
N2040J,"[""ML""]","Hooks, Shackles","Crocs, manilles",Active,Actif,"2023-02-27 22:50:03"
N2040K,"[""ML""]","Horns, Electric, Marine","Oreilles électriques, marines",Active,Actif,"2023-02-27 22:50:03"
N2040L,"[""ML""]",Ladders,Échelles,Active,Actif,"2023-02-27 22:50:03"
N2030H,"[""ML""]","Reeling Machines, Cordage","Dispositifs d'enroulement, cordage",Active,Actif,"2023-02-27 22:50:03"
N2030J,"[""ML""]","Telemotors (Marine)","Télémoteurs (marins)",Active,Actif,"2023-02-27 22:50:03"
N2030M,"[""ML""]","Steering Gear","Appareils de gouverne",Active,Actif,"2023-02-27 22:50:03"
N2030N,"[""ML""]","Deck Machinery, Winches, Marine","Machinerie de pont, treuils, marine",Active,Actif,"2023-02-27 22:50:03"
N2030P,"[""ML""]","Deck Machinery, Hoists, Marine","Machinerie de pont, monte-charges, marine",Active,Actif,"2023-02-27 22:50:03"
N2030Q,"[""ML""]","Deck Machinery, Windlass, Marine","Machinerie de pont, treuil, marine",Active,Actif,"2023-02-27 22:50:03"
N2030R,"[""ML""]","Deck Machinery, Capstans, Marine","Machinerie de pont, cabestans, marine",Active,Actif,"2023-02-27 22:50:03"
N2030S,"[""ML""]","Deck Machinery, Cranes, Shipboard","Machinerie de pont, grues, à bord",Active,Actif,"2023-02-27 22:50:03"
N2030T,"[""ML""]","Deck Machinery, Loading Arms, Marine, Fluid Handling","Machinerie de pont, bras de chargement, marine, manipulation des liquides",Active,Actif,"2023-02-27 22:50:03"
N2030U,"[""ML""]","Deck Machinery, Winches, Oceanographic","Machinerie de pont, treuils océanographiques",Active,Actif,"2023-02-27 22:50:03"
N2040,"[""ML""]","Marine Hardware and Hull Items","Quincaillerie de marine et apparaux de coque",Active,Actif,"2023-02-27 22:50:03"
N2040A,"[""ML""]","Anchors (Sea)","Ancres, flottantes",Active,Actif,"2023-02-27 22:50:03"
N2040B,"[""ML""]",Hatches,Écoutilles,Active,Actif,"2023-02-27 22:50:03"
N2060,"[""ML""]","Commercial Fishing Equipment","Équipement de pêche commerciale",Active,Actif,"2023-02-27 22:50:03"
N2060B,"[""ML""]","Fish Processing Machines","Machines à transfert pour le poisson",Active,Actif,"2023-02-27 22:50:03"
N2060C,"[""ML""]","Automated Fishing Gear","Attirail de pêche automatisé",Active,Actif,"2023-02-27 22:50:03"
N2060F,"[""ML""]","Commercial Fishing Nets","Filets de pêche commerciaux",Active,Actif,"2023-02-27 22:50:03"
N2090,"[""ML""]","Ship and Marine Miscellaneous Equipment","Équipement de navire et matériel naval",Active,Actif,"2023-02-27 22:50:03"
N2090A,"[""ML""]","Cabinets and Furniture, Marine, Wooden","Cabinets et meubles, en bois - marine",Active,Actif,"2023-02-27 22:50:03"
N2090AB,"[""ML""]","Bookcases, Shipboard Type Including Racks","Bibliothèques, type à bord navire incluant supports",Active,Actif,"2023-02-27 22:50:03"
N2090AC,"[""ML""]","Filing Cabinets Shelf, Shipboard Type","Classeurs à tablettes, type à bord navire",Active,Actif,"2023-02-27 22:50:03"
N2090AE,"[""ML""]","Panels, Marine, Decorative, Fire Retardant","Panneaux, décoratifs, ignifuges - marine",Active,Actif,"2023-02-27 22:50:03"
N2090B,"[""ML""]","Kits, Repair for Fibreglass Boats","Trousses, réparation de bateaux en fibre de verre",Active,Actif,"2023-02-27 22:50:03"
N2090C,"[""ML""]","Ladders and Boatswains Chairs, Boarding Ship","Échelles et chaises de maître d'équipage, abordage de navire",Active,Actif,"2023-02-27 22:50:03"
N2040M,"[""ML""]","Marine Hardware and Hull Items (Small Craft)","Quincaillerie de marine et apparaux de coque, embarcations légères",Active,Actif,"2023-02-27 22:50:03"
N2040N,"[""ML""]","Mooring Bits, Bollards and Cleats","Bittes d'amarrage, bollards et taquets",Active,Actif,"2023-02-27 22:50:03"
N2040P,"[""ML""]","Oars, Paddles and Staves","Rames, avirons et douves",Active,Actif,"2023-02-27 22:50:03"
N2040Q,"[""ML""]","Plates, Deck","Tôles de pont",Active,Actif,"2023-02-27 22:50:03"
N2040S,"[""ML""]","Rudders, Ships","Gouvernails, navires",Active,Actif,"2023-02-27 22:50:03"
N2040W,"[""ML""]","Windows, Ships","Fenêtres, navires",Active,Actif,"2023-02-27 22:50:03"
N2090D,"[""ML""]","Locker, Clothing and Cleaning Gear, Shipboard Type","Casiers, vêtements et appareils de nettoyage, type à bord navire",Active,Actif,"2023-02-27 22:50:03"
N2090E,"[""ML""]","Sails, Main and Jib","Grandes voiles et voiles de foc",Active,Actif,"2023-02-27 22:50:03"
N2090F,"[""ML""]","Wipers, Windows, Ships","Essuie-glaces, navires",Active,Actif,"2023-02-27 22:50:03"
N2090G,"[""ML""]","Hangars, Helicopter, Telescopic, Shipboard (Custom Engineered)","Hangars, hélicoptère, télescopique, à bord de navire (construit sur mesure)",Active,Actif,"2023-02-27 22:50:03"
N2090H,"[""ML""]","Equipment, Research, Marine","Équipement de recherche, marine",Active,Actif,"2023-02-27 22:50:03"
N2090HA,"[""ML""]","Carriage, Towing Tank","Transport, réservoir de remorquage",Active,Actif,"2023-02-27 22:50:03"
N2090J,"[""ML""]","Chair, Captain - Marine","Chaise, capitaine - marine",Active,Actif,"2023-02-27 22:50:03"
N2090K,"[""ML""]","Floats - Marine","Flotteurs de chaudière - marine",Active,Actif,"2023-02-27 22:50:03"
N2805001,"[""ML""]","Motors, Outboard","Moteurs hors-bord",Active,Actif,"2023-02-27 22:50:03"
N2805002,"[""ML""]","Motor, Outboard - Parts","Moteur, hors bord, pièces",Active,Actif,"2023-02-27 22:50:03"
N2805A,"[""ML""]","Controls, Marine Engine","Commandes, moteur marin",Active,Actif,"2023-02-27 22:50:03"
N2815AB,"[""ML""]","Diesel Engines, Air Cooled, Marine","Moteurs diesel, refroidis par air, marine",Active,Actif,"2023-02-27 22:50:03"
N2820,"[""ML""]","Steam Engines, Reciprocating and Components","Machines à vapeur à mouvement alternatif et composants",Active,Actif,"2023-02-27 22:50:03"
N2825,"[""ML""]","Steam Turbines and Components","Turbines à vapeur et composants",Active,Actif,"2023-02-27 22:50:03"
N2815BB,"[""ML""]","Diesel Engines and Components, N.E.S., Marine","Moteurs diesel et composants, N.E.A., marine",Active,Actif,"2023-02-27 22:50:03"
N2830,"[""ML""]","Water Turbines and Water Wheels and Components","Turbines hydrauliques et roues hydrauliques et composants",Active,Actif,"2023-02-27 22:50:03"
N2930AB,"[""ML""]","Engine Cooling System Components (Marine)","Composants de système de refroidissement des moteurs (marin)",Active,Actif,"2023-02-27 22:50:03"
N4130JA,"[""ML""]","Refrigeration Systems and Components (Marine)","Composants d'équipements et systèmes pour la réfrigération, marins",Active,Actif,"2023-02-27 22:50:03"
N4210F,"[""ML""]","Extinguishers, Fire, Marine Only","Extincteurs, marine seulement",Active,Actif,"2023-02-27 22:50:03"
N4310,"[""ML""]","Compressors and Vacuum Pumps","Compresseurs et pompes à vide",Active,Actif,"2023-02-27 22:50:03"
N4310A,"[""ML""]","Compressors, Portable","Compresseurs portatifs",Active,Actif,"2023-02-27 22:50:03"
N6115BA,"[""ML""]","Generator Set, Diesel Engine - Under 20 KW (Special Design) Marine","Groupe électrogène, moteur diesel, moins de 20 kW, modèle spécial, marin",Active,Actif,"2023-02-27 22:50:03"
N6115BB,"[""ML""]","Generator Set, Diesel Engine - 20 KW to Under 100 KW (Special Design) Marine","Groupe électrogène, moteur diesel, 20 kW à 100 kW exclusivement, modèle spécial, marin",Active,Actif,"2023-02-27 22:50:03"
N6320,"[""ML""]","Shipboard Alarm and Signal Systems","Systèmes d'alarme et de signalisation de bord, navires",Active,Actif,"2023-02-27 22:50:03"
WL2010,"[""ML""]","SHIP AND BOAT PROPULSION COMPONENTS - LEASING","Organes de propulsion pour bateaux et navires - location à bail",Active,Actif,"2023-02-27 22:50:03"
WR2010,"[""ML""]","SHIP AND BOAT PROPULSION COMPONENTS - RENTAL","Organes de propulsion pour bateaux et navires - location",Active,Actif,"2023-02-27 22:50:03"
WR2030,"[""ML""]","DECK MACHINERY - RENTAL","Machinerie de pont - location",Active,Actif,"2023-02-27 22:50:03"
WR2060,"[""ML""]","COMMERCIAL FISHING EQUIPMENT - RENTAL","Équipement de pêche commerciale - location",Active,Actif,"2023-02-27 22:50:03"
WR2090,"[""ML""]","SHIP AND MARINE MISCELLANEOUS EQUIPMENT - RENTAL","Matériels nautiques divers - location",Active,Actif,"2023-02-27 22:50:03"
WR2820,"[""ML""]","STEAM ENGINES, RECIPROCATING AND COMPONENTS - RENTAL","Machines à vapeur à mouvement alternatif et composants - location",Active,Actif,"2023-02-27 22:50:03"
AJ412040,"[""ST""]","Infrared Technology (R&D)","Technologie de l'infrarouge (R&D)",Active,Actif,"2023-02-27 22:50:03"
AJ412060,"[""ST""]","Radar Technology (R&D)","Technologie du radar (R&D)",Active,Actif,"2023-02-27 22:50:03"
AJ412068,"[""ST""]","Satellite Communications Technology","Technologie des communications par satellite (R&D)",Active,Actif,"2023-02-27 22:50:03"
AJ412072,"[""ST""]","Satellite Navigation Technology (R&D)","Technologie de la navigation par satellite (R&D)",Active,Actif,"2023-02-27 22:50:03"
AJ412000,"[""ST""]","Communications (R&D)","Communications (R&D)",Active,Actif,"2023-02-27 22:50:03"
AR210480,"[""ST""]","Spacecraft Instrumentation Development (R&D)","Mise au point d'instruments pour engin spatial (R&D)",Active,Actif,"2023-02-27 22:50:03"
5132A,"[""RH""]","Bridges, Elevated Highways, Tunnels, Subways and Railroads","Ponts, autoroutes surélevées, tunnels, viaducs et voies ferrées",Active,Actif,"2023-02-27 22:50:03"
5139A,"[""RH""]","Construction Services, Not Elsewhere Specified","Services de construction, non énumérés ailleurs",Active,Actif,"2023-02-27 22:50:03"
5136A,"[""RH""]","Construction for Mining and Manufacturing","Construction pour l'exploitation minière et la fabrication",Active,Actif,"2023-02-27 22:50:03"
5179FB,"[""RH""]","General Contractor Services, Not Elsewhere Specified","Services d'entrepreneurs généraux , non énumérés ailleurs",Active,Actif,"2023-02-27 22:50:03"
AR410476,"[""RH""]","Spacecraft Ground Control Technology","Technologie du contrôle au sol des engins spatiaux",Active,Actif,"2023-02-27 22:50:03"
B100A,"[""RH""]","Air Quality Analyses","Analyses sur la qualité d'air",Active,Actif,"2023-02-27 22:50:03"
B101A,"[""RH""]","Environmental Impact Studies","Études d'impact sur l'environnement",Active,Actif,"2023-02-27 22:50:03"
B109A,"[""RH""]","Other Environmental Studies","Autres études environnementales",Active,Actif,"2023-02-27 22:50:03"
B200A,"[""RH""]","Rock Core Drilling and Sampling","Carottage et échantillonnage",Active,Actif,"2023-02-27 22:50:03"
B208B,"[""RH""]","Environmental Planning and Control","Aménagement et contrôle du milieu",Active,Actif,"2023-02-27 22:50:03"
C111A,"[""RH""]","Architect/Engineer Services - Administration & Service Buildings","Services d'architectes et d'ingénieurs - bâtiments d'administration et de service",Active,Actif,"2023-02-27 22:50:03"
C112A,"[""RH""]","Architect/Engineer Services - Airfield, Communication and Missile Facilities","Services d'architectes et d'ingénieurs - installations d'aérodromes, de communications et de missiles",Active,Actif,"2023-02-27 22:50:03"
C113A,"[""RH""]","Architect/Engineer Services - Educational Buildings","Services d'architectes et d'ingénieurs - bâtiments scolaires",Active,Actif,"2023-02-27 22:50:03"
C114A,"[""RH""]","Architect/Engineer Services - Hospital Buildings","Services d'architectes et d'ingénieurs - bâtiments hospitaliers",Active,Actif,"2023-02-27 22:50:03"
C115A,"[""RH""]","Architect/Engineer Services - Industrial Buildings","Services d'architectes et d'ingénieurs - bâtiments industriels",Active,Actif,"2023-02-27 22:50:03"
C116A,"[""RH""]","Architect/Engineer Services - Residential Buildings","Services d'architectes et d'ingénieurs - bâtiments résidentiels",Active,Actif,"2023-02-27 22:50:03"
C117A,"[""RH""]","Architect/Engineer Services - Warehouse Buildings","Services d'architectes et d'ingénieurs - bâtiments d'entreposage",Active,Actif,"2023-02-27 22:50:03"
C118A,"[""RH""]","Architect/Engineer Services Research and Development Facilities","Services d'architectes et d'ingénieurs - installations de recherche et de développement",Active,Actif,"2023-02-27 22:50:03"
B208BB,"[""RH""]","Consulting Services - Energy Conservation Systems","Services de consultation - systèmes de conservation d'énergie",Active,Actif,"2023-02-27 22:50:03"
B301A,"[""RH""]","Data Analysis - Performance of a Survey","Analyse des données - Réalisation d'un sondage",Active,Actif,"2023-02-27 22:50:03"
B303A,"[""RH""]","Systems and Statistical Analysis","Analyse fonctionnelle et statistique",Active,Actif,"2023-02-27 22:50:03"
B503A,"[""RH""]","Medical and Health Studies","Études sur la médecine et la santé",Active,Actif,"2023-02-27 22:50:03"
C119AH,"[""RH""]","Architectural Services: Statement of Requirements or Building Programming","Services d'architecture-énoncé des besoins ou programme de construction",Active,Actif,"2023-02-27 22:50:03"
C211D,"[""RH""]","Architect and Engineering Services - Buildings","Services d'architectes et d'ingénieurs - Bâtiments",Active,Actif,"2023-02-27 22:50:03"
D302AAS,"[""RH""]","Professional Special Services, EDP, Not Elsewhere Specified","Services professionnels spéciaux, informatique, non énumérés ailleurs",Active,Actif,"2023-02-27 22:50:03"
D316AB,"[""RH""]","Radio Broadcasting Services","Services de radiodiffusion",Active,Actif,"2023-02-27 22:50:03"
D308A,"[""RH""]","Programming Services","Services de programmation",Active,Actif,"2023-02-27 22:50:03"
D309A,"[""RH""]","Radio and Television Towers and Systems","Antennes et systèmes de radio et de télévision",Active,Actif,"2023-02-27 22:50:03"
D316A,"[""RH""]","Radio Television Services","Services de radio et de télévision",Active,Actif,"2023-02-27 22:50:03"
E108CA,"[""RH""]","Hazardous Chemical Waste Disposal Services","Services d'élimination de déchets dangereux",Active,Actif,"2023-02-27 22:50:03"
E110A,"[""RH""]","Environmental Site Investigation","Investigations environnementales de l'emplacement",Active,Actif,"2023-02-27 22:50:03"
E111A,"[""RH""]","Oil Spill Collection","Captage des déversements d'huile",Active,Actif,"2023-02-27 22:50:03"
E111B,"[""RH""]","Oil Spill Response","Nettoyage des écoulements de pétrole",Active,Actif,"2023-02-27 22:50:03"
F008A,"[""RH""]","Ornamental Shrub and Tree Service","Arbrisseaux et arbres décoratifs",Active,Actif,"2023-02-27 22:50:03"
F010A,"[""RH""]","Forestry Services - Engineering","Services forestiers - génie",Active,Actif,"2023-02-27 22:50:03"
F010B,"[""RH""]","Forestry Services, Not Elsewhere Specified","Services forestiers, non énumérés ailleurs",Active,Actif,"2023-02-27 22:50:03"
F010BA,"[""RH""]","Forestry Services - Pruning, Felling, Seeding, ETC.","Services forestiers - émondage, abattage, ensemencement etc.",Active,Actif,"2023-02-27 22:50:03"
F010C,"[""RH""]","Diseased Tree Surgery or Removal","Greffage ou élimination des arbres malades",Active,Actif,"2023-02-27 22:50:03"
F010D,"[""RH""]","Agricultural Services, Not Elsewhere Specified","Services Agricoles, non énumérés ailleurs",Active,Actif,"2023-02-27 22:50:03"
F020A,"[""RH""]","Animal Control Services - Trap and Remove Animals From Populated Areas","Services de contrôle des animaux - piéger et enlever des animaux d'une région peuplée",Active,Actif,"2023-02-27 22:50:03"
F021B,"[""RH""]","Livestock Services Except Veterinary","Services d'élevage de bétail, sauf de vétérinaire",Active,Actif,"2023-02-27 22:50:03"
E199B,"[""RH""]","Wildlife Control (Airports)","Contrôle de la faune (aéroports)",Active,Actif,"2023-02-27 22:50:03"
E199BB,"[""RH""]","Wildlife Control Services (Airports) Bird Control","Services de contrôle de la faune (aéroports) aviaire contrôle",Active,Actif,"2023-02-27 22:50:03"
F003A,"[""RH""]","Tree Planting Services for Land Reclamation","Services de plantation d'arbres pour la bonification des terres",Active,Actif,"2023-02-27 22:50:03"
F006D,"[""RH""]","Crop Harvesting, Not Elsewhere Specified","Récoltes, non énumérés ailleurs",Active,Actif,"2023-02-27 22:50:03"
F006E,"[""RH""]","Crop Services","Services de culture",Active,Actif,"2023-02-27 22:50:03"
G009H,"[""RH""]","Medical Advisory Services","Services de consultation médicale",Active,Actif,"2023-02-27 22:50:03"
G102A,"[""RH""]","Recreational Services","Services récréatifs",Active,Actif,"2023-02-27 22:50:03"
G199A,"[""RH""]","Patients' Volunteer Service","Service de bénévoles aux patients",Active,Actif,"2023-02-27 22:50:03"
H100A,"[""RH""]","Materials Inspection and Quality Assurance","Vérifications de matériaux et assurance de la qualité",Active,Actif,"2023-02-27 22:50:03"
F030A,"[""RH""]","Fisheries Resources Management Services","Services ressources gestion de pêcheries",Active,Actif,"2023-02-27 22:50:03"
G001A,"[""ZT""]","Nursing Care Services","Soins infirmiers",Active,Actif,"2023-02-27 22:50:03"
G001B,"[""RH""]","Hospital Care Services","Soins hospitaliers",Active,Actif,"2023-02-27 22:50:03"
G001C,"[""RH""]","Pharmaceutical Services","Services pharmaceutiques",Active,Actif,"2023-02-27 22:50:03"
G009A,"[""RH""]","Dental Services","Services dentaires",Active,Actif,"2023-02-27 22:50:03"
G009DA,"[""ZH""]","Employee Assistance Programs","Programmes d'aide aux employés",Active,Actif,"2023-02-27 22:50:03"
H100AB,"[""RH""]","Materials Inspection and Quality Assurance, Industrial Products","Vérification de matériaux et assurance de la qualité, produits industriels",Active,Actif,"2023-02-27 22:50:03"
H200AA,"[""RH""]","Sonic Testing of Piling and Structural Members","Essai acoustique de pilotis et de pièces de charpente",Active,Actif,"2023-02-27 22:50:03"
H300A,"[""RH""]","Laboratory, Testing and Inspection Services, Except Medical/Dental","Services d'essais et d'inspection en laboratoire, sauf médicaux/dentaires",Active,Actif,"2023-02-27 22:50:03"
JI6625,"[""RH""]","Electrical and Electronic Properties, Measuring and Testing Instruments - Installation","Instruments de mesure et d'essai de propriétés électriques et électroniques - installation",Active,Actif,"2023-02-27 22:50:03"
JI7510,"[""RH""]","Office Supplies - Installation","Fournitures de bureau - installation",Active,Actif,"2023-02-27 22:50:03"
JX6910B,"[""RH""]","Training Aids - Operation & Maintenance","Accessoires d'instruction - fonctionnement et entretien",Active,Actif,"2023-02-27 22:50:03"
JX7310C,"[""RH""]","Food Cooking, Baking and Serving Equipment, Electrical - Repair","Équipement de cuisson, de cuisson au four et de service des aliments, électrique - réparation",Active,Actif,"2023-02-27 22:50:03"
K100AE,"[""RH""]","Cleaning Services, Duct-Exhaust System - Light Fixtures","Services de nettoyage, système de conduit d'évacuation - appareils d'éclairage",Active,Actif,"2023-02-27 22:50:03"
K100AG,"[""RH""]","Lighting Maintenance (Washing, Relamping and Repairing Services)","Entretien de l'éclairage (services de lavage, changement d'ampoules et réparation)",Active,Actif,"2023-02-27 22:50:03"
K102A,"[""RH""]",Meals,Repas,Active,Actif,"2023-02-27 22:50:03"
K000B,"[""RH""]","Barber and Beauty Shop Services","Salons de coiffure et d'esthétique",Active,Actif,"2023-02-27 22:50:03"
K000E,"[""RH""]","Tailoring Services","Services de tailleur",Active,Actif,"2023-02-27 22:50:03"
K107CA,"[""RH""]","Lawn and Garden Services","Services d'entretien de pelouses et de jardins",Active,Actif,"2023-02-27 22:50:03"
K199B,"[""RH""]","Dwellings and Apartments - Rental","Location d'habitations et d'appartements",Active,Actif,"2023-02-27 22:50:03"
K199D,"[""RH""]","Personal Services, Not Elsewhere Specified","Services personnels, non énumérés ailleurs",Active,Actif,"2023-02-27 22:50:03"
K108A,"[""RH""]","Laundry and Dry Cleaning Services","Blanchissage et nettoyage à sec",Active,Actif,"2023-02-27 22:50:03"
K108B,"[""RH""]","Laundry Services","Services de blanchissage",Active,Actif,"2023-02-27 22:50:03"
K108C,"[""RH""]","Dry Cleaning Services","Services de nettoyage à sec",Active,Actif,"2023-02-27 22:50:03"
K111A,"[""RH""]","Carpet, Drape and Upholstery Cleaning","Nettoyage des tapis, tentures et meubles rembourrés",Active,Actif,"2023-02-27 22:50:03"
K199J,"[""RH""]","Locksmith Services","Services de serruriers",Active,Actif,"2023-02-27 22:50:03"
M110A,"[""RH""]","Property Management - Office Space/Administrative Buildings","Gestion immobilière - espaces à bureaux/bâtiments d'administration",Active,Actif,"2023-02-27 22:50:03"
L006A,"[""RH""]","Banking and Trust Company Services","Services bancaires et services de compagnies fiduciaires",Active,Actif,"2023-02-27 22:50:03"
L006B,"[""RH""]","Guardian Trustee and Bankruptcy Services","Services de tuteur et de syndic de faillite",Active,Actif,"2023-02-27 22:50:03"
M120A,"[""RH""]","Technical Support for Simulator Facility","Soutien technique pour simulateur",Active,Actif,"2023-02-27 22:50:03"
M120B,"[""RH""]","Property Management - Airfield and Communication Facilities","Gestion immobilière - installations d'aérodromes et de communications",Active,Actif,"2023-02-27 22:50:03"
M170A,"[""RH""]","Property Management - Warehouse Buildings","Gestion immobilière - bâtiments d'entreposage",Active,Actif,"2023-02-27 22:50:03"
M180A,"[""RH""]","Property Management - Research and Development Facilities","Gestion immobilière - installations de recherche et de développement",Active,Actif,"2023-02-27 22:50:03"
M119A,"[""RH""]","Operation of a Government Service Program","Gestion de programmes et d'installations de services gouvernementaux",Active,Actif,"2023-02-27 22:50:03"
B400A,"[""RH""]","Space Policy Studies","Études relatives à la politique spatiale",Active,Actif,"2023-02-27 22:50:03"
N7490KA,"[""RH""]","EMBOSSING MACHINES, ADDRESS PLATE","Estampeuse, plaque adresse",Active,Actif,"2023-02-27 22:50:03"
N7490,"[""RH""]","Miscellaneous Office Machines","Machines de bureau diverses",Active,Actif,"2023-02-27 22:50:03"
N7490WA,"[""RH""]","STENCIL CUTTING MACHINES","Machines à préparer les pochoirs",Active,Actif,"2023-02-27 22:50:03"
N7490WD,"[""RH""]","OFFICE EQUIPMENT (PARTS ONLY)","Équipement de bureau (pièces seulement)",Active,Actif,"2023-02-27 22:50:03"
N7490P,"[""RH""]","LAMINATING MACHINE, OFFICE TYPE","Machine à laminer, type bureau",Active,Actif,"2023-02-27 22:50:03"
N7490QBE,"[""RH""]","MAIL PROCESSING SYSTEM (INCLUDES AUTOMATIC EXTRACTOR, ORIENTOR AND ENVELOPE OPENER)","Système d'acheminement du courrier (comprend extracteur, orienteur et ouvre-lettre automatiques)",Active,Actif,"2023-02-27 22:50:03"
N7490QE,"[""RH""]","FOLDING/INSERTING EQUIPMENT - MAIL ROOM","Dispositif de pliage et d'insertion, salle de courrier",Active,Actif,"2023-02-27 22:50:03"
N7490R,"[""RH""]","PAPER SHREDDING MACHINE (OFFICE TYPE) NOT SECURITY APPROVED","Déchiqueteuse, papier (type bureau) pas approuvé pour la sécurité",Active,Actif,"2023-02-27 22:50:03"
N7630,"[""RH""]","Newspapers and Periodicals","Journaux et publications périodiques",Active,Actif,"2023-02-27 22:50:03"
N7650,"[""RH""]","Drawings and Specifications","Dessins et normes ou spécifications",Active,Actif,"2023-02-27 22:50:03"
H300B,"[""RH""]","Analytical Chemistry","Chimie analytique",Active,Actif,"2023-02-27 22:50:03"
F059A,"[""RH""]","Other Natural Resource and Conservation Services","Autres services de ressources naturelles et de conservation",Active,Actif,"2023-02-27 22:50:03"
R004A,"[""RH""]","Certifications and Accreditations for Products and Institutions other than Educational Institutions","Certification et accréditation de produits et d'établissements autres que les établissements d'enseignement",Active,Actif,"2023-02-27 22:50:03"
N9999,"[""RH""]","Miscellaneous Items","Articles divers",Active,Actif,"2023-02-27 22:50:03"
R013A,"[""RH""]","Land and Building Appraisal","Évaluation de terrains et d'immeubles",Active,Actif,"2023-02-27 22:50:03"
R019A,"[""RH""]","Budget Control Systems","Systèmes de contrôle budgétaire",Active,Actif,"2023-02-27 22:50:03"
R102A,"[""RH""]","Weather Reporting/Observation Services","Services d'information et d'observation météorologiques",Active,Actif,"2023-02-27 22:50:03"
R103AA,"[""RH""]","Courier Service, Licensed (Station Wagons, Vans, Trucks)","Services de messagerie, licenciés (familiales, fourgons, camions)",Active,Actif,"2023-02-27 22:50:03"
R109AB,"[""RH""]","Proof Reading Services","Services de lecture d'épreuve",Active,Actif,"2023-02-27 22:50:03"
R107AA,"[""RH""]","Book-Binding Services","Services de reliure",Active,Actif,"2023-02-27 22:50:03"
R113A,"[""RH""]","Data Collection Services","Service de collecte des données",Active,Actif,"2023-02-27 22:50:03"
R118C,"[""RH""]","Rental - Warehouses","Location - entrepôts",Active,Actif,"2023-02-27 22:50:03"
R119A,"[""RH""]","Industrial Systems","Systèmes industriels",Active,Actif,"2023-02-27 22:50:03"
R121C,"[""RH""]","Employment / Training Program Evaluation","Évaluation du programme d'emploi / de formation",Active,Actif,"2023-02-27 22:50:03"
R116AB,"[""RH""]","Summons Serving Services","Services de signification de procès-verbaux",Active,Actif,"2023-02-27 22:50:03"
R117A,"[""RH""]","Paper Shredding Service","Service de déchiquetage du papier",Active,Actif,"2023-02-27 22:50:03"
R199EB,"[""RH""]","Automotive Washing Services","Services de lavage de véhicules motorisés",Active,Actif,"2023-02-27 22:50:03"
R199EG,"[""RH""]","Sign Printing Contractor Services","Services d'entrepreneurs pour impression d'enseignes",Active,Actif,"2023-02-27 22:50:03"
R199EO,"[""RH""]","Weather Reporting and Observing","Rapport et observation de température",Active,Actif,"2023-02-27 22:50:03"
R199F,"[""RH""]","Administrative Management and Planning Services","Services administratifs, de gestion et de planification",Active,Actif,"2023-02-27 22:50:03"
R201AC,"[""RH""]","Temporary Help Services - Administrative","Services d'aide temporaire - administratifs",Active,Actif,"2023-02-27 22:50:03"
R201BA,"[""RH""]","Temporary Help Services - Professional and Technical","Services d'aide temporaire - professionnels et techniques",Active,Actif,"2023-02-27 22:50:03"
R201EA,"[""RH""]","Temporary Help Services - Industrial","Services d'aide temporaire - industriel",Active,Actif,"2023-02-27 22:50:03"
R201D,"[""RH""]","Services of Individuals - Except Consultants","Services d'individus - sauf experts conseils",Active,Actif,"2023-02-27 22:50:03"
R201DB,"[""RH""]","Services of Individuals - Management","Services d'individus - en gestion",Active,Actif,"2023-02-27 22:50:03"
R201DH,"[""RH""]","Services of Individuals - Truck Drivers","Services d'individus - conducteurs de camion",Active,Actif,"2023-02-27 22:50:03"
R201DI,"[""RH""]","Services of Individuals - Cook (Chef)","Services d'individus - cuisinier (chef)",Active,Actif,"2023-02-27 22:50:03"
R201E,"[""RH""]","Temporary Help, N.E.S.","Aide temporaire, N.E.A.",Active,Actif,"2023-02-27 22:50:03"
S099D,"[""RH""]","Swill Collection and Disposal","Collecte et élimination des eaux grasses",Active,Actif,"2023-02-27 22:50:03"
S099EB,"[""RH""]","Waste Oil Removal Services","Services d'enlèvement d'huile usée",Active,Actif,"2023-02-27 22:50:03"
S099EC,"[""RH""]","Street Washing Services","Services de lavage des rues",Active,Actif,"2023-02-27 22:50:03"
S099H,"[""RH""]","Specialized Sanitary Services, Not Elsewhere Specified","Services sanitaires spécialisés, non énumérés ailleurs",Active,Actif,"2023-02-27 22:50:03"
S099I,"[""RH""]","Utility Services, Not Elsewhere Specified","Services publics, non énumérés ailleurs",Active,Actif,"2023-02-27 22:50:03"
S002C,"[""RH""]","Cablevision Service","Services de câblodistribution",Active,Actif,"2023-02-27 22:50:03"
S002E,"[""RH""]","Communications Services",Communications,Active,Actif,"2023-02-27 22:50:03"
S099IB,"[""RH""]","Tanks, Fuel, Oil Cleaning Services","Réservoirs à essence et à huile - services de nettoyage",Active,Actif,"2023-02-27 22:50:03"
T014AC,"[""RH""]","Printing, Web","Presse à bobine",Active,Actif,"2023-02-27 22:50:03"
T014AK,"[""RH""]","Printing, Offset, Small, up to 19 X 26 - Informational, Process Colour - 2","Impression offset, petit format, jusqu'à 19 x 26, édition informative, procédé chromatique - 2",Active,Actif,"2023-02-27 22:50:03"
T014N1R,"[""RH""]","Typesetting, Composition - Regional","Composition typographique, régionale",Active,Actif,"2023-02-27 22:50:03"
T019A,"[""RH""]","Surveying Services","Services de topographie",Active,Actif,"2023-02-27 22:50:03"
T019AA,"[""RH""]","Land Surveying Services","Services d'arpentage",Active,Actif,"2023-02-27 22:50:03"
T016O,"[""RH""]","Topography Services",Topographie,Active,Actif,"2023-02-27 22:50:03"
U001A,"[""RH""]",Seminars,Colloques,Active,Actif,"2023-02-27 22:50:03"
T019E,"[""RH""]","Surveying and Mapping Services","Services de topographie et de cartographie",Active,Actif,"2023-02-27 22:50:03"
U008D,"[""RH""]","Conduct of Training","Exécution de la formation",Active,Actif,"2023-02-27 22:50:03"
U009AA,"[""RH""]","Educational Services - ADP Training","Services pédagogiques - formation TAI",Active,Actif,"2023-02-27 22:50:03"
U099AA,"[""RH""]","Educational Services - Business Training","Services pédagogiques - formation commerciale",Active,Actif,"2023-02-27 22:50:03"
U099AB,"[""RH""]","Cross-Cultural Training","Formation interculturelle",Active,Actif,"2023-02-27 22:50:03"
V001B,"[""RH""]",Trucking,Camionnage,Active,Actif,"2023-02-27 22:50:03"
V001BA,"[""RH""]","Movers, Furniture and Office Equipment and Storage","Déménageurs, meubles et équipement de bureau et entreposage",Active,Actif,"2023-02-27 22:50:03"
V001C,"[""RH""]","Freight and Cargo Handling Services, Not Elsewhere Specified","Services de manutention pour chargement et transport, non énumérés ailleurs",Active,Actif,"2023-02-27 22:50:03"
V010A,"[""RH""]","Taxi Services","Services de taxi",Active,Actif,"2023-02-27 22:50:03"
V010AA,"[""RH""]","Taxi Passenger Service","Service de transport par taxi",Active,Actif,"2023-02-27 22:50:03"
V102A,"[""RH""]","Operation of Ferries",Traversiers,Active,Actif,"2023-02-27 22:50:03"
V103A,"[""RH""]","Services Related to Water Transportation","Services reliés au transport maritime",Active,Actif,"2023-02-27 22:50:03"
V401CB,"[""RH""]","Bus, Shuttle Services","Autobus, service de navette",Active,Actif,"2023-02-27 22:50:03"
V202BA,"[""RH""]","Limousine Services","Services de limousine",Active,Actif,"2023-02-27 22:50:03"
V204D,"[""RH""]","Express Messenger Service","Service de messagerie express",Active,Actif,"2023-02-27 22:50:03"
V204E,"[""RH""]","Services Related to Air Transportation","Services reliés au transport aérien",Active,Actif,"2023-02-27 22:50:03"
V503A,"[""RH""]","Tour Guides","Guides touristiques",Active,Actif,"2023-02-27 22:50:03"
V401F,"[""RH""]","Search and Rescue Operations","Opérations de recherche et de sauvetage",Active,Actif,"2023-02-27 22:50:03"
V401ID,"[""RH""]","Transportation Services - Bush","Services de transport - brousse",Active,Actif,"2023-02-27 22:50:03"
V401IE,"[""RH""]","Transportation Services - Hazardous Wastes","Services de transportation - déchets dangereux",Active,Actif,"2023-02-27 22:50:03"
V403A,"[""RH""]",Charters,Affrètements,Active,Actif,"2023-02-27 22:50:03"
WL7050,"[""RH""]","ADP COMPONENTS - LEASE","Composants, traitement automatique de l'information - location à bail",Active,Actif,"2023-02-27 22:50:03"
WL7045,"[""RH""]","AUTOMATIC DATA PROCESSING SUPPLIES - LEASE","Traitement automatique de l'information, approvisionnement - à bail",Active,Actif,"2023-02-27 22:50:03"
WL7460,"[""RH""]","VISIBLE RECORD EQUIPMENT - LEASE","Fichiers à classement visible - composants et accessoires - location à bail",Active,Actif,"2023-02-27 22:50:03"
WL7490,"[""RH""]","MISCELLANEOUS OFFICE MACHINES - LEASE","Machines de bureau diverses - location à bail",Active,Actif,"2023-02-27 22:50:03"
WL7520,"[""RH""]","OFFICE DEVICES AND ACCESSORIES - LEASE","Articles de bureau et accessoires - location à bail",Active,Actif,"2023-02-27 22:50:03"
WL7730,"[""RH""]","PHONOGRAPHS, RADIOS AND TELEVISION SETS, HOME TYPE - LEASING","Phonographes, postes de radio et de télévision familiaux - location à bail",Active,Actif,"2023-02-27 22:50:03"
WR3590,"[""RH""]","SERVICE AND TRADE EQUIPMENT, MISCELLANEOUS - RENTAL","Équipement commercial et de service divers - location",Active,Actif,"2023-02-27 22:50:03"
WR7460,"[""RH""]","VISIBLE RECORD EQUIPMENT - RENT","Fichiers à classement visible - composants et accessoires - location",Active,Actif,"2023-02-27 22:50:03"
X112A,"[""RH""]","Conference Space and Facilities","Espace et installations de conférence",Active,Actif,"2023-02-27 22:50:03"
U003A,"[""RH""]","Reserve Training - Military","Instruction de la réserve - militaire",Active,Actif,"2023-02-27 22:50:03"
V502BAA,"[""RH""]","Hotels, Motels and Boarding Houses with Cooking Facilities","Hôtels, motels et pensions avec possibilité de cuisson",Active,Actif,"2023-02-27 22:50:03"
V502BAB,"[""RH""]","Hotels Motels and Boarding Houses, as Detention Centres","Hôtels, motels et pensions centres de détention",Active,Actif,"2023-02-27 22:50:03"
R199V,"[""RH""]","Health and Safety on Construction Sites","Santé et sécurité sur les chantiers de construction",Active,Actif,"2023-02-27 22:50:03"
5179D,"[""RH""]","Protective and Alarm Systems","Systèmes de protection et d'alarme",Active,Actif,"2023-02-27 22:50:03"
B509A,"[""RH""]","Land Use Studies","Études sur l'utilisation des terres",Active,Actif,"2023-02-27 22:50:03"
T019B,"[""RH""]","Thermovision and Thermographic Surveys","Levés de thermovision et thermographique",Active,Actif,"2023-02-27 22:50:03"
5179H,"[""HN""]","General Machine Shop Services","Services généraux d'atelier de construction mécanique",Active,Actif,"2023-02-27 22:50:03"
C219A,"[""SRI""]","Engineering Services","Services d'ingénierie",Active,Actif,"2023-02-27 22:50:03"
G009G,"[""ZT""]","Health and Welfare Services","Services de santé et de bien-être social",Active,Actif,"2023-02-27 22:50:03"
JD2350,"[""BL""]","COMBAT, ASSAULT, AND TACTICAL VEHICLES, TRACKED - PRODUCTION DESIGN","Véhicules de combat, d'assaut et tactiques, à chenilles - conception de la production",Active,Actif,"2023-02-27 22:50:03"
JD2510,"[""HS""]","VEHICULAR CAB, BODY AND FRAME STRUCTURAL COMPONENTS - PRODUCTION DESIGN","Cabine de véhicule, carrosserie et composants structuraux de châssis - dessin de production",Active,Actif,"2023-02-27 22:50:03"
JI2530,"[""HS""]","VEHICULAR BRAKE, STEERING, AXLE, WHEEL AND TRACK COMPONENTS - INSTALLATION","Composants de freins, de direction d'essieux, de roues et chenilles de véhicules - installation",Active,Actif,"2023-02-27 22:50:03"
JI2910,"[""HS""]","ENGINE FUEL SYSTEM COMPONENTS, NON-AIRCRAFT - INSTALLATION","Composants du système d'alimentation en carburants des moteurs, sauf pour aéronefs - installation",Active,Actif,"2023-02-27 22:50:03"
JI4110,"[""HP""]","REFRIGERATION EQUIPMENT - INSTALLATION","Équipement de réfrigération - installation",Active,Actif,"2023-02-27 22:50:03"
JI4130,"[""HP""]","REFRIGERATION AND AIR CONDITIONING COMPONENTS - INSTALLATION","Composants d'équipements pour la réfrigération et la climatisation - installation",Active,Actif,"2023-02-27 22:50:03"
JI4240,"[""HN""]","SAFETY AND RESCUE EQUIPMENT - INSTALLATION","Équipement de protection et de sauvetage - installation",Active,Actif,"2023-02-27 22:50:03"
JI5845,"[""QF""]","Underwater Sound Equipment - Installation","Équipement de détection sous-marine - installation",Active,Actif,"2023-02-27 22:50:03"
JX1420,"[""BK""]","Guided Missile Components - Repair","Composants de missiles - réparation",Active,Actif,"2023-02-27 22:50:03"
JX1425,"[""QF""]","Guided Missile Systems, Complete - Repair","Systèmes de missiles complets - réparation",Active,Actif,"2023-02-27 22:50:03"
JX1710,"[""BB""]","Aircraft Landing Equipment - Repair","Équipement d'atterrissage pour aéronefs - réparation",Active,Actif,"2023-02-27 22:50:03"
JX2350,"[""BL""]","Combat, Assault, and Tactical Vehicles, Tracked - Repair","Véhicules de combat, d'assaut et tactiques, à chenille - réparation",Active,Actif,"2023-02-27 22:50:03"
JX2540,"[""HS""]","Vehicular Furniture and Accessories - Repair","Accessoires et garnitures de véhicules - réparation",Active,Actif,"2023-02-27 22:50:03"
JX2590,"[""HS""]","Vehicular Components, Miscellaneous - Repair","Composants divers de véhicules - réparation",Active,Actif,"2023-02-27 22:50:03"
JX2590A,"[""HS""]","Vehicular Component Vinyl Upholstery - Repair and Overhaul","Composants de véhicules, capitonnage en vinyle - réparation et révision",Active,Actif,"2023-02-27 22:50:03"
JX2510,"[""HS""]","Vehicular Cab, Body and Frame Structural Components - Repair","Cabine de véhicule, carrosserie et composants structuraux de châssis - réparation",Active,Actif,"2023-02-27 22:50:03"
JX2835,"[""ML""]","Gas Turbines and Jet Engines (except Aircraft) and Components - Repair","Turbines à gaz et moteurs à réaction et composants, sauf d'aéronefs - réparation",Active,Actif,"2023-02-27 22:50:03"
JX2910,"[""ML""]","Engine Fuel System Components, Non-Aircraft - Repair","Composants du système d'alimentation en carburants des moteurs, sauf pour aéronefs - réparation",Active,Actif,"2023-02-27 22:50:03"
JX2920,"[""HS""]","Engine Electrical System Components, Non-Aircraft - Repair and Overhaul","Composants de système électrique des moteurs, sauf pour aéronefs - réparation et révision",Active,Actif,"2023-02-27 22:50:03"
JX2805,"[""HS""]","Gasoline Reciprocating Engines (except Aircraft) and Components - Repair","Moteurs alternatifs à piston, sauf aéronefs et composants - réparation",Active,Actif,"2023-02-27 22:50:03"
JX2815,"[""BL""]","Diesel Engines and Components - Repair","Moteurs diesel et composants - réparation",Active,Actif,"2023-02-27 22:50:03"
JX2815C,"[""BL""]","Diesel Engines, Repair, Overhaul, Modification and Maintenance","Moteurs diesel - réparation, révision, modification et entretien",Active,Actif,"2023-02-27 22:50:03"
JX3020,"[""HS""]","Gears, Pulleys, Sprockets and Transmission Chain - Repair and Overhaul","Chaînes d'engrenages, à pignons, à palan, de transmission - réparation et révision",Active,Actif,"2023-02-27 22:50:03"
JX3040,"[""BL""]","Power Transmission Equipment, Miscellaneous - Repair","Équipements divers de transmission de puissance - réparation",Active,Actif,"2023-02-27 22:50:03"
JX2990,"[""HS""]","Engine Accessories, Miscellaneous, Non-Aircraft - Repair","Accessoires divers de moteurs, sauf pour aéronefs - réparation",Active,Actif,"2023-02-27 22:50:03"
JX3010,"[""HS""]","Torque Converters and Speed Changers - Repair","Convertisseurs de couple et changeurs de vitesse - réparation",Active,Actif,"2023-02-27 22:50:03"
JX4140,"[""HP""]","Fans, Air Circulators and Blower Equipment - Repair","Équipement de ventilation, de circulation d'air et de souffleries - réparation",Active,Actif,"2023-02-27 22:50:03"
JX4210,"[""HP"",""HS""]","Firefighting Equipment - Repair and Overhaul","Équipement de lutte contre l'incendie - réparation et révision",Active,Actif,"2023-02-27 22:50:03"
JX4240,"[""HN""]","Safety and Rescue Equipment - Repair","Équipement de protection et de sauvetage - réparation",Active,Actif,"2023-02-27 22:50:03"
JX4310,"[""HP""]","Compressors and Vacuum Pumps - Repair","Compresseurs et pompes à vide - réparation",Active,Actif,"2023-02-27 22:50:03"
JX4310A,"[""HP""]","Compressors - Repair, Overhaul, Modification and Maintenance","Compresseurs - réparation, révision, modification et entretien",Active,Actif,"2023-02-27 22:50:03"
JX4110,"[""HP""]","Refrigeration Equipment - Repair","Équipement de réfrigération - réparation",Active,Actif,"2023-02-27 22:50:03"
JX4110B,"[""HP""]","Dispensers, Drinking Water, Mechanically Cooled - Repair and Overhaul","Fontaine réfrigérante - réparation et révision",Active,Actif,"2023-02-27 22:50:03"
JX4320,"[""HP"",""ML""]","Power and Hand Pumps - Repair","Pompes à moteur et pompes à main - réparation",Active,Actif,"2023-02-27 22:50:03"
JX5805,"[""EO""]","Telephones and Telegraph Equipment - Maintenance","Équipement téléphonique et télégraphique - entretien",Active,Actif,"2023-02-27 22:50:03"
JX5845,"[""QF""]","Underwater Sound Equipment - Repair","Équipement de détection sous-marine - réparation",Active,Actif,"2023-02-27 22:50:03"
JX6115,"[""HN""]","Generators and Generator Sets, Electrical - Repair","Génératrices électriques et groupes électrogènes - réparation",Active,Actif,"2023-02-27 22:50:03"
JX6910,"[""QF""]","Training Aids - Repair","Accessoires d'instruction - réparation",Active,Actif,"2023-02-27 22:50:03"
JX6930,"[""BQ""]","Operation Training Devices - Repair","Appareils d'instruction opérationnels - réparation",Active,Actif,"2023-02-27 22:50:03"
JX6720,"[""PV""]","Cameras, Still Picture - Repair","Appareils photographiques - réparation",Active,Actif,"2023-02-27 22:50:03"
JX9999,"[""RH""]","Miscellaneous Items - Repairs","Articles divers - réparation",Active,Actif,"2023-02-27 22:50:03"
N1420,"[""BK""]","Guided Missile Components","Composants de missiles",Active,Actif,"2023-02-27 22:50:03"
N1398,"[""BK""]","Specialized Ammunition Handling and Servicing Equipment","Équipement spécialisé de manutention et de mise en oeuvre de munitions",Active,Actif,"2023-02-27 22:50:03"
N1398B,"[""BK""]","Specialized Ammunition Handling Equipment - Pallets","Équipement spécialisé de manutention de munitions - palettes",Active,Actif,"2023-02-27 22:50:03"
N2510,"[""BL"",""HS""]","Vehicular Cab, Body and Frame Structural Components","Cabine de véhicule, carrosserie et composants structuraux de châssis",Active,Actif,"2023-02-27 22:50:03"
N2520BD,"[""HS""]","Transfer Cases/Gearboxes, Final Drive Assembly, Armoured Fighting Vehicle, S.M.P.","Boîtes de vitesse intermédiaires/boîtes d'engrenage, assemblage de l'entraînement final, véhicule blindé de combat, modèle militaire standard",Active,Actif,"2023-02-27 22:50:03"
N2530,"[""BL"",""HS""]","Vehicular Brake, Steering, Axle, Wheel and Track Components","Composants de freins, de direction d'essieux, de roues et chenilles de véhicules",Active,Actif,"2023-02-27 22:50:03"
N2510FA,"[""HS""]","Vehicular Cab, Body, and Frame Structural Components, N.E.S., Armoured Fighting Vehicle, S.M.P.","Composants de la structure de la cabine, de la carrosserie et du châssis des véhicules, N.E.A., véhicule blindé de combat",Active,Actif,"2023-02-27 22:50:03"
N2520,"[""BL"",""HS""]","Vehicular Power Transmission Components","Composants des transmissions de puissance des véhicules",Active,Actif,"2023-02-27 22:50:03"
N2540,"[""BL"",""HS""]","Vehicular Furniture and Accessories","Accessoires et garnitures de véhicules",Active,Actif,"2023-02-27 22:50:03"
N2590AA,"[""HS""]","Cylinder Assembly, Hydraulic, for Tracked and Wheeled Vehicles, Except Ground Effect and Armoured Fighting Vehicles","Cylindre équipé, hydraulique, pour véhicules à chenilles et à roues, sauf véhicules à effet de sol et blindés de combat",Active,Actif,"2023-02-27 22:50:03"
N2805,"[""HS"",""ML""]","Gasoline Reciprocating Engines (Except Aircraft) and Components","Moteurs alternatifs à explosion, sauf aéronefs et composants",Active,Actif,"2023-02-27 22:50:03"
N2815,"[""BL"",""HS"",""ML""]","Diesel Engines and Components","Moteurs diesel et composants",Active,Actif,"2023-02-27 22:50:03"
N2815A,"[""BL"",""HS"",""ML""]","Diesel Engines, Air Cooled","Moteurs diesel, refroidis par air",Active,Actif,"2023-02-27 22:50:03"
N2815B,"[""BL"",""HS"",""ML""]","Diesel Engines and Components, N.E.S.","Moteurs diesel et composants, N.E.A.",Active,Actif,"2023-02-27 22:50:03"
N2815D,"[""BL"",""HS"",""ML""]","Engine Valve Assemblies and Seats","Montages pour valves de moteur et sièges",Active,Actif,"2023-02-27 22:50:03"
N2910,"[""BL"",""HS""]","Engine Fuel System Components, Non-Aircraft","Composants du système d'alimentation en carburant des moteurs, sauf pour aéronefs",Active,Actif,"2023-02-27 22:50:03"
N2930,"[""HS""]","Engine Cooling System Components, Non-Aircraft","Composants du système de refroidissement des moteurs, sauf pour aéronefs",Active,Actif,"2023-02-27 22:50:03"
N2920AAC,"[""HS""]","Engine Electrical System Components (Marine) N.E.S.","Composants de système électrique des moteurs, marins, N.E.A.",Active,Actif,"2023-02-27 22:50:03"
N3010,"[""HS"",""ML""]","Torque Converters and Speed Changers","Convertisseurs de couple et changeurs de vitesse",Active,Actif,"2023-02-27 22:50:03"
N3020,"[""BL"",""HS""]","Gears, Pulleys, Sprockets and Transmission Chain","Engrenages, poulies, pignons et chaînes de transmission",Active,Actif,"2023-02-27 22:50:03"
N4210,"[""BL"",""HP"",""HS""]","Fire Fighting Equipment","Équipement de lutte contre l'incendie",Active,Actif,"2023-02-27 22:50:03"
N4310B,"[""HP"",""ML""]","Compressors, Reciprocating (Except Refrigeration)","Compresseurs, alternatifs, sauf frigorifiques",Active,Actif,"2023-02-27 22:50:03"
N4310D,"[""HP"",""ML""]","Pump, Vacuum","Pompes à vide",Active,Actif,"2023-02-27 22:50:03"
N4310C,"[""HP"",""ML""]","Compressors, Rotary (Except Refrigeration)","Compresseurs, rotatifs, sauf frigorifiques",Active,Actif,"2023-02-27 22:50:03"
N4320B,"[""HP"",""ML""]","Pumps, Centrifugal","Pompes centrifuges",Active,Actif,"2023-02-27 22:50:03"
N4320,"[""HP"",""ML""]","Power and Hand Pumps","Pompes à moteur et pompes à main",Active,Actif,"2023-02-27 22:50:03"
N4320C,"[""HP"",""ML""]","Pumps, Corrosion Resistant","Pompes, résistant à la corrosion",Active,Actif,"2023-02-27 22:50:03"
N4320D,"[""HP"",""ML""]","Pumps, Hand Operated","Pompes à main",Active,Actif,"2023-02-27 22:50:03"
N4320DA,"[""HP"",""ML""]","Pumps, Hand Operated, Hydraulic","Pompes à main, hydrauliques",Active,Actif,"2023-02-27 22:50:03"
N4320E,"[""HP"",""ML""]","Pumps, Reciprocating","Pompes alternatives",Active,Actif,"2023-02-27 22:50:03"
N4320FB,"[""HP"",""ML""]","Pumps, Rotary Positive Displacement, Lobe Type","Pompes rotatives, déplacement positif, type à oreille",Active,Actif,"2023-02-27 22:50:03"
N4320ED,"[""HP"",""ML""]","Pumps, Reciprocating, Diaphragm","Pompes alternatives, diaphragme",Active,Actif,"2023-02-27 22:50:03"
N4320F,"[""HP"",""ML""]","Pumps, Rotary","Pompes rotatives",Active,Actif,"2023-02-27 22:50:03"
N4320FA,"[""HP"",""ML""]","Pumps, Rotary Positive Displacement, Gear Type","Pompes rotatives, déplacement positif, type engrenage",Active,Actif,"2023-02-27 22:50:03"
N4320G,"[""HP"",""ML""]","Pumps, Sewage","Pompes, eaux résiduaires",Active,Actif,"2023-02-27 22:50:03"
N4320H,"[""HP"",""ML""]","Pumps, Submersible or Floating","Pompes submersibles ou flottantes",Active,Actif,"2023-02-27 22:50:03"
N4320L,"[""HP"",""ML""]","Pumps, Metering","Pompes à débit étalonné",Active,Actif,"2023-02-27 22:50:03"
N5805,"[""EF"",""EO"",""QD""]","Telephone and Telegraph Equipment","Équipement téléphonique et télégraphique",Active,Actif,"2023-02-27 22:50:03"
N5820,"[""QD"",""QF""]","Radio and Television Communications Equipment, Except Airborne","Matériel de communications radio et télévisuel, sauf aéroporté",Active,Actif,"2023-02-27 22:50:03"
N5821,"[""QD"",""QF""]","Radio and Television Communications Equipment, Airborne","Matériel de communications, radio et télévisuel pour aéronefs",Active,Actif,"2023-02-27 22:50:03"
N6620,"[""BL"",""BY"",""HN"",""ML""]","Engine Instruments","Instruments de moteurs",Active,Actif,"2023-02-27 22:50:03"
JX4130,"[""FK""]","Refrigeration and Air Conditioning Components - Repair","Composants d'équipements pour la réfrigération et la climatisation - réparation",Active,Actif,"2023-02-27 22:50:03"
R019E,"[""RH""]","Business Services","Services commerciaux",Active,Actif,"2023-02-27 22:50:03"
WL2805,"[""HS""]","GASOLINE RECIPROCATING ENGINES (EXCEPT AIRCRAFT) AND COMPONENTS - LEASING","Moteurs alternatifs à piston, sauf aéronefs et composants - location à bail",Active,Actif,"2023-02-27 22:50:03"
WL5805,"[""EO""]","TELEPHONE AND TELEGRAPH EQUIPMENT - LEASE","Équipement téléphonique et télégraphique - location à bail",Active,Actif,"2023-02-27 22:50:03"
WL5845,"[""QF""]","UNDERWATER SOUND EQUIPMENT - LEASING","Équipement de détection sous-marine - location à bail",Active,Actif,"2023-02-27 22:50:03"
WL4110,"[""HP""]","REFRIGERATION EQUIPMENT - LEASING","Équipement de réfrigération - location à bail",Active,Actif,"2023-02-27 22:50:03"
WL4120,"[""HP""]","AIR CONDITIONING EQUIPMENT - LEASING","Équipement de climatisation - location à bail",Active,Actif,"2023-02-27 22:50:03"
WL4310,"[""HP""]","COMPRESSORS AND VACUUM PUMPS - LEASING","Compresseurs et pompes à vide - location à bail",Active,Actif,"2023-02-27 22:50:03"
WL6115,"[""HN""]","GENERATORS AND GENERATOR SETS, ELECTRICAL - LEASING","Génératrices électriques et groupes électrogènes - location à bail",Active,Actif,"2023-02-27 22:50:03"
WL9999,"[""RH""]","MISCELLANEOUS ITEMS - LEASING","Articles divers - location à bail",Active,Actif,"2023-02-27 22:50:03"
WR2510,"[""HS""]","VEHICULAR CAB, BODY AND FRAME STRUCTURAL COMPONENTS - RENTAL","Cabine de véhicule, carrosserie et composants structuraux de châssis - location",Active,Actif,"2023-02-27 22:50:03"
WR2590,"[""HS""]","VEHICULAR COMPONENTS, MISCELLANEOUS - RENTAL","Composants divers de véhicule - location",Active,Actif,"2023-02-27 22:50:03"
WR2805,"[""HS""]","GASOLINE RECIPROCATING ENGINES (EXCEPT AIRCRAFT) AND COMPONENTS - RENTAL","Moteurs alternatifs à piston, sauf aéronefs et composants - location",Active,Actif,"2023-02-27 22:50:03"
WR2815,"[""HS""]","DIESEL ENGINES AND COMPONENTS - RENTAL","Moteurs diesel et composants - location",Active,Actif,"2023-02-27 22:50:03"
WR2835,"[""BL""]","GAS TURBINES AND JET ENGINES (EXCEPT AIRCRAFT) AND COMPONENTS - RENTAL","Turbines à gaz et moteurs à réaction et composants, sauf d'aéronefs - location",Active,Actif,"2023-02-27 22:50:03"
WR2350,"[""BL""]","COMBAT, ASSAULT, AND TACTICAL VEHICLES, TRACKED - RENTAL","Véhicules de combat, d'assaut et tactiques, à chenilles - location",Active,Actif,"2023-02-27 22:50:03"
WR4110,"[""HP""]","REFRIGERATION EQUIPMENT - RENTAL","Équipement de réfrigération - location",Active,Actif,"2023-02-27 22:50:03"
WR4120,"[""HP""]","AIR CONDITIONING EQUIPMENT - RENTAL","Équipement de climatisation - location",Active,Actif,"2023-02-27 22:50:03"
WR4130,"[""HP""]","REFRIGERATION AND AIR CONDITIONING COMPONENTS - RENTAL","Composants d'équipements pour la réfrigération et la climatisation - location",Active,Actif,"2023-02-27 22:50:03"
WR4140,"[""HP""]","FANS, AIR CIRCULATORS, AND BLOWER EQUIPMENT - RENTAL","Équipement de ventilation, de circulation d'air et de souffleries - location",Active,Actif,"2023-02-27 22:50:03"
WR4210,"[""HP""]","FIREFIGHTING EQUIPMENT - RENTAL","Équipement de lutte contre l'incendie - location",Active,Actif,"2023-02-27 22:50:03"
WR4320,"[""HP""]","POWER AND HAND PUMPS - RENTAL","Pompes à moteur et pompes à main - location",Active,Actif,"2023-02-27 22:50:03"
WR5845,"[""QF""]","UNDERWATER SOUND EQUIPMENT - RENTAL","Équipement de détection sous-marine - location",Active,Actif,"2023-02-27 22:50:03"
WR5805,"[""EO""]","TELEPHONE AND TELEGRAPH EQUIPMENT - RENT","Équipement téléphonique et télégraphique - location",Active,Actif,"2023-02-27 22:50:03"
WR6115,"[""HN""]","GENERATORS AND GENERATOR SETS, ELECTRICAL - RENTAL","Génératrices électriques et groupes électrogènes - location",Active,Actif,"2023-02-27 22:50:03"
WR6930,"[""BM""]","OPERATION TRAINING DEVICES - RENTAL","Appareils d'instruction opérationnels - location",Active,Actif,"2023-02-27 22:50:03"
WR6720,"[""PV""]","CAMERAS, STILL PICTURE - RENTAL","Appareils photographiques - location",Active,Actif,"2023-02-27 22:50:03"
JX2520,"[""HS""]","Vehicular Power Transmission Components - Repair","Composants de transmission de puissance des véhicules - réparation",Active,Actif,"2023-02-27 22:50:03"
D309BB,"[""AR""]","Consulting Services Office Communications Systems-Systems","Services de consultation, systèmes de communication de bureau, analyse des besoins pour les systèmes",Active,Actif,"2023-02-27 22:50:03"
M242A,"[""AR""]","Heating and Cooling Plants - Contracting Out Operations","Installation de chauffage et de climatisation - opérations d'impartition",Active,Actif,"2023-02-27 22:50:03"
N3610BDD,"[""AR""]","Offset Equipment, Sheet Fed","Équipement d'excentration, marge à la feuille",Active,Actif,"2023-02-27 22:50:03"
N3610C,"[""AR""]","Printing Equipment","Matériel d'imprimerie",Active,Actif,"2023-02-27 22:50:03"
N3610,"[""AR""]","Printing, Duplicating and Bookbinding Equipment","Équipement d'impression, de duplication et de reliure",Active,Actif,"2023-02-27 22:50:03"
N3610CPA,"[""AR""]","Type, Metal, Printing","Métal à caractères, imprimerie",Active,Actif,"2023-02-27 22:50:03"
N3610G,"[""AR""]","Folding, Machines, Paper","Plieuses, papier",Active,Actif,"2023-02-27 22:50:03"
N6730BM,"[""AR""]","Projector, Multimedia LCD Presentation","Projecteur ACL pour présentation multimédia",Active,Actif,"2023-02-27 22:50:03"
N6730103,"[""AR""]","DUPLICATORS, 16MM, 35MM, ROLL, MICROFILM","Duplicateurs, microfilm en rouleau 16 mm et 35 mm",Active,Actif,"2023-02-27 22:50:03"
N6730301,"[""AR""]","READERS, APERTURE, CARDS","Lectrices, cartes microfilmées",Active,Actif,"2023-02-27 22:50:03"
N7042,"[""AR""]","MINI AND MICRO COMPUTER CONTROL DEVICES","Commandes d'appareil d'ordinateur mini et micro",Active,Actif,"2023-02-27 22:50:03"
N7420,"[""AR""]","Accounting and Calculating Machines","Machines à facturer et à calculer",Active,Actif,"2023-02-27 22:50:03"
N7430,"[""AR""]","Typewriters and Office Type Composing Machines","Machines à écrire et machines à composer de bureau",Active,Actif,"2023-02-27 22:50:03"
N7435,"[""AR""]","Office Information System Equipment","Matériel de système d'information de bureau",Active,Actif,"2023-02-27 22:50:03"
N7450BA,"[""AR""]","RECORDER REPRODUCER, SOUND, AUDIO VISUAL AND OFFICE TYPE INCLUDING DEDICATED RELATED ACCESSORIES","Enregistreur-lecteur-reproducteur, son, type audio-visuel et de bureau comprenant les accessoires connexes appropriés",Active,Actif,"2023-02-27 22:50:03"
JI7110,"[""PQ""]","Office Furniture - Installation","Meubles de bureau - installation",Active,Actif,"2023-02-27 22:50:03"
JI7125,"[""PQ""]","Cabinets, Lockers, Bins and Shelving - Installation","Meubles, armoires, armoires de sécurité et rayonnage - installation",Active,Actif,"2023-02-27 22:50:03"
JX7105,"[""PQ""]","Household Furniture - Repair","Meubles domestiques - réparation",Active,Actif,"2023-02-27 22:50:03"
JX7105B,"[""PQ""]","Furniture, Upholstered - Repairs","Ameublement, rembourrage - réparation",Active,Actif,"2023-02-27 22:50:03"
JX7110,"[""PQ""]","Furniture, Office-Refinishing and Repair","Meuble de bureau - remis en état et réparation",Active,Actif,"2023-02-27 22:50:03"
JX7125,"[""PQ""]","Cabinets, Lockers, Bins and Shelving - Repair","Meubles, armoires, armoires de sécurité et rayonnage - réparation",Active,Actif,"2023-02-27 22:50:03"
JX7195,"[""PQ""]","Miscellaneous Furniture and Fixtures - Recovering","Meubles et accessoires d'ameublement divers - recouvrement",Active,Actif,"2023-02-27 22:50:03"
JX7195A,"[""PQ""]","Furniture, Auditorium Seating, Recovering","Récupération du mobilier d'auditorium, sièges",Active,Actif,"2023-02-27 22:50:03"
JX7195B,"[""PQ""]","Partitions, Screen Systems - Repair","Cloisonnage, systèmes d'écran - réparation",Active,Actif,"2023-02-27 22:50:03"
N7105,"[""PQ""]","Household Furniture","Meubles de maison",Active,Actif,"2023-02-27 22:50:03"
N7105B,"[""PQ""]","CHAIR (HOUSEHOLD)","Fauteuil, domestique",Active,Actif,"2023-02-27 22:50:03"
N7105BB,"[""PQ""]","CHAIR, FOLDING, METAL (HOUSEHOLD)","Fauteuil, pliant, métal, domestique",Active,Actif,"2023-02-27 22:50:03"
N7105JCA,"[""PQ""]","TABLE, FOLDING, WOOD, METAL LEGS","Table, pliante, bois, pieds de métal",Active,Actif,"2023-02-27 22:50:03"
N7105E,"[""PQ""]","FRAME, PICTURE","Cadre, décoration",Active,Actif,"2023-02-27 22:50:03"
N7105F,"[""PQ""]","FURNITURE, HOUSEHOLD","Ameublement domestique",Active,Actif,"2023-02-27 22:50:03"
N7105FC,"[""PQ""]","FURNITURE, HOUSEHOLD, FULLY UPHOLSTERED","Meubles, rembourrés, domestique",Active,Actif,"2023-02-27 22:50:03"
N7105G,"[""PQ""]","MIRROR, GLASS","Miroir, verre",Active,Actif,"2023-02-27 22:50:03"
N7110CCJ,"[""PQ""]","CHAIR, ROTARY, MULTI-TASK (EXCEPT SPEC.)","Chaise tournante multitâche (sauf SPEC.)",Active,Actif,"2023-02-27 22:50:03"
N7110CCK,"[""PQ""]","CHAIR, ROTARY, DEDICATED TASK (EXCEPT SPEC.)","Chaise tournante, monotâche (sauf SPEC.)",Active,Actif,"2023-02-27 22:50:03"
N7110CD,"[""PQ""]","CHAIR, STRAIGHT",Fauteuil,Active,Actif,"2023-02-27 22:50:03"
N7110CDC,"[""PQ""]","CHAIR, STRAIGHT, STACKING TYPE","Chaise, superposable",Active,Actif,"2023-02-27 22:50:03"
N7110,"[""PQ""]","Office Furniture","Meubles de bureau",Active,Actif,"2023-02-27 22:50:03"
N7110A,"[""PQ""]",BLACKBOARD,Tableau,Active,Actif,"2023-02-27 22:50:03"
N7110B,"[""PQ""]","BOOKCASES, OFFICE TYPE","Bibliothèque, type bureau",Active,Actif,"2023-02-27 22:50:03"
N7110C,"[""PQ""]","CHAIR (OFFICE)","Fauteuil, bureau",Active,Actif,"2023-02-27 22:50:03"
N7110CA,"[""PQ""]","CHAIR, CAFETERIA","Fauteuil, cafétéria",Active,Actif,"2023-02-27 22:50:03"
N7110CCC,"[""PQ""]","CHAIR, ROTARY, OFFICE TYPE (EXCEPT STANDARD)","Chaise tournante de bureau (sauf norme)",Active,Actif,"2023-02-27 22:50:03"
N7110CE,"[""PQ""]","CHAIR, STUDENT, WITH TABLE ARM","Fauteuil, étudiant, avec bras en table",Active,Actif,"2023-02-27 22:50:03"
N7110CF,"[""PQ""]","CHAIR, STACKING, ARMLESS, MOULDED PLASTIC AND FIBREGLASS, DSS QPL","Chaise, empilable, plastique et fibre de verre moulés, LPH du MAS",Active,Actif,"2023-02-27 22:50:03"
N7110D,"[""PQ""]","TRAYS, MAIL SORTING","Corbeilles, tri du courrier",Active,Actif,"2023-02-27 22:50:03"
N7110E,"[""PQ""]",DESK,Bureau,Active,Actif,"2023-02-27 22:50:03"
N7110G,"[""PQ""]","FILING CABINETS, OFFICE TYPE (EXCEPT SECURITY TYPE)","Classeurs à tiroirs, type bureau, sauf genre sécurité",Active,Actif,"2023-02-27 22:50:03"
N7110JF,"[""PQ""]","Lan Management Modular Shelving System","Système de montage modulaire pour la gestion de réseau local",Active,Actif,"2023-02-27 22:50:03"
N7110L,"[""PQ""]","FURNITURE, COMMERCIAL, OFFICE (EXCEPT MODULAR)","Mobilier, commercial, bureau, sauf modulaire",Active,Actif,"2023-02-27 22:50:03"
N7110LC,"[""PQ""]","FURNITURE, LOUNGE SEATING","Meubles de salon, fauteuils",Active,Actif,"2023-02-27 22:50:03"
N7110LE,"[""PQ""]","FURNITURE, COMMERCIAL, OFFICE, WOOD COMPONENTS ONLY (EXCEPT MODULAR)","Mobilier, commercial, bureau, pièces en bois, sauf modulaire",Active,Actif,"2023-02-27 22:50:03"
N7110LFA,"[""PQ""]","FREE-STANDING FURNITURE WITH METAL LEGS - COMMERCIAL (EXCEPT SPEC)","Meuble autonomes pourvus de pied en métal - commerciaux (sauf SPEC.)",Active,Actif,"2023-02-27 22:50:03"
N7110LFB,"[""PQ""]","FREE-STANDING FURNITURE WITH WOOD PANEL LEGS - COMMERCIAL (EXCEPT SPEC.)","Meubles autonomes pourvus de piétement en panneau de bois (sauf SPEC.)",Active,Actif,"2023-02-27 22:50:03"
N7110GA,"[""PQ""]","FILING CABINETS, INDEX CARD, METAL","Classeurs à tiroirs, fiche, métal",Active,Actif,"2023-02-27 22:50:03"
N7110GB,"[""PQ""]","FILING CABINETS, LATERAL","Classeurs à tiroirs, latéraux",Active,Actif,"2023-02-27 22:50:03"
N7110GC,"[""PQ""]","FILING CABINETS, MAP, HORIZONTAL","Classeurs à tiroirs, carte, horizontaux",Active,Actif,"2023-02-27 22:50:03"
N7110GD,"[""PQ""]","FILING CABINETS, MAP, VERTICAL","Classeurs à tiroirs, carte, verticaux",Active,Actif,"2023-02-27 22:50:03"
N7110GE,"[""PQ""]","FILING CABINETS, N.E.S.","Classeurs à tiroirs (N.E.A.)",Active,Actif,"2023-02-27 22:50:03"
N7110GF,"[""PQ""]","FILING CABINETS, VERTICAL","Classeurs à tiroirs, verticaux",Active,Actif,"2023-02-27 22:50:03"
N7110GFA,"[""PQ""]","FILING CABINETS, VERTICAL, CGSB 44-GP-1","Classeurs à tiroirs, verticaux, ONGC 44-GP-1",Active,Actif,"2023-02-27 22:50:03"
N7110GFB,"[""PQ""]","FILING CABINETS, VERTICAL, COMMERCIAL","Classeurs à tiroirs, verticaux, commerciaux",Active,Actif,"2023-02-27 22:50:03"
N7110J,"[""PQ""]","FURNITURE, MODULAR (OFFICE)","Mobilier modulaire, bureau",Active,Actif,"2023-02-27 22:50:03"
N7110VC,"[""PQ""]","TABLE, OCCASIONAL (OFFICE)","Table, usages multiples, de bureau",Active,Actif,"2023-02-27 22:50:03"
N7110VCA,"[""PQ""]","TABLE, OCCASIONAL NESTING, WOOD (OFFICE)","Table, usages multiples, nicheuse, en bois, de bureau",Active,Actif,"2023-02-27 22:50:03"
N7110VE,"[""PQ""]","TABLE, OFFICE TYPE, CONFERENCE","Table, type de bureau, conférence",Active,Actif,"2023-02-27 22:50:03"
N7110VEA,"[""PQ""]","TABLE, OFFICE TYPE, CONFERENCE, WOOD VENEER TOP (RECTANGULAR,CIRCULAR, BOATSHAPE)","Table, type de bureau, conférence, dessus en placage de bois, rectangulaire, circulaire, en forme de bateau",Active,Actif,"2023-02-27 22:50:03"
N7110WA,"[""PQ""]","FILING CABINETS SEAC APPROVED","Classeurs à tiroirs approuvés par le CCMS",Active,Actif,"2023-02-27 22:50:03"
N7110M,"[""PQ""]","FURNITURE, SCHOOL","Mobilier, école",Active,Actif,"2023-02-27 22:50:03"
N7110PA,"[""PQ""]","MAIL ROOM SYSTEMS (FURNITURE)","Systèmes pour le courrier, mobilier",Active,Actif,"2023-02-27 22:50:03"
N7110R,"[""PQ""]","STAND, OFFICE MACHINE","Table, machine de bureau",Active,Actif,"2023-02-27 22:50:03"
N7110U,"[""PQ""]","STOPPER, LOCK BOX","Bouchon, boîte fermant à clé",Active,Actif,"2023-02-27 22:50:03"
N7110V,"[""PQ""]","TABLE (OFFICE)","Table de bureau",Active,Actif,"2023-02-27 22:50:03"
N7110VB,"[""PQ""]","TABLE, OFFICE, WOOD (OFFICE)","Table à écrire, en bois, de bureau",Active,Actif,"2023-02-27 22:50:03"
N7125B,"[""PQ""]","CABINETS, STORAGE","Armoires de rangement",Active,Actif,"2023-02-27 22:50:03"
N7125BC,"[""PQ""]","CABINETS, STORAGE, TAPES, CASSETTES AND FILMSTRIPS","Armoires, rangement, rubans magnétiques, cassettes et pellicules",Active,Actif,"2023-02-27 22:50:03"
N7110WBB,"[""PQ""]","DEVICE, LOCKING, HASP LOCKING, SINGLE DRAWER, SSC/SES 402, DSS QPL","Dispositif de sûreté, un seul tiroir à moraillon de verrouillage, SSC/SES 402, LPH du MAS",Active,Actif,"2023-02-27 22:50:03"
N7110WG,"[""PQ""]","MAILBOXES, OTHER THAN HOME OR SHIPBOARD","Boîtes aux lettres, autres que domestiques ou à bord de navire",Active,Actif,"2023-02-27 22:50:03"
N7125KF,"[""PQ""]","SHELVING, STORAGE AND DISPLAY, STEEL, COMMERCIAL","Rayonnage commercial, entreposage et présentation, en acier",Active,Actif,"2023-02-27 22:50:03"
N7125KH,"[""PQ""]","SHELVING, STORAGE AND DISPLAY, WOOD","Rayonnage, entreposage et présentation, étalages et exposition en bois",Active,Actif,"2023-02-27 22:50:03"
N7195,"[""PQ""]","Miscellaneous Furniture and Fixtures","Meubles et dispositifs d'ameublement divers",Active,Actif,"2023-02-27 22:50:03"
N7195B,"[""PQ""]","COSTUMER, WEARING APPAREL",Porte-manteau,Active,Actif,"2023-02-27 22:50:03"
N7125K,"[""PQ""]","SHELVING, STORAGE AND DISPLAY","Rayonnage, entreposage et présentation",Active,Actif,"2023-02-27 22:50:03"
N7125KB,"[""PQ""]","SHELVING, STORAGE AND DISPLAY, MOBILE, METAL","Rayonnage mobile, entreposage et présentation, en métal",Active,Actif,"2023-02-27 22:50:03"
N7125KC,"[""PQ""]","SHELVING, STORAGE AND DISPLAY, MOBILE, WOOD","Rayonnage mobile, entreposage et présentation, en bois",Active,Actif,"2023-02-27 22:50:03"
N7195FEC,"[""PQ""]","INTERCONNECTING PANELS AND SUPPORTED COMPONENTS, CAN/CGSB-44.220 SEE CGSB - QPL","Panneaux d'interconnexion et pièces d'accompagnement, CAN/ONGC-44.220 DGSSIB 003 - LPH",Active,Actif,"2023-02-27 22:50:03"
N7195G,"[""PQ""]","PLANT, DECORATIVE, TROPICAL","Plante, décorative, tropicale",Active,Actif,"2023-02-27 22:50:03"
N7195GA,"[""PQ""]","PLANT, DECORATIVE, TROPICAL, ARTIFICIAL","Plante, décorative, tropicale, artificielle",Active,Actif,"2023-02-27 22:50:03"
N7195J,"[""PQ""]","RACK, WEARING APPAREL",Vestiaire,Active,Actif,"2023-02-27 22:50:03"
N7195E,"[""PQ""]","FURNITURE, LIBRARY","Mobilier, bibliothèque",Active,Actif,"2023-02-27 22:50:03"
N7195F,"[""PQ""]","PARTITION, FREE-STANDING","Cloison, autonome",Active,Actif,"2023-02-27 22:50:03"
N7195FE,"[""PQ""]","INTERCONNECTING PANELS AND SUPPORTING COMPONENTS (EXCEPT SPEC).","Panneaux conjugués et composants soutenus (sauf SPEC).",Active,Actif,"2023-02-27 22:50:03"
N7195FEB,"[""PQ""]","PARTITION, SCREEN SYSTEMS, ELECTRIFIED PANELS, CSA APPROVED","Cloison, systèmes d'écran, panneaux, électriques approuvés par l'ACNOR",Active,Actif,"2023-02-27 22:50:03"
N7195LE,"[""PQ""]","TABLE, DESKTOP, FOR MICROCOMPUTERS, PRINTERS, TERMINALS, ETC.","Tables de micro-ordinateur, d'imprimante, de terminal, etc.",Active,Actif,"2023-02-27 22:50:03"
N7195NJ,"[""PQ""]","VISUAL DISPLAY BOARD","Tableau d'affichage pour visuel",Active,Actif,"2023-02-27 22:50:03"
N7195Q,"[""PQ""]","CUSTOM METALWORK, MISCELLANEOUS FURNITURE AND FIXTURES","Travail des métaux fait sur commande, mobilier et installations fixes divers",Active,Actif,"2023-02-27 22:50:03"
N7195SD,"[""PQ""]","SEATS, AIRPORT, TANDEM","Sièges, aéroport, tandem",Active,Actif,"2023-02-27 22:50:03"
N7195U,"[""PQ""]",PLANTERS,Jardinières,Active,Actif,"2023-02-27 22:50:03"
N7195DA,"[""PQ""]","Furniture, Non-Residential, Outdoor","Meubles non résidentiels, de plein air",Active,Actif,"2023-02-27 22:50:03"
N7195D,"[""PQ""]","FURNITURE, AUDITORIUM SEATING","Mobilier, sièges d'auditorium",Active,Actif,"2023-02-27 22:50:03"
WL7195,"[""PQ""]","MISCELLANEOUS FURNITURE AND FIXTURES - LEASE","Meubles et dispositifs d'ameublement divers - location à bail",Active,Actif,"2023-02-27 22:50:03"
WR7105,"[""PQ""]","HOUSEHOLD FURNITURE - RENTAL","Meubles domestiques - location",Active,Actif,"2023-02-27 22:50:03"
WR7125,"[""PQ""]","CABINETS, LOCKERS, BINS AND SHELVING - RENTAL","Meubles, armoires, armoires de sécurité et rayonnage - location",Active,Actif,"2023-02-27 22:50:03"
5177A,"[""PR""]","Textiles Trade Services","Services pour commerce de textiles",Active,Actif,"2023-02-27 22:50:03"
5177AA,"[""PR""]","Textile Trade Service-Laminating, Insulation, DND Only","Service pour commerce de textiles - laminage, isolation, MDN seulement",Active,Actif,"2023-02-27 22:50:03"
5177AB,"[""PR""]","Textile Trade Service, Coating Only","Service pour commerce de textile, enduction seulement",Active,Actif,"2023-02-27 22:50:03"
5177AE,"[""PR""]","Textile Trade Service, Approved Sub-Contractors (Clothing Assembly Only)","Service pour commerce de textile, sous-entrepreneurs approuvés, assemblage de vêtements seulement",Active,Actif,"2023-02-27 22:50:03"
5177AJ,"[""PR""]","Textile Trade Service, Film Laminator","Service pour commerce de textile, laminage, pellicule",Active,Actif,"2023-02-27 22:50:03"
5177AK,"[""PR""]","Textile Trade Service, Fibre Laminator, DND Only","Service pour commerce de textile, laminage, fibre, MDN seulement",Active,Actif,"2023-02-27 22:50:03"
5177AL,"[""PR""]","Textile Trade Service, Design Services, Clothing","Service pour commerce de textile, service de dessin de vêtements",Active,Actif,"2023-02-27 22:50:03"
JI7220,"[""PR""]","Floor Coverings - Installation","Revêtements de plancher - installation",Active,Actif,"2023-02-27 22:50:03"
JI7220A,"[""PR""]","Carpet, Installation",Moquette-installation,Active,Actif,"2023-02-27 22:50:03"
JI7230,"[""PR""]","Draperies, Awnings and Shades - Installation","Draperies, tentes et stores - installation",Active,Actif,"2023-02-27 22:50:03"
JI7310,"[""PR""]","Food, Cooking Baking and Serving Equipment - Installation","Équipement pour la cuisson, la cuisson au four et le service des aliments - installation",Active,Actif,"2023-02-27 22:50:03"
JX4220,"[""PR""]","Marine Life Saving and Diving Equipment - Repair","Équipements marins de plongée et de sauvetage - réparation",Active,Actif,"2023-02-27 22:50:03"
JX6532,"[""PR""]","Hospital and Surgical Clothing and Related Special Purpose Items - Repair","Vêtements d'hôpital et de salle d'opération et articles apparentés à usage spécial - réparation",Active,Actif,"2023-02-27 22:50:03"
JX7220,"[""PR""]","Floor Coverings - Repair","Revêtements de plancher - réparation",Active,Actif,"2023-02-27 22:50:03"
JX7230,"[""PR""]","Draperies, Awnings and Shades - Repair","Draperies, tentes et stores - réparation",Active,Actif,"2023-02-27 22:50:03"
JX8440,"[""PR""]","Hosiery, Handwear and Clothing Accessories, Men's - Repair","Bonneterie, ganterie et accessoires vestimentaires pour hommes - réparation",Active,Actif,"2023-02-27 22:50:03"
JX8460,"[""PR""]","Luggage, Repairs","Bagage - réparations",Active,Actif,"2023-02-27 22:50:03"
JX8465,"[""PR""]","Individual Equipment - Repair","Équipement individuel - réparation",Active,Actif,"2023-02-27 22:50:03"
JX8340,"[""PR""]","Tents and Tarpaulins, Repairs","Tentes et bâches - réparations",Active,Actif,"2023-02-27 22:50:03"
JX8415,"[""PR""]","Clothing, Special Purpose - Repair","Vêtements à usage spécial - réparation",Active,Actif,"2023-02-27 22:50:03"
JX8430,"[""PR""]","Footwear, Men's - Repair","Chaussures pour hommes - réparation",Active,Actif,"2023-02-27 22:50:03"
N3530,"[""PR""]","Industrial Sewing Machines and Mobile Textile Repair Shops","Machines à coudre industrielles et ateliers mobiles de réparation d'effets",Active,Actif,"2023-02-27 22:50:03"
N3520,"[""PR""]","Shoe Repairing Equipment","Équipements de cordonnerie",Active,Actif,"2023-02-27 22:50:03"
N4220E,"[""PR""]","Life Preservers","Accessoires de sauvetage",Active,Actif,"2023-02-27 22:50:03"
N4220F,"[""PR""]","Life Rafts Inflatable","Radeaux de sauvetage gonflables",Active,Actif,"2023-02-27 22:50:03"
N4220G,"[""PR""]","Diver Suit and Accessories","Accessoires et costumes de plongeurs",Active,Actif,"2023-02-27 22:50:03"
N4220L,"[""PR""]","Pressure Vessels, Compressed Air","Navires à pression, air comprimé",Active,Actif,"2023-02-27 22:50:03"
N4220,"[""PR""]","Marine Life Saving and Diving Equipment","Équipements marins de plongée et de sauvetage",Active,Actif,"2023-02-27 22:50:03"
N6532,"[""PR""]","Hospital and Surgical Clothing and Related Special Purpose Items","Vêtements d'hôpital et de salle d'opération et articles apparentes à usage spécial",Active,Actif,"2023-02-27 22:50:03"
N6820,"[""PR""]",Dyes,Teintures,Active,Actif,"2023-02-27 22:50:03"
N7210QB,"[""PR""]","SHEETS AND PILLOWCASES, BED","Draps et taie d'oreiller, lit",Active,Actif,"2023-02-27 22:50:03"
N7210T,"[""PR""]",TOWEL,Serviette,Active,Actif,"2023-02-27 22:50:03"
N7210TA,"[""PR""]","TOWEL, BATH/HAND","Serviette, bain, essuie-main",Active,Actif,"2023-02-27 22:50:03"
N7210TAA,"[""PR""]","TOWEL, BATH/HAND, COTTON (79/2)","Serviette, bain, essuie-main, coton, 79/02",Active,Actif,"2023-02-27 22:50:03"
N7220,"[""PR""]","Floor Coverings","Revêtements de parquets",Active,Actif,"2023-02-27 22:50:03"
N7210JD,"[""PR""]","MATTRESS, BED, FOAM (79/02)","Matelas, lit, mousse, 79/02",Active,Actif,"2023-02-27 22:50:03"
N7210JG,"[""PR""]","MATTRESS, BED, INNER SPRING, FIRE RETARDANT TICKING","Matelas, lit, ressorts intérieurs, toile ininflammable",Active,Actif,"2023-02-27 22:50:03"
N7210MC,"[""PR""]","PAD, MATTRESS, QUILTED","Isolateur, matelas, pique",Active,Actif,"2023-02-27 22:50:03"
N7210P,"[""PR""]","PILLOW, BED","Oreiller, lit",Active,Actif,"2023-02-27 22:50:03"
N7210PB,"[""PR""]","PILLOW, BED SYNTHETIC, FIBRE EXCEPT POLYFOAM","Oreiller, lit, fibre synthétique, sauf mousses diverses",Active,Actif,"2023-02-27 22:50:03"
N7230,"[""PR""]","Draperies, Awnings and Shades","Draperies, tentes et stores",Active,Actif,"2023-02-27 22:50:03"
N7230A,"[""PR""]","BLIND, WINDOW","Stores, fenêtre",Active,Actif,"2023-02-27 22:50:03"
N7230B,"[""PR""]",Awnings,Auvents,Active,Actif,"2023-02-27 22:50:03"
N7230E,"[""PR""]","Draperies/Curtains, Cloth-Supply and Installation (Including Hardware)","Tentures et rideaux, tissu - fourniture et installation comprenant la quincaillerie",Active,Actif,"2023-02-27 22:50:03"
N7220DC,"[""PR""]",RUGS,Carpettes,Active,Actif,"2023-02-27 22:50:03"
N7220DD,"[""PR""]",CARPET,Moquette,Active,Actif,"2023-02-27 22:50:03"
N7320N,"[""PR""]","KITCHEN EQUIPMENT AND APPLIANCES, N.E.S.","Équipement et accessoires de cuisine, N.E.A.",Active,Actif,"2023-02-27 22:50:03"
N7810B,"[""PR""]","SWIMMING POOL EQUIPMENT","Équipement pour piscine",Active,Actif,"2023-02-27 22:50:03"
N7810C,"[""PR""]","CAMPING EQUIPMENT","Équipement de camping",Active,Actif,"2023-02-27 22:50:03"
N7810X,"[""PR""]",SCOREBOARDS,"Tableaux de pointage",Active,Actif,"2023-02-27 22:50:03"
JX8470,"[""PR""]","Helmet, Repairs","Casque, réparations",Active,Actif,"2023-02-27 22:50:03"
N8305BE,"[""PR""]","CLOTH, BROADCLOTH","Tissu, drap",Active,Actif,"2023-02-27 22:50:03"
N8305BN,"[""PR""]","CLOTH, COTTON","Tissu, coton",Active,Actif,"2023-02-27 22:50:03"
N8305,"[""PR""]","Textile Fabrics",Tissus,Active,Actif,"2023-02-27 22:50:03"
N8305GLA,"[""PR""]","COTTON AND POLYESTER/COTTON BLENDS, EXCEPT SHIRTING","Coton et mélanges de coton et polyester, sauf tissu pour chemiserie",Active,Actif,"2023-02-27 22:50:03"
N8305LD,"[""PR""]","CLOTH, COATED, POLY VINYL CHLORIDE ONLY","Tissu, enduit, chlorure de polyvinyle seulement",Active,Actif,"2023-02-27 22:50:03"
N8305K,"[""PR""]","CLOTH, UPHOLSTERY","Tissu, d'ameublement",Active,Actif,"2023-02-27 22:50:03"
N8320,"[""PR""]","Padding and Stuffing Materials","Matériels de rembourrage et de remplissage",Active,Actif,"2023-02-27 22:50:03"
N8320A,"[""PR""]","UPHOLSTERY SUPPLIES","Fournitures pour le rembourrage",Active,Actif,"2023-02-27 22:50:03"
N8305U,"[""PR""]","CLOTH, DUCK COTTON POLYESTER, SPUN CORE","Tissu, toile de coton et polyester, file à âme",Active,Actif,"2023-02-27 22:50:03"
N8310,"[""PR""]","Yarn and Thread",Fils,Active,Actif,"2023-02-27 22:50:03"
N8315,"[""PR""]","Notions and Apparel Findings","Mercerie et fournitures de vêtements",Active,Actif,"2023-02-27 22:50:03"
N8340,"[""PR""]","Tents and Tarpaulins","Tentes et bâches",Active,Actif,"2023-02-27 22:50:03"
N8340F,"[""PR""]","TARPAULIN, CANVAS AND PROTECTIVE COVERS, REINFORCED FABRICS","Bâche, canevas et couvertures protectrices, tissus renforcés",Active,Actif,"2023-02-27 22:50:03"
N8340G,"[""PR""]",TENTS,Tentes,Active,Actif,"2023-02-27 22:50:03"
N8340GBA,"[""PR""]","TENTS, MILITARY, CANVAS SECTIONS","Tentes militaires, sections de toile",Active,Actif,"2023-02-27 22:50:03"
N8325,"[""PR""]","Fur Materials",Pelleteries,Active,Actif,"2023-02-27 22:50:03"
N8330,"[""PR""]",Leather,Cuir,Active,Actif,"2023-02-27 22:50:03"
N8335,"[""PR""]","SHOE FINDINGS AND SOLING MATERIALS","Fournitures de cordonnerie et matériaux de ressemelage",Active,Actif,"2023-02-27 22:50:03"
N8345FAA,"[""PR""]","FLAGPOLE ALUMINIUM","Hampe en aluminium",Active,Actif,"2023-02-27 22:50:03"
N8405,"[""PR""]",Outerwear,"Vêtement de dessus",Active,Actif,"2023-02-27 22:50:03"
N8405A,"[""PR""]",Beret,Béret,Active,Actif,"2023-02-27 22:50:03"
N8340GC,"[""PR""]","TENTS, MODULAR, FIELD SERVICE","Tentes modulaires, pour la campagne",Active,Actif,"2023-02-27 22:50:03"
N8405L,"[""PR""]",Jackets/Trousers/Coveralls/Slacks/Shorts,"Blousons, pantalon, combinaison, culottes courtes",Active,Actif,"2023-02-27 22:50:03"
N8405LFA,"[""PR""]","Trousers, Slacks, Shorts, Work, Excluding Athletic or Undershorts","Pantalons, culottes, courtes, de travail, sauf athlétiques ou caleçons",Active,Actif,"2023-02-27 22:50:03"
N8405C,"[""PR""]","Cap (Except Clothing, Special Purpose)","Casquette sauf vêtements pour usages spéciaux",Active,Actif,"2023-02-27 22:50:03"
N8410,"[""PR""]","Outerwear, Women's","Vêtement de dessus, femmes",Active,Actif,"2023-02-27 22:50:03"
N8415,"[""PR""]","Clothing, Special Purpose","Vêtements à usage spécial",Active,Actif,"2023-02-27 22:50:03"
N8415NA,"[""PR""]","HELMETS, CRASH","Casques protecteur",Active,Actif,"2023-02-27 22:50:03"
N8415L,"[""PR""]","GLOVES (CLOTHING, SPECIAL PURPOSE)","Gants, vêtements pour usages spéciaux",Active,Actif,"2023-02-27 22:50:03"
N8415UEA,"[""PR""]","Swimwear, Trunks and Swimsuits, Men's and Women's","Costumes et caleçons de bain, hommes et femmes",Active,Actif,"2023-02-27 22:50:03"
N8430A,"[""PR""]","Boots, Combat","Bottes de combat",Active,Actif,"2023-02-27 22:50:03"
N8420,"[""PR""]","Underwear and Nightwear, Men's","Sous-vêtements et vêtements de nuit pour hommes",Active,Actif,"2023-02-27 22:50:03"
N8435,"[""PR""]","Footwear, Women's","Chaussures, femmes",Active,Actif,"2023-02-27 22:50:03"
N8430XA,"[""PR""]","Boots, Safety","Bottes de sécurité",Active,Actif,"2023-02-27 22:50:03"
N8445,"[""PR""]","Hosiery, Handwear and Clothing Accessories, Women's","Bonneterie, ganterie et accessoires vestimentaires pour femmes",Active,Actif,"2023-02-27 22:50:03"
N8450,"[""PR""]","Children's and Infant's Apparel and Accessories","Habillements et accessoires pour enfants et bébés",Active,Actif,"2023-02-27 22:50:03"
N8455,"[""PR""]","Badges and Insignia","Écussons et insignes",Active,Actif,"2023-02-27 22:50:03"
N8455ACB,"[""PR""]","BADGE, IDENTIFICATION, LAMINATED PLASTIC, WITH ENGRAVED LETTERING","Plaquette d'identification, lamifiée, lettrage grave",Active,Actif,"2023-02-27 22:50:03"
N8465,"[""PR""]","Individual Equipment","Équipement individuel",Active,Actif,"2023-02-27 22:50:03"
N8460,"[""PR""]",Luggage,Bagages,Active,Actif,"2023-02-27 22:50:03"
N8465S,"[""PR""]","CLIMBING EQUIPMENT SET","Équipement d'alpinisme, ensemble",Active,Actif,"2023-02-27 22:50:03"
N8470FA,"[""PR""]","Suit (incl.helmet), Ordnance, Bomb Disposal","Costume, comprend le casque, service d'équipement, désamorçage de bombe",Active,Actif,"2023-02-27 22:50:03"
N8475,"[""PR""]","Specialized Flight Clothing and Accessories","Vêtements de vol spéciaux et accessoires",Active,Actif,"2023-02-27 22:50:03"
N8475B,"[""PR""]","SUIT, FLYERS (SPECIALIZED FLIGHT CLOTHING)","Combinaison, aviateur (vêtements de vol spéciaux)",Active,Actif,"2023-02-27 22:50:03"
N8465V,"[""PR""]",SKIS,Skis,Active,Actif,"2023-02-27 22:50:03"
N8470,"[""PR""]","Armor, Personal","Vêtements de protection individuelle, blindés",Active,Actif,"2023-02-27 22:50:03"
N8470A,"[""PR""]","Helmets (personal armour)","Casque, vêtements de protection individuelle, blindés",Active,Actif,"2023-02-27 22:50:03"
WR6532,"[""PR""]","HOSPITAL AND SURGICAL CLOTHING AND RELATED SPECIAL PURPOSE ITEMS - RENTAL","Vêtements d'hôpital et de salle d'opération et articles apparentes à usage spécial - location",Active,Actif,"2023-02-27 22:50:03"
WR7220A,"[""PR""]","MATS, SLUSH - RENTAL","Location de paillassons pour la neige fondante",Active,Actif,"2023-02-27 22:50:03"
WR8340,"[""PR""]","TENTS AND TARPAULINS - RENTAL","Tentes et bâches - location",Active,Actif,"2023-02-27 22:50:03"
WR8405A,"[""PR""]","COVERALLS, OVERALLS, WORK TYPE ONLY, COTTON PLUS COTTON BLENDS - RENTAL","Combinaisons, cottes à bretelles, pour travail, coton et mélange de coton - location",Active,Actif,"2023-02-27 22:50:03"
WR8415,"[""PR""]","Clothing, Special Purpose - Rental","Vêtements à usage spécial - location",Active,Actif,"2023-02-27 22:50:03"
N8440,"[""PR""]","Hosiery, Handwear and Clothing Accessories, Men's","Bonneterie, ganterie et accessoires vestimentaires pour hommes",Active,Actif,"2023-02-27 22:50:03"
N8345,"[""PR""]","Flags and Pennants","Drapeaux et banderoles",Active,Actif,"2023-02-27 22:50:03"
N8425,"[""PR""]","Underwear and Nightwear, Women's","Sous-vêtements et vêtements de nuit, pour femmes",Active,Actif,"2023-02-27 22:50:03"
N8430,"[""PR""]","Footwear, Men's","Chaussures pour hommes",Active,Actif,"2023-02-27 22:50:03"
G009B,"[""PV""]","Optical Services","Services d'optique",Active,Actif,"2023-02-27 22:50:03"
JI6520,"[""PV""]","Dental Instruments, Equipment, and Supplies - Installation","Instruments, équipement et approvisionnements dentaires - installation",Active,Actif,"2023-02-27 22:50:03"
JI6530,"[""PV""]","Hospital Furniture, Equipment, Utensils and Supplies - Installation","Mobiliers, équipements, ustensiles et approvisionnements d'hôpitaux - installation",Active,Actif,"2023-02-27 22:50:03"
JI6660,"[""PV""]","Meteorological Instruments and Apparatus - Installation","Instruments et appareils météorologiques - installation",Active,Actif,"2023-02-27 22:50:03"
JI6685,"[""PV""]","Pressure, Temperature, and Humidity Measuring and Controlling Instruments - Installation","Instruments de contrôle et de mesure de pression, de température et d'humidité - installation",Active,Actif,"2023-02-27 22:50:03"
JX6515,"[""PV""]","Medical and Surgical Instruments, Equipment and Supplies - Repair","Instruments, équipement et fournitures médicaux chirurgicaux - réparation",Active,Actif,"2023-02-27 22:50:03"
JX6515A,"[""PV""]","Medical Equipment Surgical/Diagnostic and Accessories - Repair and Overhaul","Équipement médical, accessoires pour le diagnostique et la chirurgie - réparation et révision",Active,Actif,"2023-02-27 22:50:03"
JX6520,"[""PV""]","Dental Instruments, Equipment and Supplies - Repair","Instruments, équipement et approvisionnements dentaires - réparation",Active,Actif,"2023-02-27 22:50:03"
JX6525,"[""PV""]","X-Ray Equipment - Repair","Accessoires radiographiques - réparation",Active,Actif,"2023-02-27 22:50:03"
JX6530,"[""PV""]","Hospital Furniture, Equipment, Utensils and Supplies - Repair","Mobiliers, équipements, ustensiles et approvisionnements d'hôpitaux - réparation",Active,Actif,"2023-02-27 22:50:03"
JX6630,"[""PV""]","Chemical Analysis Instruments - Repair and Overhaul","Instruments d'analyse chimique - réparation et révision",Active,Actif,"2023-02-27 22:50:03"
JX6635,"[""PV""]","Physical Properties Testing and Inspection Equipment - Repair and Overhaul","Équipments pour l'examens des propriétés physiques et pour l'inspection - réparation et révision",Active,Actif,"2023-02-27 22:50:03"
JX6636,"[""PV""]","Environmental Chambers and Related Equipment - Repair and Overhaul","Enceinte à ambiance contrôle et équipements connexes - réparation et révision",Active,Actif,"2023-02-27 22:50:03"
JX6640,"[""PV""]","Laboratory Equipment and Supplies - Repair","Équipement et approvisionnements de laboratoire - réparation",Active,Actif,"2023-02-27 22:50:03"
JX6645,"[""PV""]","Time Measuring Instruments - Repair","Instruments de mesure de temps - réparation",Active,Actif,"2023-02-27 22:50:03"
JX6650,"[""PV""]","Optical Instruments, Test Equipment, Components and Accessories - Repair and Overhaul","Instruments d'optique, matériel d'essai, composants et accessoires - réparation et révision",Active,Actif,"2023-02-27 22:50:03"
JX6655,"[""PV""]","Geophysical Instruments","Instruments de géophysique",Active,Actif,"2023-02-27 22:50:03"
JX6655A,"[""PV""]","Oceanographic Instruments - Repair","Instruments océanographiques - réparation",Active,Actif,"2023-02-27 22:50:03"
JX6660,"[""PV""]","Meteorological Instruments and Apparatus - Repair and Overhaul","Instruments et appareils météorologiques - réparation et révision",Active,Actif,"2023-02-27 22:50:03"
JX6665,"[""PV""]","Hazard-Detecting Instruments and Apparatus - Repair and Overhaul","Instruments et appareils de détection de danger - réparation et révision",Active,Actif,"2023-02-27 22:50:03"
JX6670,"[""PV""]","Scales and Balances - Repair","Balances et machines à peser - réparation",Active,Actif,"2023-02-27 22:50:03"
JX6670A,"[""PV""]","Scales - Repair and Overhaul","Balances - réparation et révision",Active,Actif,"2023-02-27 22:50:03"
JX6530D,"[""PV""]","Sterilizer - Repair","Stérilisateur - réparation",Active,Actif,"2023-02-27 22:50:03"
JX6530E,"[""PV""]","Wheelchair, Folding/Nonfolding - Repair and Overhaul","Fauteuil roulant, pliable ou non pliable - réparation et révision",Active,Actif,"2023-02-27 22:50:03"
JX6545,"[""PV""]","Replenishable Field Medical Sets, Kits, and Outfits","Trousses médicales de campagne à réapprovisionner",Active,Actif,"2023-02-27 22:50:03"
JX6740,"[""PV""]","Photographic Developing and Finishing Equipment - Repair","Équipements de développement et de tirage photographiques -réparation",Active,Actif,"2023-02-27 22:50:03"
JX6750,"[""PV""]","Photographic Supplies - Repair","Fournitures photographiques - réparation",Active,Actif,"2023-02-27 22:50:03"
JX6760,"[""PV""]","Photographic Equipment and Accessories - Repair and Overhaul","Équipement photographique et accessoires - réparation et révision",Active,Actif,"2023-02-27 22:50:03"
JX6780,"[""PV""]","Photographic Sets, Kits and Outfits - Repair","Nécessaires, trousses, assortiments d'articles photographiques - réparation",Active,Actif,"2023-02-27 22:50:03"
JX6675,"[""PV""]","Drafting, Surveying and Mapping Instruments - Repair","Instruments de traces, de levés de plans et de cartographie - réparation",Active,Actif,"2023-02-27 22:50:03"
JX6675A,"[""PV""]","Surveying Equipment or Instruments - Repair and Overhaul","Équipement ou instruments pour levés de plans - réparation et révision",Active,Actif,"2023-02-27 22:50:03"
JX6675B,"[""PV""]","Plotters - Repair and Overhaul","Traceurs - réparation et révision",Active,Actif,"2023-02-27 22:50:03"
JX6680,"[""PV""]","Liquid and Gas Flow, Liquid Level and Mechanical Motion Measuring Instruments - Repair","Instruments de mesure d'écoulement des fluides, de niveaux de liquides et de mouvements mécaniques - réparation",Active,Actif,"2023-02-27 22:50:03"
JX6680A,"[""PV""]","Liquid and Gas Flow, Liquid Level and Mechanical Motion Measuring Instruments, Aeronautical Only - Repair and Overhaul","Instruments de mesure d'élément des fluides, de niveaux de liquides et de mouvements mécaniques, pour aéronef seulement - réparation et révision",Active,Actif,"2023-02-27 22:50:03"
JX6685,"[""PV""]","Pressure, Temperature and Humidity Measuring and Controlling Instruments - Repair","Instruments de contrôle et de mesure de pression, de température et d'humidité - réparation",Active,Actif,"2023-02-27 22:50:03"
JX6685A,"[""PV""]","Controls, Pressure/Temperature, Recording - Repair and Overhaul","Instruments de contrôle et d'enregistrement de température et pression - réparation et révision",Active,Actif,"2023-02-27 22:50:03"
JX6685B,"[""PV""]","Pressure, Temperature and Humidity Measuring and Controlling Instruments, Aeronautical Only - Repair and Overhaul","Instruments de contrôle et mesure de pressions de températures et d'humidité, aéronefs seulement - réparation et révision",Active,Actif,"2023-02-27 22:50:03"
JX6695,"[""PV""]","Combination and Miscellaneous Instruments - Repair","Combinaisons et instruments divers - réparation",Active,Actif,"2023-02-27 22:50:03"
JX6710,"[""PV""]","Cameras, Motion Picture - Repair","Appareils cinématographiques - réparation",Active,Actif,"2023-02-27 22:50:03"
JX6730,"[""PV""]","Photographic Projection Equipment - Rental","Équipement de projection photographique et cinématographique - location",Active,Actif,"2023-02-27 22:50:03"
JX8530A,"[""PV""]","Razor, Electric - Repair","Rasoir, électrique - réparation",Active,Actif,"2023-02-27 22:50:03"
N4230B,"[""PV""]","Decontaminating Equipment and Components NBCW (Vehicles Excepted)","Équipement de contamination et composants, GNBC, sauf véhicules",Active,Actif,"2023-02-27 22:50:03"
N4240NA,"[""PV""]","Mask, Chemical/Biological (Non-Marine)","Masque, produit chimique, biologique, non-marin",Active,Actif,"2023-02-27 22:50:03"
N4240NAG,"[""PV""]","Filter, Air, Chemical-Biological (CW)","Filtre à air, chimique, biologique, GC",Active,Actif,"2023-02-27 22:50:03"
N4240NAL,"[""PV""]","Filter, Gas (CW)","Filtre pour gaz, GC",Active,Actif,"2023-02-27 22:50:03"
N4240NAM,"[""PV""]","Filter, Gas-Particulate (CW)","Filtre à gaz à particules, GC",Active,Actif,"2023-02-27 22:50:03"
N4230C,"[""PV""]","Personnel Decontamination Lotion (C.W. Agents)","Lotion de décontamination pour le personnel, agent GC",Active,Actif,"2023-02-27 22:50:03"
N6508,"[""PV""]","Medicated Cosmetics and Toiletries","Cosmétiques et produits de toilette médicamenteux",Active,Actif,"2023-02-27 22:50:03"
N6508B,"[""PV""]","SUNBURN PREVENTATIVE PREPARATIONS","Préparations antisolaires",Active,Actif,"2023-02-27 22:50:03"
N6508E,"[""PV""]","Skin and Hand Creams, Lotions and Foams; Silicone Based","Derma shield, protection de la peau",Active,Actif,"2023-02-27 22:50:03"
N6508F,"[""PV""]","Protective Cream","Crème protectrice",Active,Actif,"2023-02-27 22:50:03"
N6510,"[""PV""]","Surgical Dressing Materials","Matériels de pansements chirurgicaux",Active,Actif,"2023-02-27 22:50:03"
N6510E,"[""PV""]","BANDAGES AND DRESSINGS","Bandages et pansements",Active,Actif,"2023-02-27 22:50:03"
N6510ES,"[""PV""]","DRESSING MATERIEL, WOUND TREATMENT","Matériau pour pansement, traitement des blessures",Active,Actif,"2023-02-27 22:50:03"
N6510ET,"[""PV""]","SUPPORTS ELASTIC, ANKLE, KNEE, ELBOW","Supports, élastiques, chevilles, genoux, épaules",Active,Actif,"2023-02-27 22:50:03"
N6510QC,"[""PV""]","SPONGE, ABSORBABLE GELATIN","Éponge, gélatine résorbable, chirurgie",Active,Actif,"2023-02-27 22:50:03"
N6515,"[""PV""]","Medical and Surgical Instruments, Equipment and Supplies","Instruments, équipements et approvisionnements médicaux et chirurgicaux",Active,Actif,"2023-02-27 22:50:03"
N6515001,"[""PV""]","DRUG DELIVERY SYSTEMS (N.E.S.)","Produits pharmaceutiques intraveineux, N.E.A.",Active,Actif,"2023-02-27 22:50:03"
N6515002,"[""PV""]","VENTILATORS, INFANTS AND ADULTS","Ventilateurs pour enfants et adultes",Active,Actif,"2023-02-27 22:50:03"
N6515004,"[""PV""]","EMERGENCY ASSISTANCE REQUEST SYSTEMS","Système de demande d'aide en cas d'urgence",Active,Actif,"2023-02-27 22:50:03"
N6515005,"[""PV""]","PLASMA THAWING UNITS","Unités de décongélation de plasma",Active,Actif,"2023-02-27 22:50:03"
N6515007,"[""PV""]","IV - PUSH PRESSURE INFUSOR","Intraveineuse, pompe de perfusion sous pression",Active,Actif,"2023-02-27 22:50:03"
N6510M,"[""PV""]","PACKS AND PADS (SURGICAL DRESSING MATERIALS)","Pansements et tampon (matériels pour pansement chirurgical)",Active,Actif,"2023-02-27 22:50:03"
N6510MH,"[""PV""]","PADS INCONTINENCE","Culottes d'incontinence",Active,Actif,"2023-02-27 22:50:03"
N6515CC,"[""PV""]","BOOTHS, AUDIOMETRIC EXAMINATION","Cabine, examen audiométrique",Active,Actif,"2023-02-27 22:50:03"
N6515CEA,"[""PV""]","BULB, SPHYGMOMANOMETER","Poire, sphygmomanomètre",Active,Actif,"2023-02-27 22:50:03"
N6515CF,"[""PV""]",DEFIBRILLATORS,Défibrillateurs,Active,Actif,"2023-02-27 22:50:03"
N6515CG,"[""PV""]",ELECTROCARDIOGRAPH,Électrocardiographe,Active,Actif,"2023-02-27 22:50:03"
N6515CH,"[""PV""]",ELECTROENCEPHALOGRAPH,Électroencéphalographe,Active,Actif,"2023-02-27 22:50:03"
N6515CLA,"[""PV""]","ULTRASONIC UNIT PHYSIOTHERAPEUTIC","Unité à ultrasons, physiothérapeutique",Active,Actif,"2023-02-27 22:50:03"
N6515BD,"[""PV""]","WALKERS (TML) FOLDING","Marcheuses (TML) pliantes",Active,Actif,"2023-02-27 22:50:03"
N6515C,"[""PV""]","MEDICAL EQUIPMENT SURGICAL/DIAGNOSTIC AND ACCESSORIES","Équipement médical pour chirurgie/diagnostic, et accessoires",Active,Actif,"2023-02-27 22:50:03"
N6515CW,"[""PV""]",ENDOSCOPES,Endoscopes,Active,Actif,"2023-02-27 22:50:03"
N6515CZ,"[""PV""]","PATHOLOGY EQUIPMENT","Équipement de pathologie",Active,Actif,"2023-02-27 22:50:03"
N6515D,"[""PV""]","SURGICAL INSTRUMENT","Instruments chirurgicaux",Active,Actif,"2023-02-27 22:50:03"
N6515CN,"[""PV""]","OXYGEN MEDICAL EQUIPMENT","Équipement médical d'oxygène",Active,Actif,"2023-02-27 22:50:03"
N6515CS,"[""PV""]","MONITOR, PHYSIOLOGICAL FUNCTIONS AND ACCESSORIES","Contrôleur, fonctions physiologiques et accessoires",Active,Actif,"2023-02-27 22:50:03"
N6515CSA,"[""PV""]","DEVICE BIOFEEDBACK, HEART RATE MONITORING","Dispositif de biorétroaction, contrôle de fréquence cardiaque",Active,Actif,"2023-02-27 22:50:03"
N6515CVA,"[""PV""]","VALVES AND CATHETERS CARDIAC","Valves et cathéters cardiaques",Active,Actif,"2023-02-27 22:50:03"
N6515HC,"[""PV""]","GLOVES, LATEX, DISPOSABLE","Gants, latex, jetables",Active,Actif,"2023-02-27 22:50:03"
N6515J,"[""PV""]","HEARING AIDS","Appareils auditifs",Active,Actif,"2023-02-27 22:50:03"
N6515K,"[""PV""]","INSUFFLATORS AND ACCESSORIES","Insufflateurs et accessoires",Active,Actif,"2023-02-27 22:50:03"
N6515L,"[""PV""]","NEBULIZER, MEDICINAL","Appareil aérosol, médical",Active,Actif,"2023-02-27 22:50:03"
N6515N,"[""PV""]","PLUG, EAR","Obturateur auriculaire",Active,Actif,"2023-02-27 22:50:03"
N6515NC,"[""PV""]","PLUG, EAR, RUBBER","Obturateur auriculaire, caoutchouc",Active,Actif,"2023-02-27 22:50:03"
N6515Y,"[""PV""]","PROSTHETIC SUPPLIES","Fournitures prosthétiques",Active,Actif,"2023-02-27 22:50:03"
N6515ZA,"[""PV""]","THERMAL TRANSFER OR COLD/HOT PACKS","Enveloppement froid/chaud ou de transmission thermique",Active,Actif,"2023-02-27 22:50:03"
N6515ZB,"[""PV""]","HYPOTHERMIA EQUIPMENT","Matériel hypothermique",Active,Actif,"2023-02-27 22:50:03"
N6520,"[""PV""]","Dental Instruments, Equipment, and Supplies","Instruments, équipement et approvisionnements dentaires",Active,Actif,"2023-02-27 22:50:03"
N6520A,"[""PV""]","DENTAL BURR","Fraise dentaire",Active,Actif,"2023-02-27 22:50:03"
N6520B,"[""PV""]","DENTAL CHAIR","Fauteuil dentaire",Active,Actif,"2023-02-27 22:50:03"
N6515T,"[""PV""]","CONDOM (SHEATH, PROPHYLACTIC)","Condom (gaines, prophylactiques)",Active,Actif,"2023-02-27 22:50:03"
N6515V,"[""PV""]","Veterinary Equipment and Supplies","Équipement et accessoires de vétérinaire",Active,Actif,"2023-02-27 22:50:03"
N6520Q,"[""PV""]","DENTAL UNITS","Groupes dentaires",Active,Actif,"2023-02-27 22:50:03"
N6520U,"[""PV""]","DENTAL INSTRUMENTS, EQUIPMENT AND SUPPLIES (N.E.S.)","Instruments, équipement et accessoires dentaires (N.E.A.)",Active,Actif,"2023-02-27 22:50:03"
N6525,"[""PV""]","Imaging Equipment and Supplies: Medical, Dental, Veterinary","Fournitures et équipement de formation d'images: medical,dentaire, vétérinaire",Active,Actif,"2023-02-27 22:50:03"
N6525A,"[""PV""]","X-RAY EQUIPMENT (EXCEPT INDUSTRIAL)","Équipement à rayons X, sauf industriel",Active,Actif,"2023-02-27 22:50:03"
N6525AA,"[""PV""]","X-RAY EQUIPMENT, RADIOGRAPHIC, MEDICAL","Équipement à rayons X, radiographique, médical",Active,Actif,"2023-02-27 22:50:03"
N6530E,"[""PV""]","STOOL (HOSPITAL)","Tabouret (hôpital)",Active,Actif,"2023-02-27 22:50:03"
N6530EA,"[""PV""]","STOOL, REVOLVING, ADJUSTABLE (HOSPITAL)","Tabouret, tournant, ajustable, hôpital",Active,Actif,"2023-02-27 22:50:03"
N6530F,"[""PV""]","TABLE (HOSPITAL)","Table, hôpital",Active,Actif,"2023-02-27 22:50:03"
N6530GAC,"[""PV""]","BAG, URINE","Sac, urine",Active,Actif,"2023-02-27 22:50:03"
N6530GBB,"[""PV""]","BASIN, EMESIS, STAINLESS STEEL","Bassin, réniforme, acier inoxydable",Active,Actif,"2023-02-27 22:50:03"
N6525B,"[""PV""]","CHEMICALS, X-RAY FILM","Pellicules radiographiques chimiques",Active,Actif,"2023-02-27 22:50:03"
N6525E,"[""PV""]","PROCESSORS, X-RAY FILM","Développeurs, films radiographiques",Active,Actif,"2023-02-27 22:50:03"
N6525F,"[""PV""]","X-RAY FILM, MEDICAL (ALL TYPES)","Film, radiographique, médical, de tous genres",Active,Actif,"2023-02-27 22:50:03"
N6525G,"[""PV""]","Ultrasonic Unit, Diagnostic, Human","Unité à ultrasons, diagnostique humain",Active,Actif,"2023-02-27 22:50:03"
N6530001,"[""PV""]","DRUG RECOVERY EQUIPMENT","Matériel de récupération des drogues",Active,Actif,"2023-02-27 22:50:03"
N6530A,"[""PV""]","BED, HOSPITAL","Lit, hôpital",Active,Actif,"2023-02-27 22:50:03"
N6530AB,"[""PV""]","BED, HOSPITAL, STEEL, ELECTRICALLY OPERATED","Lit, hôpital, acier, électrique",Active,Actif,"2023-02-27 22:50:03"
N6530B,"[""PV""]","CHAIR, HOSPITAL","Fauteuil, hôpital",Active,Actif,"2023-02-27 22:50:03"
N6530BA,"[""PV""]","CHAIR, HOSPITAL, GERIATRIC TYPE","Fauteuil, hôpital, type gériatrie",Active,Actif,"2023-02-27 22:50:03"
N6530BB,"[""PV""]","CHAIR, HOSPITAL, CONVALESCENT TYPE","Fauteuil, hôpital, type convalescence",Active,Actif,"2023-02-27 22:50:03"
N6530C,"[""PV""]","FURNITURE, HOSPITAL","Mobilier, hôpital",Active,Actif,"2023-02-27 22:50:03"
N6530GC,"[""PV""]","BEDPAN, STEELWARE","Bassin de lit, en acier",Active,Actif,"2023-02-27 22:50:03"
N6530GEC,"[""PV""]","BOTTLE/VIAL, GLASS (PRESCRIPTION DISPENSING)","Bouteille, fiole, verre, distribution d'ordonnances",Active,Actif,"2023-02-27 22:50:03"
N6530GJ,"[""PV""]","CABINETS, HOSPITAL","Armoire vitrine, hôpital",Active,Actif,"2023-02-27 22:50:03"
N6530GL,"[""PV""]","CART, HOSPITAL","Chariots, hôpital",Active,Actif,"2023-02-27 22:50:03"
N6530NB,"[""PV""]","ORTHOPEDIC EQUIPMENT","Équipement orthopédique",Active,Actif,"2023-02-27 22:50:03"
N6530PB,"[""PV""]","PAPER, SHEETING, EXAMINATION-TREATMENT, TABLES","Garniture de propreté, tables examens et traitements",Active,Actif,"2023-02-27 22:50:03"
N6530PC,"[""PV""]","PHYSIOTHERAPY EQUIPMENT","Équipement de physiothérapie",Active,Actif,"2023-02-27 22:50:03"
N6530PCA,"[""PV""]","BATH WHIRLPOOL","Bain tourbillon",Active,Actif,"2023-02-27 22:50:03"
N6530PD,"[""PV""]","PIN, SAFETY, ORTHOPEDIC TYPE","Épingle de sûreté, type orthopédique",Active,Actif,"2023-02-27 22:50:03"
N6530PG,"[""PV""]","PULMONARY EQUIPMENT","Équipement pulmonaire",Active,Actif,"2023-02-27 22:50:03"
N6530PL,"[""PV""]","RADIOLOGY EQUIPMENT","Équipement de radiologie",Active,Actif,"2023-02-27 22:50:03"
N6530LAB,"[""PV""]","Lights, Examining","Lampe, examen",Active,Actif,"2023-02-27 22:50:03"
N6530LB,"[""PV""]",LITTER/STRETCHER,"Litière, chariot",Active,Actif,"2023-02-27 22:50:03"
N6530LBA,"[""PV""]","LITTER/STRETCHER, ALUMINUM","Litière, chariot, aluminium",Active,Actif,"2023-02-27 22:50:03"
N6530LBB,"[""PV""]","LITTER/STRETCHER, FOLDING","Litière, chariot, pliant",Active,Actif,"2023-02-27 22:50:03"
N6530LBC,"[""PV""]","LITTER/STRETCHER, SURVIVAL","Litière, chariot, survivance",Active,Actif,"2023-02-27 22:50:03"
N6530SC,"[""PV""]","STERILIZER CONTROLS","Commandes de stérilisateur",Active,Actif,"2023-02-27 22:50:03"
N6530SE,"[""PV""]","STRETCHER, AMBULANCE/HOSPITAL, WHEELED","Civière, ambulance, hôpital, sur roues",Active,Actif,"2023-02-27 22:50:03"
N6530SH,"[""PV""]","STRAPS, RESTRAINT",Pontets,Active,Actif,"2023-02-27 22:50:03"
N6530TAB,"[""PV""]","TABLE, EXAMINING","Table, examen malade",Active,Actif,"2023-02-27 22:50:03"
N6530Q,"[""PV""]","CHAIR EVACUATION","Chaise d'aisance",Active,Actif,"2023-02-27 22:50:03"
N6530RA,"[""PV""]",RESPIRATOR,Respirateur,Active,Actif,"2023-02-27 22:50:03"
N6530SA,"[""PV""]","STAND (HOSPITAL)","Support, hôpital",Active,Actif,"2023-02-27 22:50:03"
N6530SB,"[""PV""]",STERILIZER,Stérilisateur,Active,Actif,"2023-02-27 22:50:03"
N6530SBA,"[""PV""]","STERILIZER/AUTOCLAVE, PORTABLE","Stérilisateur, autoclave, portatif",Active,Actif,"2023-02-27 22:50:03"
N6530SBB,"[""PV""]","STERILIZER, BEDPAN, BOILING TYPE","Stérilisateur, bassin de lit, type ébullition",Active,Actif,"2023-02-27 22:50:03"
N6530SBG,"[""PV""]","STERILIZER, WATER TYPE","Stérilisateur, type à eau",Active,Actif,"2023-02-27 22:50:03"
N6530SBH,"[""PV""]","STERILIZER, WATER, ULTRAVIOLET","Stérilisateur, à eau, à ondes ultraviolettes",Active,Actif,"2023-02-27 22:50:03"
N6530WB,"[""PV""]","Wheelchair, All Types","Fauteuil roulant, tous les types",Active,Actif,"2023-02-27 22:50:03"
N6530WC,"[""PV""]","PATIENT LIFT AND TRANSPORT DEVICE","Dispositif de levage et de transport de patient",Active,Actif,"2023-02-27 22:50:03"
N6530X,"[""PV""]","AMBULATORY AIDS","Aides ambulatoires",Active,Actif,"2023-02-27 22:50:03"
N6530TD,"[""PV""]","TUBE, DRINKING, BENT TYPE, GLASS","Chalumeau, boisson, type flexible, verre",Active,Actif,"2023-02-27 22:50:03"
N6550FR,"[""PV""]","TEST KITS","Trousses d'analyse",Active,Actif,"2023-02-27 22:50:03"
N6550FRJ,"[""PV""]","TEST KITS, DIAGNOSTIC REAGENTS","Trousses d'analyse, réactifs pour le diagnostic",Active,Actif,"2023-02-27 22:50:03"
N6550FS,"[""PV""]","TEST STRIPS AND COLOUR CHART","Bâtonnets réactifs et tableau colorimétrique",Active,Actif,"2023-02-27 22:50:03"
N6540,"[""PV""]","Opticians Equipment, Instruments and Supplies","Équipement, instruments et approvisionnements d'opticien",Active,Actif,"2023-02-27 22:50:03"
N6540A,"[""PV""]","OPTICIANS INSTRUMENTS, EQUIPMENT AND SUPPLIES (N.E.S.)","Instruments, équipements et approvisionnements d'opticiens (N.E.A.)",Active,Actif,"2023-02-27 22:50:03"
N6540C,"[""PV""]",Eyeglasses,Lunettes,Active,Actif,"2023-02-27 22:50:03"
N6545,"[""PV""]","Replenishable Field Medical Sets, Kits, and Outfits","Trousses médicales de campagne à réapprovisionner",Active,Actif,"2023-02-27 22:50:03"
N6545B,"[""PV""]","FIRST AID KIT, GENERAL PURPOSE","Nécessaire de premiers soins, tout usage",Active,Actif,"2023-02-27 22:50:03"
N6545D,"[""PV""]","OPTICAL EQUIPMENT SET, DIAGNOSTIC, FIELD SERVICE UNIT","Lot d'équipement optique, diagnostic, unité de service sur le champ",Active,Actif,"2023-02-27 22:50:03"
N6545EA,"[""PV""]","KIT SEXUAL ASSAULT EXAMINATION","Trousse d'examen pour assaut sexuel",Active,Actif,"2023-02-27 22:50:03"
N6550,"[""PV""]","In Vitro Diagnostic Substances, Reagents, Test Kits and Sets","Substances et réactifs pour le diagnostic en vitro, jeux et trousses",Active,Actif,"2023-02-27 22:50:03"
N6550G,"[""PV""]","SENSITIVITY DISCS, DIAGNOSTIC (ANTIBIOTIC)","Disques, sensibilité, diagnostic, antibiotique",Active,Actif,"2023-02-27 22:50:03"
N6630,"[""PV""]","Chemical Analysis Instruments","Instruments d'analyse chimique",Active,Actif,"2023-02-27 22:50:03"
N6630A,"[""PV""]",ANALYZERS,Analyseurs,Active,Actif,"2023-02-27 22:50:03"
N6630AA,"[""PV""]","ANALYZERS, AMINO ACID","Analyseurs, aminoacide",Active,Actif,"2023-02-27 22:50:03"
N6630AC,"[""PV""]","ANALYZERS, COAGULATION, AUTOMATIC","Analyseurs, automatiques, coagulation",Active,Actif,"2023-02-27 22:50:03"
N6630AE,"[""PV""]","ANALYZERS, ELECTRON PROBE (MICROPROBE)","Analyseurs, sonde électronique, microsonde",Active,Actif,"2023-02-27 22:50:03"
N6630AF,"[""PV""]","ANALYZERS, GAS (INCLUDES NOX, CO, CO2, SO2, O2) EXCLUDES HAZARD TYPE","Analyseurs de gaz, comprend NOX, CO, CO2, SO2, O2, exclut type danger",Active,Actif,"2023-02-27 22:50:03"
N6630AG,"[""PV""]","ANALYZERS, ELEMENTAL (C, H, N, TOC)","Analyseurs, élémentaires, C, H, N, TOC",Active,Actif,"2023-02-27 22:50:03"
N6630AH,"[""PV""]","ANALYZERS, BLOOD GAS, ELECTROLYTES (PCO,PH,PO,NA,K,CA)","Analyseurs, gaz dans le sang, électrolytes, PCO, PH, PO, NA, K, CA",Active,Actif,"2023-02-27 22:50:03"
N6630AJ,"[""PV""]","ANALYZERS, FLOW CYTOMETERS","Analyseurs, cytomètres à flux continu",Active,Actif,"2023-02-27 22:50:03"
N6630AL,"[""PV""]","ANALYZERS, POLAROGRAPHY","Analyseurs, polarographe",Active,Actif,"2023-02-27 22:50:03"
N6630AM,"[""PV""]","ANALYZERS, CHEMICAL, AUTOMATIC (INCLUDES CLINICAL)","Analyseurs chimiques, automatiques, comprend médicaux",Active,Actif,"2023-02-27 22:50:03"
N6630AN,"[""PV""]","ANALYZERS, SURFACE ORIENTATED (AUGER, PHOTOELECTRON SPECTROMETERS, MOLECULAR BEAM EPITAXY, CHEMICAL VAPOR DEPOSITION)","Analyseurs de surface, orientés, spectromètres de photoélectrons Auger, épitaxie de faisceau moléculaire, dépôt de vapeur chimique",Active,Actif,"2023-02-27 22:50:03"
N6630F,"[""PV""]","HYDROMETER (ALL TYPES)","Hydromètre, tous les types",Active,Actif,"2023-02-27 22:50:03"
N6630G,"[""PV""]","PH METERS (ALL TYPES)","Ph mètres, tous les types",Active,Actif,"2023-02-27 22:50:03"
N6630GA,"[""PV""]","PH METERS, ACCESSORIES (INCLUDES BUFFERS, ELECTRODES)","Ph mètres, accessoires, comprend tampons, électrodes",Active,Actif,"2023-02-27 22:50:03"
N6630H,"[""PV""]","MONITOR, GAS, (BETA)","Contrôleur, gaz (beta)",Active,Actif,"2023-02-27 22:50:03"
N6630L,"[""PV""]","VISCOMETER (ALL TYPES)","Viscomètre, tous les types",Active,Actif,"2023-02-27 22:50:03"
N6630M,"[""PV""]","WATER SAMPLING KITS (ALL TYPES)","Trousses pour prises d'échantillon de l'eau, tous les types",Active,Actif,"2023-02-27 22:50:03"
N6630N,"[""PV""]","SOIL TESTING KITS","Jeux d'analyse du sol",Active,Actif,"2023-02-27 22:50:03"
N6630P,"[""PV""]",SPECTROMETER,Spectromètre,Active,Actif,"2023-02-27 22:50:03"
N6630PA,"[""PV""]","SPECTROMETER, NUCLEAR MAGNETIC, RESONANCE (NMR) (INCLUDES FOURIER TRANSFORM)","Spectromètre, résonnance magnétique nucléaire, RMN, inclut transformée de fourrier",Active,Actif,"2023-02-27 22:50:03"
N6630PC,"[""PV""]","SPECTROMETER, MASS (EXCEPT LEAK DETECTOR TYPE)","Spectromètre, de masse, sauf type détecteur de fuites",Active,Actif,"2023-02-27 22:50:03"
N6630PCA,"[""PV""]","IONIZATION SOURCE FOR MASS SPECTROMETERS","Source d'ionisation pour spectrographe de masse",Active,Actif,"2023-02-27 22:50:03"
N6630PD,"[""PV""]","SPECTROMETER, PLASMA EMISSION","Spectromètre, émission de plasma",Active,Actif,"2023-02-27 22:50:03"
N6630B,"[""PV""]",CHROMATOGRAPH,Chromatographe,Active,Actif,"2023-02-27 22:50:03"
N6630BA,"[""PV""]","CHROMATOGRAPH, GAS","Chromatographe en phase gazeuse",Active,Actif,"2023-02-27 22:50:03"
N6630BB,"[""PV""]","CHROMATOGRAPH, GAS, MASS SPECTROMETER, DATA SYSTEM (GC, MS/DS)","Chromatographe en phase gazeuse, spectromètre de masse, système de données, CG, SM, SD",Active,Actif,"2023-02-27 22:50:03"
N6630BC,"[""PV""]","CHROMATOGRAPH, GAS, MASS SPECTROMETER","Chromatographe, gaz, spectromètre à masse",Active,Actif,"2023-02-27 22:50:03"
N6630BD,"[""PV""]","CHROMATOGRAPH, LIQUID (HPLC)","Chromatographe, liquide, CLHP",Active,Actif,"2023-02-27 22:50:03"
N6630BF,"[""PV""]","CHROMATOGRAPH, ACCESSORIES (COLUMNS, DETECTORS, PUMPS)","Chromatographe, accessoires, colonnes, détecteurs, pompes",Active,Actif,"2023-02-27 22:50:03"
N6630BH,"[""PV""]","CHROMATOGRAPH, ION","Chromatographe ionique",Active,Actif,"2023-02-27 22:50:03"
N6630C,"[""PV""]","COLORIMETER (ALL TYPES)","Colorimètre, tous les types",Active,Actif,"2023-02-27 22:50:03"
N6630D,"[""PV""]",COUNTERS,Compteurs,Active,Actif,"2023-02-27 22:50:03"
N6630DA,"[""PV""]","COUNTERS, LIQUID SCINTILLATION","Compteurs, à scintillation de liquide",Active,Actif,"2023-02-27 22:50:03"
N6630DB,"[""PV""]","COUNTERS, GAMMA","Compteurs de rayons Gamma",Active,Actif,"2023-02-27 22:50:03"
N6630DC,"[""PV""]","COUNTERS, PLANCHET SYSTEMS","Compteurs, systèmes à flan",Active,Actif,"2023-02-27 22:50:03"
N6630DE,"[""PV""]","COUNTERS, PARTICLE","Compteurs, particule",Active,Actif,"2023-02-27 22:50:03"
N6630E,"[""PV""]","TURBIDIMETER (INCL NEPHELOMETER)","Opacimètre, incluant néphélomètre",Active,Actif,"2023-02-27 22:50:03"
N6635DC,"[""PV""]","DETECTORS, METAL FLAW, ELECTRONIC","Détecteurs, défaut de métal, électroniques",Active,Actif,"2023-02-27 22:50:03"
N6635DF,"[""PV""]","SCANNER, RADIOISOTOPE","Analyseur radio-isotope",Active,Actif,"2023-02-27 22:50:03"
N6635E,"[""PV""]","INSPECTION EQUIPMENT, ULTRA-SONIC","Équipement d'inspection, ultra-sonore",Active,Actif,"2023-02-27 22:50:03"
N6635F,"[""PV""]",SPECTROMETER,Spectromètre,Active,Actif,"2023-02-27 22:50:03"
N6635FA,"[""PV""]","SPECTROMETER, ELECTRON IMPACT","Spectromètre, impact électronique",Active,Actif,"2023-02-27 22:50:03"
N6635FB,"[""PV""]","SPECTROMETER, GAMMA RAY","Spectromètre, rayon gamma",Active,Actif,"2023-02-27 22:50:03"
N6635FC,"[""PV""]","SPECTROMETER, MASS, LEAK DETECTOR TYPE","Spectromètre, masse, type détecteur de fuite",Active,Actif,"2023-02-27 22:50:03"
N6635FE,"[""PV""]","SPECTROMETER, FLUORESCENCE","Spectromètre, fluorescence",Active,Actif,"2023-02-27 22:50:03"
N6635FG,"[""PV""]","SPECTROMETER, POCKET","Spectromètre, de poche",Active,Actif,"2023-02-27 22:50:03"
N6635FJ,"[""PV""]","SPECTROMETER, X-RAY DIFFRACTION","Spectromètre, diffraction radiographique",Active,Actif,"2023-02-27 22:50:03"
N6635FK,"[""PV""]","SPECTROMETER, ENERGY DISPERSIVE (EDX)","Spectromètre, dispersant d'énergie, EDX",Active,Actif,"2023-02-27 22:50:03"
N6635FL,"[""PV""]","SPECTROMETER, X-RAY FLUORESCENCE","Spectromètre, rayon-X fluorescence",Active,Actif,"2023-02-27 22:50:03"
N6635FM,"[""PV""]","SPECTROMETER, WAVE DISPERSIVE","Spectromètre, onde dispersive",Active,Actif,"2023-02-27 22:50:03"
N6635H,"[""PV""]",TESTERS,Vérificateurs,Active,Actif,"2023-02-27 22:50:03"
N6630PF,"[""PV""]","SPECTROMETER, MASS/ICP SOURCE","Spectromètre, masse/source ICP",Active,Actif,"2023-02-27 22:50:03"
N6630Q,"[""PV""]","WATER QUALITY MONITORING SYSTEMS (IN-SITU)","Systèmes de contrôle de la qualité de l'eau (in-situ)",Active,Actif,"2023-02-27 22:50:03"
N6630R,"[""PV""]","CALORIMETERS AND THERMAL ANALYSERS","Calorimètres et analyseurs thermiques",Active,Actif,"2023-02-27 22:50:03"
N6630RA,"[""PV""]",CALORIMETERS,Calorimètres,Active,Actif,"2023-02-27 22:50:03"
N6630RB,"[""PV""]","THERMAL ANALYSIS SYSTEMS, INCLUDES THERMOGRAVIMETRIC ANALYSER (TGA) - DIFFERENTIAL THERMAL ANALYSER (DTA) - THERMO MECHANICAL ANALYSER (TMA) - DIFFENENTIAL SCANNING CALORIMETER (DSC)","Systèmes d'analyse thermique, comprend l'analyseur thermomassique - analyseur thermique différentiel - analyseur thermomécanique - calorimètre d'analyse différentielle",Active,Actif,"2023-02-27 22:50:03"
N6630S,"[""PV""]","Vapour Pressure Determination Apparati & Instruments","Appareil à pression de vapeur",Active,Actif,"2023-02-27 22:50:03"
N6630T,"[""PV""]","METERS/BRIDGES, CONDUCTANCE, CONDUCTIVITY, SALINITY","Compteurs/compteurs montés en dérivation, conductivité, salinité",Active,Actif,"2023-02-27 22:50:03"
N6635,"[""PV""]","Physical Properties Testing Equipment","Équipements pour l' examens des propriétes physiques et pour l'inspection",Active,Actif,"2023-02-27 22:50:03"
N6635A,"[""PV""]","ANALYZERS, PARTICLE SIZE","Analyseurs, dimension de particules",Active,Actif,"2023-02-27 22:50:03"
N6635B,"[""PV""]","COMPARATORS, OPTICAL PROJECTION","Projecteur de profil",Active,Actif,"2023-02-27 22:50:03"
N6635C,"[""PV""]","Physical Properties Testing Equipment","Équipement de propret physique",Active,Actif,"2023-02-27 22:50:03"
N6635CA,"[""PV""]","BOILING POINT DETERMINATION APPARATUS","Appareil déterminant le point d'ébullition",Active,Actif,"2023-02-27 22:50:03"
N6635CC,"[""PV""]","MOISTURE DETERMINATORS","Détecteurs d'humidité",Active,Actif,"2023-02-27 22:50:03"
N6635D,"[""PV""]","DETECTORS (EXCEPT HAZARD DETECTING)","Détecteurs, sauf détection de danger",Active,Actif,"2023-02-27 22:50:03"
N6635DA,"[""PV""]","DETECTORS, LEAK (GAS, VACUUM, LIQUID)","Détecteurs de fuites, gaz, vide, liquide",Active,Actif,"2023-02-27 22:50:03"
N6635KC,"[""PV""]","TESTING MACHINES, VIBRATION","Machines d'essai, vibration",Active,Actif,"2023-02-27 22:50:03"
N6635M,"[""PV""]","X-RAY APPARATUS (EXCEPT MEDICAL, DENTAL AND VETERINARY)","Appareil à rayons X, sauf médical, dentaire et vétérinaire",Active,Actif,"2023-02-27 22:50:03"
N6635MA,"[""PV""]","X-RAY APPARATUS, RADIOGRAPHIC, INDUSTRIAL","Appareil radiographique, industriel",Active,Actif,"2023-02-27 22:50:03"
N6635MD,"[""PV""]","X-RAY EQUIPMENT, DIFFRACTION","Équipement radiographique, diffraction",Active,Actif,"2023-02-27 22:50:03"
N6635MF,"[""PV""]","X-RAY FILM, INDUSTRIAL","Film radiographique, industriel",Active,Actif,"2023-02-27 22:50:03"
N6635N,"[""PV""]","BALANCING MACHINE, DYNAMIC-STATIC, HORIZONTAL","Équilibreur dynamique-statique, horizontal",Active,Actif,"2023-02-27 22:50:03"
N6635P,"[""PV""]",RHEOMETER,Rhéomètre,Active,Actif,"2023-02-27 22:50:03"
N6635Q,"[""PV""]",POROSIMETER,Porosimètre,Active,Actif,"2023-02-27 22:50:03"
N6636,"[""PV""]","Environmental Chambers and Related Equipment","Enceintes à ambiance conditionnée et équipement connexe",Active,Actif,"2023-02-27 22:50:03"
N6636A,"[""PV""]","ENVIRONMENTAL CHAMBERS","Enceintes à ambiance conditionnée",Active,Actif,"2023-02-27 22:50:03"
N6636AA,"[""PV""]","ENVIRONMENTAL CHAMBERS, CONTROLLED (INCLUDES HUMIDITY AND TEMPERATURE)","Enceintes à ambiance conditionnée, comprend humidité et température",Active,Actif,"2023-02-27 22:50:03"
N6636AB,"[""PV""]","TEMPERATURE CONTROL CHAMBER, WALK-IN TYPE","Chambre pour contrôle de la température",Active,Actif,"2023-02-27 22:50:03"
N6636AC,"[""PV""]","ENVIRONMENTAL CONTROL CHAMBERS, ANIMAL","Enceintes pour contrôle de l'ambiance, animaux",Active,Actif,"2023-02-27 22:50:03"
N6636AD,"[""PV""]","ENVIRONMENTAL CONTROL CHAMBERS, PLANT GROWTH","Enceintes pour contrôle de l'ambiance, croissance des plantes",Active,Actif,"2023-02-27 22:50:03"
N6636B,"[""PV""]","CHAMBER, ACOUSTIC NOISE, ENVIRONMENTAL TYPE","Enceinte, bruit acoustique, type à ambiance conditionnée",Active,Actif,"2023-02-27 22:50:03"
N6635HB,"[""PV""]","TESTERS, CABLE TENSIOMETER","Vérificateurs d'indicateur de tension pour câble",Active,Actif,"2023-02-27 22:50:03"
N6635HC,"[""PV""]","TESTERS, MATERIAL HARDNESS","Appareils à éprouver la dureté de matériaux",Active,Actif,"2023-02-27 22:50:03"
N6635HD,"[""PV""]","TESTERS, IMPACT","Vérificateurs, pour choc",Active,Actif,"2023-02-27 22:50:03"
N6635HF,"[""PV""]","TESTERS, MATERIAL STRENGTH",Dynamomètres-compressiomètres,Active,Actif,"2023-02-27 22:50:03"
N6635HM,"[""PV""]","TESTERS, TORQUE TENSION","Bancs d'étalonnage, tension",Active,Actif,"2023-02-27 22:50:03"
N6635HN,"[""PV""]","CALIBRATION AND TEST SPECIMENS","Échantillons d'essai et calibrage",Active,Actif,"2023-02-27 22:50:03"
N6635J,"[""PV""]","TESTING EQUIPMENT, NON-DESTRUCTIVE","Banc de contrôle, non destructeur",Active,Actif,"2023-02-27 22:50:03"
N6635K,"[""PV""]","TESTING MACHINES","Machines d'essai",Active,Actif,"2023-02-27 22:50:03"
N6635KB,"[""PV""]","TESTING MACHINES, GEAR, (UNIVERSAL)","Machines d'essai, engrenage, universelles",Active,Actif,"2023-02-27 22:50:03"
N6640BA,"[""PV""]","CENTRIFUGE, LABORATORY, GENERAL PURPOSE","Centrifugeuse de laboratoire, usage général",Active,Actif,"2023-02-27 22:50:03"
N6640BB,"[""PV""]","CENTRIFUGE, ULTRA HIGH SPEED","Centrifugeuse, ultra-haute vitesse",Active,Actif,"2023-02-27 22:50:03"
N6640BC,"[""PV""]","CENTRIFUGE, REFRIGERATED","Centrifugeuse, réfrigérée",Active,Actif,"2023-02-27 22:50:03"
N6640BD,"[""PV""]","CENTRIFUGE ACCESSORIES (INCLUDES ROTORS, SHIELDS, TUBES)","Accessoires de centrifugeuse, incluant rotors, gaines, tubes",Active,Actif,"2023-02-27 22:50:03"
N6640D,"[""PV""]","COUNTING APPARATUS, BACTERIAL COLONY","Compte-colonie, bactériologie",Active,Actif,"2023-02-27 22:50:03"
N6640E,"[""PV""]","FREEZE DRYING APPARATUS","Appareil pour séchage à froid",Active,Actif,"2023-02-27 22:50:03"
N6640EA,"[""PV""]","TISSUE PROCESSING SYSTEM","Système de traitement de tissu",Active,Actif,"2023-02-27 22:50:03"
N6640EB,"[""PV""]",MICROTOME,Microtome,Active,Actif,"2023-02-27 22:50:03"
N6640F,"[""PV""]","DEMINERALIZERS (DEIONIZERS)","Déminéralisateurs, désionisateurs",Active,Actif,"2023-02-27 22:50:03"
N6640G,"[""PV""]","DISTILLATION EQUIPMENT","Matériel à distillation",Active,Actif,"2023-02-27 22:50:03"
N6640GB,"[""PV""]","DISTILLATION EQUIPMENT, WATER (INCLUDES ELECTRIC, STEAM, AUTOMATIC","Équipement pour distillation, d'eau, incluant électrique, à vapeur et automatique",Active,Actif,"2023-02-27 22:50:03"
N6640GD,"[""PV""]","DISTILLATION EQUIPMENT, (FOR CONTAMINATED SOLVENT RECOVERY)","Équipement pour distillation, pour la récupération de dissolvant contaminé",Active,Actif,"2023-02-27 22:50:03"
N6636D,"[""PV""]","CHAMBERS, VACUUM","Chambres, à vide",Active,Actif,"2023-02-27 22:50:03"
N6636G,"[""PV""]","RAIN SIMULATION EQUIPMENT","Équipement pour simulation de pluie",Active,Actif,"2023-02-27 22:50:03"
N6636H,"[""PV""]","WIND TUNNELS","Tunnels aérodynamiques",Active,Actif,"2023-02-27 22:50:03"
N6636J,"[""PV""]","ENVIRONMENTAL CONTROL EQUIPMENT (N.E.S.)","Équipement pour contrôle de l'ambiance (N.E.A.)",Active,Actif,"2023-02-27 22:50:03"
N6636K,"[""PV""]","FERMENTATION CHAMBERS (VESSELS) AND ACCESSORIES","Chambres de fermentation, récipients et accessoires",Active,Actif,"2023-02-27 22:50:03"
N6640,"[""PV""]","Laboratory Equipment and Supplies","Équipement et approvisionnements de laboratoire",Active,Actif,"2023-02-27 22:50:03"
N6640200,"[""PV""]","SHAKING MACHINE, LABORATORY","Tonneau à polir, laboratoire",Active,Actif,"2023-02-27 22:50:03"
N6640210,"[""PV""]","PROTEIN DNA/RNA SYNTHESIZERS","Synthétiseurs de protéines A.D.N., A.R.N.",Active,Actif,"2023-02-27 22:50:03"
N6640220,"[""PV""]","PROTEIN DNA/RNA SEQUENCERS","Séquenceurs de protéines A.D.N., A.R.N.",Active,Actif,"2023-02-27 22:50:03"
N6640300,"[""PV""]","ELECTROPHORESIS EQUIPMENT","Équipement électrophorèse",Active,Actif,"2023-02-27 22:50:03"
N6640A,"[""PV""]","CABINETS, LABORATORY","Armoire, laboratoire",Active,Actif,"2023-02-27 22:50:03"
N6640AA,"[""PV""]","CABINETS, DESICCATING (EXCLUDES DESICCATORS)","Armoire, à dessiccation, exclut les dessiccateurs",Active,Actif,"2023-02-27 22:50:03"
N6640AB,"[""PV""]","CABINETS, LABORATORY STORAGE (INCLUDES WOOD, METAL, PLASTIC)","Armoire, rangement, de laboratoire, inclut en bois, métal, plastique",Active,Actif,"2023-02-27 22:50:03"
N6640AC,"[""PV""]","CABINETS, LABORATORY, DESICCATING, VACUUM (EXCLUDES DESICCATORS)","Armoire, laboratoire, dessiccation, à vide, exclut les dessiccateurs",Active,Actif,"2023-02-27 22:50:03"
N6640B,"[""PV""]","CENTRIFUGE, LABORATORY","Centrifugeuse de laboratoire",Active,Actif,"2023-02-27 22:50:03"
N6640S,"[""PV""]","LABORATORY WARE","Ustensiles de laboratoire",Active,Actif,"2023-02-27 22:50:03"
N6640SA,"[""PV""]","LABORATORY GLASSWARE","Verrerie de laboratoire",Active,Actif,"2023-02-27 22:50:03"
N6640SC,"[""PV""]","LABORATORY PLATINUMWARE","Ustensiles de laboratoire en platine",Active,Actif,"2023-02-27 22:50:03"
N6640T,"[""PV""]","MIXERS, LABORATORY (INCLUDES STIRRERS AND BLENDERS)","Malaxeurs, laboratoire, incluant agitateurs et mélangeurs",Active,Actif,"2023-02-27 22:50:03"
N6640U,"[""PV""]","OVENS, LABORATORY","Étuve, laboratoire",Active,Actif,"2023-02-27 22:50:03"
N6640V,"[""PV""]","GLASSWARE WASHERS, LABORATORY","Machines à laver la verrerie, laboratoire",Active,Actif,"2023-02-27 22:50:03"
N6640W,"[""PV""]","LIQUID DELIVERY SYSTEMS, AUTOMATIC/AUTOMATED, LABORATORY","Systèmes de livraison automatiques, automatisés des liquides, laboratoire",Active,Actif,"2023-02-27 22:50:03"
N6640WA,"[""PV""]","PIPETTE, AUTOMATIC","Pipette automatique",Active,Actif,"2023-02-27 22:50:03"
N6640X,"[""PV""]","HOODS, LABORATORY","Hottes, laboratoire",Active,Actif,"2023-02-27 22:50:03"
N6640XA,"[""PV""]","HOODS, LABORATORY, CHEMICAL FUME","Hottes, laboratoire, fumée chimique",Active,Actif,"2023-02-27 22:50:03"
N6640XB,"[""PV""]","HOODS, LABORATORY, LAMINAR FLOW","Hottes, laboratoire, flux laminaire",Active,Actif,"2023-02-27 22:50:03"
N6640XC,"[""PV""]","HOODS, LABORATORY, GLOVE BOX (DRY BOX)","Hottes, laboratoire, enceinte à gants de manutention, enceinte de scellement",Active,Actif,"2023-02-27 22:50:03"
N6640H,"[""PV""]","FERMENTATION EQUIPMENT","Équipement de fermentation",Active,Actif,"2023-02-27 22:50:03"
N6640J,"[""PV""]",FILTER,Filtre,Active,Actif,"2023-02-27 22:50:03"
N6640JA,"[""PV""]","FILTER, BACTERIOLOGICAL (INCLUDES MEMBRANE)","Filtre, bactériologique, incluant membrane",Active,Actif,"2023-02-27 22:50:03"
N6640JB,"[""PV""]","FILTER, LABORATORY (INCLUDES PAPER, FUNNEL, OTHER THAN GLASS)","Filtre, laboratoire, incluant en papier, entonnoir, autre qu'en verre",Active,Actif,"2023-02-27 22:50:03"
N6640K,"[""PV""]","DESICCATORS (INCLUDES VACUUM TYPE)","Dessiccateurs, incluant type à vide",Active,Actif,"2023-02-27 22:50:03"
N6640M,"[""PV""]","FURNITURE, LABORATORY","Mobilier, laboratoire",Active,Actif,"2023-02-27 22:50:03"
N6640MA,"[""PV""]","FURNITURE, LABORATORY METAL","Mobilier, laboratoire, métal",Active,Actif,"2023-02-27 22:50:03"
N6640MC,"[""PV""]","TABLE, BALANCE, LABORATORY","Table, balance, laboratoire",Active,Actif,"2023-02-27 22:50:03"
N6640N,"[""PV""]","GENERATOR, LABORATORY, GAS, OXYGEN AND HYDROGEN","Générateur, laboratoire, gaz, oxygéné et hydrogène",Active,Actif,"2023-02-27 22:50:03"
N6640NA,"[""PV""]","BURNER, GAS, LABORATORY","Brûleur à gaz, laboratoire",Active,Actif,"2023-02-27 22:50:03"
N6640Q,"[""PV""]","INCUBATOR, LABORATORY","Étuve à incubation, laboratoire",Active,Actif,"2023-02-27 22:50:03"
N6640R,"[""PV""]","LABORATORY SCHOOL EQUIPMENT (COMMERCIAL STANDARD)","Matériel de laboratoire scolaire, modèle commercial",Active,Actif,"2023-02-27 22:50:03"
N6640RA,"[""PV""]","LABORATORY EQUIPMENT, SPECIAL (N.E.S.)","Matériel de laboratoire, spécial (N.E.A.)",Active,Actif,"2023-02-27 22:50:03"
N6645EB,"[""PV""]","TIMERS, ELECTRONIC FOR MEASURING ELAPSED TIME","Minuteries, électroniques pour mesurer le temps écoulé",Active,Actif,"2023-02-27 22:50:03"
N6645ED,"[""PV""]","TIMERS, X-RAY","Minuteries, radiographie",Active,Actif,"2023-02-27 22:50:03"
N6645EF,"[""PV""]","TIMERS, GENERAL (N.E.S.)","Minuteries, générales (N.E.A.)",Active,Actif,"2023-02-27 22:50:03"
N6645G,"[""PV""]",WATCHES,Montres,Active,Actif,"2023-02-27 22:50:03"
N6645GB,"[""PV""]","WATCHES, WRIST, N.E.S.","Montres, bracelet (N.E.A.)",Active,Actif,"2023-02-27 22:50:03"
N6645GC,"[""PV""]","WATCHES, DIGITAL","Montres, numériques",Active,Actif,"2023-02-27 22:50:03"
N6645GE,"[""PV""]","WATCHES, WRIST, CHRONOMETER, RCAF INST 53-2, DND QPL","Montres, bracelet, chronomètre, RCAF INST 53-2, LPH du MDN",Active,Actif,"2023-02-27 22:50:03"
N6650,"[""PV""]","Optical Instruments, Test Equipment, Components and Accessories","Instruments d'optique, matériel d'essai, composants et accessoires",Active,Actif,"2023-02-27 22:50:03"
N6650A,"[""PV""]","BINOCULARS (OTHER THAN FIRE CONTROL OPTICAL SIGHTING AND RANGING EQUIPMENT)","Jumelle (autre que l'équipement de repérage et de visée d'optique pour la direction du tir)",Active,Actif,"2023-02-27 22:50:03"
N6650B,"[""PV""]",BORESCOPE,Endoscope,Active,Actif,"2023-02-27 22:50:03"
N6640Y,"[""PV""]","CRUSHERS, MILLS, LABORATORY","Broyeurs, laboratoire",Active,Actif,"2023-02-27 22:50:03"
N6640Z,"[""PV""]","LABORATORY, AUTOMATION AND ROBOTICS DEVICES","Dispositifs pour laboratoire, automation et robotique",Active,Actif,"2023-02-27 22:50:03"
N6640ZA,"[""PV""]","LABORATORY ROBOTICS","La robotique de laboratoire",Active,Actif,"2023-02-27 22:50:03"
N6640ZB,"[""PV""]",MICROMANIPULATORS,Micromanipulateurs,Active,Actif,"2023-02-27 22:50:03"
N6645,"[""PV""]","Time Measuring Instruments","Instruments de mesure de temps",Active,Actif,"2023-02-27 22:50:03"
N6645A,"[""PV""]",CHRONOMETERS,Chronomètres,Active,Actif,"2023-02-27 22:50:03"
N6645AB,"[""PV""]","CHRONOMETERS, STOP WATCH TYPE","Chronomètres, type à déclic",Active,Actif,"2023-02-27 22:50:03"
N6645B,"[""PV""]",CLOCKS,Horloges,Active,Actif,"2023-02-27 22:50:03"
N6645BD,"[""PV""]","CLOCKS, DIGITAL","Cadrans, numériques",Active,Actif,"2023-02-27 22:50:03"
N6645BJ,"[""PV""]","CLOCKS, TIME CONTROL SYSTEM","Horloges, système de contrôle de temps",Active,Actif,"2023-02-27 22:50:03"
N6650L,"[""PV""]","Optical Components","Composants d'optique",Active,Actif,"2023-02-27 22:50:03"
N6650M,"[""PV""]",PHOTOMETER,Photomètre,Active,Actif,"2023-02-27 22:50:03"
N6650MA,"[""PV""]","PHOTOMETERS (FLAME AND OPTICAL)","Photomètre, flamme et optique",Active,Actif,"2023-02-27 22:50:03"
N6650MB,"[""PV""]","LUMINOMETER (BIO AND CHEMILUMINESCENCE)","Luminomètre, BIO et chimiluminescence",Active,Actif,"2023-02-27 22:50:03"
N6650N,"[""PV""]",POLARIMETER,Polarimètre,Active,Actif,"2023-02-27 22:50:03"
N6650Q,"[""PV""]",SPECTROPHOTOMETER,Spectrophotomètre,Active,Actif,"2023-02-27 22:50:03"
N6650QA,"[""PV""]","SPECTROPHOTOMETER, ULTRA-VIOLET/VISIBLE, SINGLE AND DOUBLE BEAM","Spectrophotomètre, ultra-violet, visible, faisceau simple et double",Active,Actif,"2023-02-27 22:50:03"
N6650QB,"[""PV""]","SPECTROPHOTOMETER, FLUORESCENCE (SPECTROFLUOROMETER)","Spectrophotomètre, fluorescence, spectrofluoromètre",Active,Actif,"2023-02-27 22:50:03"
N6650QC,"[""PV""]","SPECTROPHOTOMETER, INFRARED (SINGLE AND DOUBLE BEAM)","Spectrophotomètre, infrarouge, faisceau simple et double",Active,Actif,"2023-02-27 22:50:03"
N6650QD,"[""PV""]","SPECTROPHOTOMETER, INFRARED (FOURIER-TRANSFORM)","Spectrophotomètre, infrarouge, transformée de fourrier",Active,Actif,"2023-02-27 22:50:03"
N6650QE,"[""PV""]","SPECTROPHOTOMETER ACCESSORIES","Accessoires de spectrophotomètre",Active,Actif,"2023-02-27 22:50:03"
N6650QF,"[""PV""]","SPECTROPHOTOMETER, ATOMIC ABSORPTION","Spectrophotomètre, absorption atomique",Active,Actif,"2023-02-27 22:50:03"
N6650R,"[""PV""]",SPECTROSCOPES,Spectroscopes,Active,Actif,"2023-02-27 22:50:03"
N6650S,"[""PV""]","TELESCOPES, ALL TYPES","Télescopes, tous les types",Active,Actif,"2023-02-27 22:50:03"
N6650C,"[""PV""]",FLUOROMETER,Fluoromètre,Active,Actif,"2023-02-27 22:50:03"
N6650D,"[""PV""]","GAGE, MEASURING LASER","Manomètre, laser de mesurage",Active,Actif,"2023-02-27 22:50:03"
N6650F,"[""PV""]","IMAGE ANALYSIS SYSTEMS","Systèmes d'analyse d'images",Active,Actif,"2023-02-27 22:50:03"
N6650G,"[""PV""]","OPTICAL MULTICHANNEL ANALYZER","Analyseur multicanal optique",Active,Actif,"2023-02-27 22:50:03"
N6650H,"[""PV""]","LENS OPTICAL (ALL TYPES)","Lentilles optiques, tous les types",Active,Actif,"2023-02-27 22:50:03"
N6650J,"[""PV""]","MAGNIFIER (ALL TYPES)","Loupe, tous les types",Active,Actif,"2023-02-27 22:50:03"
N6650K,"[""PV""]",Microscope,Microscope,Active,Actif,"2023-02-27 22:50:03"
N6650KA,"[""PV""]","MICROSCOPE, COMPOUND (INCLUDES, PHASE, POLARIZING)","Microscope, composé, comprend à phase, polarisant",Active,Actif,"2023-02-27 22:50:03"
N6650KB,"[""PV""]","MICROSCOPE, ELECTRON (INCLUDES SEM AND TEM)","Microscope, électronique, comprend SEM et TEM",Active,Actif,"2023-02-27 22:50:03"
N6650KBA,"[""PV""]","MICROSCOPE, ELECTRON, ACCESSORIES","Microscope, électronique, accessoires",Active,Actif,"2023-02-27 22:50:03"
N6650KD,"[""PV""]","Microscope, Laser","Microscope, laser",Active,Actif,"2023-02-27 22:50:03"
N6650KE,"[""PV""]","Microscope, Stereo","Microscope, stéréo",Active,Actif,"2023-02-27 22:50:03"
N6650KF,"[""PV""]","MICROSCOPE ACCESSORIES, EXCEPT ELECTRON","Accessoires de microscope, sauf électroniques",Active,Actif,"2023-02-27 22:50:03"
N6650KG,"[""PV""]","MICROSCOPE, INVERTED","Microscope, renversé",Active,Actif,"2023-02-27 22:50:03"
N6655GA,"[""PV""]","DRILLHOLE LOGGING, SEISMOGRAPHIC","Diagraphie de forage, sismographique",Active,Actif,"2023-02-27 22:50:03"
N6655H,"[""PV""]","ELECTROMAGNETIC INSTRUMENTATION","Appareillage électromagnétique",Active,Actif,"2023-02-27 22:50:03"
N6655J,"[""PV""]","BOREHOLE EQUIPMENT SYSTEMS","Systèmes d'équipement pour trous de sondage",Active,Actif,"2023-02-27 22:50:03"
N6655K,"[""PV""]","RESISTIVITY INSTRUMENTATION","Appareillage de résistivité",Active,Actif,"2023-02-27 22:50:03"
N6655KA,"[""PV""]","DC RESISTIVITY AND SELF POTENTIAL MEASURING SYSTEM","Système de mensuration DC, résistivité et potentiel automatique",Active,Actif,"2023-02-27 22:50:03"
N6650U,"[""PV""]","REFRACTOMETERS, OPTICAL (ALL TYPES)","Réfractomètres optiques, tous les types",Active,Actif,"2023-02-27 22:50:03"
N6650V,"[""PV""]","Body Scanning Measuring and Sizing System","Dispositif scanneur pour mesures et dimensions corporelles",Active,Actif,"2023-02-27 22:50:03"
N6655,"[""PV""]","Geophysical Instruments","Instruments de géophysique",Active,Actif,"2023-02-27 22:50:03"
N6655A,"[""PV""]","DETECTORS, RADIATION ALL TYPES, GEOPHYSICAL TYPE","Détecteurs, tous les types de radiation, type géophysique",Active,Actif,"2023-02-27 22:50:03"
N6655C,"[""PV""]","GEODETIC INSTRUMENTS","Instruments géodésiques",Active,Actif,"2023-02-27 22:50:03"
N6655D,"[""PV""]",MAGNETOMETERS,Magnétomètres,Active,Actif,"2023-02-27 22:50:03"
N6655DA,"[""PV""]","MAGNETOMETERS, GEOPHYSICAL","Magnétomètres, géophysiques",Active,Actif,"2023-02-27 22:50:03"
N6655DC,"[""PV""]","MAGNETOMETERS, OCEANOGRAPHIC","Magnétomètres, océanographiques",Active,Actif,"2023-02-27 22:50:03"
N6655F,"[""PV""]","OCEANOGRAPHIC INSTRUMENTS","Instruments océanographiques",Active,Actif,"2023-02-27 22:50:03"
N6655FB,"[""PV""]",HYDROPHONE,Hydrophone,Active,Actif,"2023-02-27 22:50:03"
N6655FC,"[""PV""]","OCEAN PROBES (TEMPERATURE, DEPTH, SALINITY)","Sondes océaniques, température, profondeur, salinité",Active,Actif,"2023-02-27 22:50:03"
N6655G,"[""PV""]","SEISMOGRAPHIC INSTRUMENTS","Instruments sismographiques",Active,Actif,"2023-02-27 22:50:03"
N6660FA,"[""PV""]","GAGE, RAIN (PRECIPITATION)","Indicateur, pluie (précipitation)",Active,Actif,"2023-02-27 22:50:03"
N6660G,"[""PV""]","INDICATORS (METEOROLOGICAL INSTRUMENTS)","Indicateurs (instruments météorologiques)",Active,Actif,"2023-02-27 22:50:03"
N6660GA,"[""PV""]","INDICATOR, WIND DIRECTION AND SPEED","Indicateur, direction du vent et vitesse",Active,Actif,"2023-02-27 22:50:03"
N6660J,"[""PV""]","RECORDER, METEOROLOGICAL INSTRUMENT","Enregistreur (instrument météorologique)",Active,Actif,"2023-02-27 22:50:03"
N6660JA,"[""PV""]","RECORDER, CHART TYPE, METEOROLOGY ONLY (INCLUDES SUPPLIES)","Indicateur, type graphique, météorologie seulement, comprend les fournitures",Active,Actif,"2023-02-27 22:50:03"
N6660JC,"[""PV""]","RECORDER, SUNSHINE DURATION","Indicateur, durée de la lumière du soleil",Active,Actif,"2023-02-27 22:50:03"
N6660JE,"[""PV""]","RECORDER, TEMPERATURE","Enregistreur, température",Active,Actif,"2023-02-27 22:50:03"
N6660K,"[""PV""]","RECORDING SET, WEATHER DATA","Poste enregistreur, données météorologiques",Active,Actif,"2023-02-27 22:50:03"
N6660M,"[""PV""]",THERMOGRAPH,Thermographe,Active,Actif,"2023-02-27 22:50:03"
N6660N,"[""PV""]","BAROMETER, METEOROGICAL, ALL TYPES","Baromètre météorologique, tous les types",Active,Actif,"2023-02-27 22:50:03"
N6660P,"[""PV""]","WIND SOCK","Manche à air",Active,Actif,"2023-02-27 22:50:03"
N6660Q,"[""PV""]","TRANSMISSOMETER (ALL TYPES)","Transmissomètre, tous les types",Active,Actif,"2023-02-27 22:50:03"
N6665,"[""PV""]","Hazard-Detecting Instruments and Apparatus","Instruments et appareils de détection de danger",Active,Actif,"2023-02-27 22:50:03"
N6665A,"[""PV""]","ALARM SYSTEMS, HAZARD DETECTING","Systèmes d'avertisseur, détection de danger",Active,Actif,"2023-02-27 22:50:03"
N6665AB,"[""PV""]","ALARM SYSTEMS, GAS, RADIOACTIVE","Systèmes d'alarme, gaz, radioactifs",Active,Actif,"2023-02-27 22:50:03"
N6655M,"[""PV""]","PORE PRESSURE MEASURING DEVICES (INCLUDES: PIEZOMETERS, PRESSURE CELLS, TRANSDUCERS)","Dispositifs de mesure de pression de couche, comprend piézomètres, pression de cellules, transducteurs",Active,Actif,"2023-02-27 22:50:03"
N6655N,"[""PV""]","SETTLEMENT AND DISPLACEMENT MEASURING EQUIPMENT","Équipement de mesure pour le tassement et le déplacement",Active,Actif,"2023-02-27 22:50:03"
N6655NE,"[""PV""]","STRAIN/STRESS METERS",Tensiomètres,Active,Actif,"2023-02-27 22:50:03"
N6660,"[""PV""]","Meteorological Instruments and Apparatus","Instruments et appareils météorologiques",Active,Actif,"2023-02-27 22:50:03"
N6660301,"[""PV""]","METEOROLOGICAL STATION, AUTOMATIC, REPORTING, RADAR","Station météoroloqique, automatique, comptes rendus, radar",Active,Actif,"2023-02-27 22:50:03"
N6660999,"[""PV""]","METEOROLOGICAL INSTRUMENTS AND APPARATUS ELECTRICAL AND ELECTRONIC COMPONENTS AND SPARES","Instruments et appareils météoroloqiques, composants et rechange électriques et électroniques",Active,Actif,"2023-02-27 22:50:03"
N6660A,"[""PV""]","ANEMOMETER, METEOROLOGICAL TYPE","Anémomètre, type météorologique",Active,Actif,"2023-02-27 22:50:03"
N6660B,"[""PV""]","BALLOON, METEOROLOGICAL","Ballon, météorologiques",Active,Actif,"2023-02-27 22:50:03"
N6660BB,"[""PV""]","PARACHUTES PAPER, METEOROLOGICAL, RADIOSONDE SETS","Parachutes à papier, instruments météorologiques, postes de radiosonde",Active,Actif,"2023-02-27 22:50:03"
N6660C,"[""PV""]",CEILOMETER,Ceilomètre,Active,Actif,"2023-02-27 22:50:03"
N6660F,"[""PV""]","GAGE (METEOROLOGICAL INSTRUMENT)","Indicateur (instrument météorologique)",Active,Actif,"2023-02-27 22:50:03"
N6665BFE,"[""PV""]","ANALYZING KIT, CHEMICAL AGENT (CW)","Nécessaire d'analyse, agent chimique, GC",Active,Actif,"2023-02-27 22:50:03"
N6665BFG,"[""PV""]","DETECTION TUBE ASSEMBLY, CHEMICAL AGENTS (CW)","Ensemble, tube de détection, agents chimiques, GC",Active,Actif,"2023-02-27 22:50:03"
N6665BG,"[""PV""]","DETECTORS, NBCW (ELECTRICAL AND ELECTRONIC)","Détecteurs, GNBC, électrique et électronique",Active,Actif,"2023-02-27 22:50:03"
N6665C,"[""PV""]","Blood Alcohol Level Measuring Instruments, Breath Sampling Type","Instruments pour déterminer la teneur en alcool du sang par échantillonnage de l'haleine",Active,Actif,"2023-02-27 22:50:03"
N6665CA,"[""PV""]","Blood Alcohol Level Measuring Instruments, Breath Sampling Type; Accessories and Spare Parts Only","Instruments pour déterminer la teneur en alcool du sang par échantillonnage de l'haleine; pièces consommables et de rechange seulement",Active,Actif,"2023-02-27 22:50:03"
N6665D,"[""PV""]","DETECTORS, METAL","Détecteurs de métal",Active,Actif,"2023-02-27 22:50:03"
N6665DA,"[""PV""]","DETECTORS, METAL, NON-MILITARY","Détecteurs de métal, non militaires",Active,Actif,"2023-02-27 22:50:03"
N6665DB,"[""PV""]","DETECTORS, METAL, MILITARY (MINE DETECTORS AND SETS)","Détecteurs de métal, militaires, détecteurs de mine et nécessaires",Active,Actif,"2023-02-27 22:50:03"
N6665E,"[""PV""]","WATER TESTING KITS","Lots de contrôle de l'eau",Active,Actif,"2023-02-27 22:50:03"
N6665B,"[""PV""]","DETECTORS, HAZARD","Détecteurs de danger",Active,Actif,"2023-02-27 22:50:03"
N6665BAA,"[""PV""]","DETECTORS, HAZARD, CONCEALED WEAPON, WALK-THROUGH","Détecteurs de danger, arme dissimulée, piétons",Active,Actif,"2023-02-27 22:50:03"
N6665BAB,"[""PV""]","DETECTORS, HAZARD, CONCEALED WEAPON, HAND-HELD","Détecteurs de danger, arme dissimulée, tenue à la main",Active,Actif,"2023-02-27 22:50:03"
N6665BAC,"[""PV""]","DETECTORS, HAZARD, CONCEALED WEAPON, X-RAY INSPECTION","Détecteurs de danger, arme dissimulée, inspection à la radiographie",Active,Actif,"2023-02-27 22:50:03"
N6665BB,"[""PV""]","DETECTORS, HAZARD, EXPLOSIVES","Détecteurs, de danger, explosifs",Active,Actif,"2023-02-27 22:50:03"
N6665BC,"[""PV""]","DETECTORS, HAZARD, RADIATION","Détecteurs de danger, radiation",Active,Actif,"2023-02-27 22:50:03"
N6665BCB,"[""PV""]","DETECTORS, HAZARD, RADIATION, DOSIMETER TYPE","Détecteurs de danger, radiation, type dosimètre",Active,Actif,"2023-02-27 22:50:03"
N6665BCC,"[""PV""]","HOLDERS FOR DETECTORS, DOSIMETER TYPE","Supports pour détecteurs, type dosimètre",Active,Actif,"2023-02-27 22:50:03"
N6665BE,"[""PV""]","DETECTORS, HAZARD, GAS (INCLUDES TOXIC AND EXPLOSIVE)","Détecteurs de danger, gaz, toxique et explosif compris",Active,Actif,"2023-02-27 22:50:03"
N6665BFA,"[""PV""]","DETECTOR KIT, CHEMICAL AGENT (NERVE)","Nécessaire détecteur, agent chimique, nerfs",Active,Actif,"2023-02-27 22:50:03"
N6665BFB,"[""PV""]","DETECTOR KIT COMPONENTS, N.E.S.","Composants de nécessaire détecteur (N.E.A.)",Active,Actif,"2023-02-27 22:50:03"
N6665BFC,"[""PV""]","DETECTOR, CHEMICAL AGENT (NERVE)","Détecteur, agent chimique, nerfs",Active,Actif,"2023-02-27 22:50:03"
N6665K,"[""PV""]","KIT, REFILL, ANALYZING COMPONENTS CBR AGENTS SAMPLING AND ANALYZING KIT (CW)","Jeu, rechange, composants pour analyse CBR, jeu d'agents pour analyse et échantillonnage, GC",Active,Actif,"2023-02-27 22:50:03"
N6665L,"[""PV""]","KIT, REFILL, BIOLOGICAL AGENT, SAMPLING KIT (CW)","Jeu pour échantillonnage, rechange, agent biologique, GC",Active,Actif,"2023-02-27 22:50:03"
N6665M,"[""PV""]","KIT, REFILL, CHEMICAL AGENT DETECTOR (CW)","Jeu, rechange, agent chimique détecteur, GC",Active,Actif,"2023-02-27 22:50:03"
N6665QA,"[""PV""]","TUBE, DISPENSER, DETECTOR (CW)","Tube, distributeur, détecteur, GC",Active,Actif,"2023-02-27 22:50:03"
N6665U,"[""PV""]","PUMP ASSEMBLY, AIR SAMPLING (CW)","Pompe, accessoire pour l'échantillonnage de l'air, GC",Active,Actif,"2023-02-27 22:50:03"
N6665W,"[""PV""]","DETECTORS, DRUGS OF ABUSE","Détecteurs, stupéfiants (abus)",Active,Actif,"2023-02-27 22:50:03"
N6665YA,"[""PV""]","DETECTOR KIT, CHEMICAL AGENT (CW)","Ensemble de détection, d'agent chimique, GC",Active,Actif,"2023-02-27 22:50:03"
N6670CF,"[""PV""]","SCALE, SPRING (STRAIGHT SCALE AND DIAL TYPE)","Balance, à ressort, balance directe et type à cadran",Active,Actif,"2023-02-27 22:50:03"
N6670CK,"[""PV""]","SCALE, PERSONAL WEIGHT (PHYSICIAN EXAMINING AND HOUSEHOLD)","Balance, pèse-personne, examen de médecin et à plateaux",Active,Actif,"2023-02-27 22:50:03"
N6670D,"[""PV""]","WEIGHTS, SPECIAL","Poids, spéciaux",Active,Actif,"2023-02-27 22:50:03"
N6670E,"[""PV""]","ELECTRONIC WEIGHING SYSTEMS","Systèmes de pesées électroniques",Active,Actif,"2023-02-27 22:50:03"
N6675,"[""PV""]","Drafting, Surveying and Mapping Instruments","Instruments de traces, de levés de plans et de cartographie",Active,Actif,"2023-02-27 22:50:03"
N6675A,"[""PV""]","DRAFTING EQUIPMENT AND INSTRUMENTS","Équipement et instruments de topographie",Active,Actif,"2023-02-27 22:50:03"
N6675AA,"[""PV""]","DRAFTING BOARDS, TABLES, MACHINES, STANDS, FILING CASES","Planches, tables, machines, supports, étuis pour dessin",Active,Actif,"2023-02-27 22:50:03"
N6675AB,"[""PV""]","DRAFTING INSTRUMENTS (INCLUDES SETS, PENS, SCALES)","Instruments de tracés, comprend jeux, plumes, règles graduées",Active,Actif,"2023-02-27 22:50:03"
N6675AC,"[""PV""]","DRAFTING SYSTEM, COMPUTER AIDED","Système de tracés, assisté d'un ordinateur",Active,Actif,"2023-02-27 22:50:03"
N6675AK,"[""PV""]","TABLE, TRACING AND DRAFTING (LIGHT TABLE)","Table lumineuse",Active,Actif,"2023-02-27 22:50:03"
N6665Z,"[""PV""]","REPAIR KIT - CBR AGENTS SAMPLING AND ANALYZING KIT (CW)","Nécessaire de réparation, agents N.B.C., nécessaire d'échantillonnage et d'analyse, GC",Active,Actif,"2023-02-27 22:50:03"
N6670,"[""PV""]","Scales and Balances","Balances et pesées",Active,Actif,"2023-02-27 22:50:03"
N6670A,"[""PV""]","BALANCE, ANALYTICAL","Trébuchet à fléau réglable",Active,Actif,"2023-02-27 22:50:03"
N6670AC,"[""PV""]","BALANCE, ANALYTICAL, ELECTRONIC, MICRO TO ULTRA-MICRO","Trébuchet à fléau réglable, électronique, micro à ultra-micro",Active,Actif,"2023-02-27 22:50:03"
N6670AD,"[""PV""]","BALANCE, ANALYTICAL, SPECIFIC GRAVITY","Trébuchet à fléau réglable, poids spécifique",Active,Actif,"2023-02-27 22:50:03"
N6670B,"[""PV""]","LOAD CELLS, FORCE-WEIGHT","Cellules de charge, force-poids",Active,Actif,"2023-02-27 22:50:03"
N6670C,"[""PV""]",SCALE,Balance,Active,Actif,"2023-02-27 22:50:03"
N6670CA,"[""PV""]","SCALE, AXLE LOAD","Balance, poids de l'essieu",Active,Actif,"2023-02-27 22:50:03"
N6670CC,"[""PV""]","SCALE, PLATFORM","Balance, plateau",Active,Actif,"2023-02-27 22:50:03"
N6675LM,"[""PV""]",Plotters,Traceurs,Active,Actif,"2023-02-27 22:50:03"
N6675LMA,"[""PV""]","PLOTTERS, AUTOGRAPHIC INSTRUMENT","Traceurs, instrument autographique",Active,Actif,"2023-02-27 22:50:03"
N6675LN,"[""PV""]","PRINTER, TRANSFORMING, PHOTOGRAMMETRIC","Tireuse redresseuse, photogrammétrique",Active,Actif,"2023-02-27 22:50:03"
N6675LP,"[""PV""]","STEREOSCOPES, PHOTOGRAPHIC INTERPRETATION","Stéréoscopes, interprétation photographique",Active,Actif,"2023-02-27 22:50:03"
N6680,"[""PV""]","Liquid and Gas Flow, Liquid Level and Mechanical Motion Measuring Instruments","Instruments de mesure d'écoulement des fluides, de niveaux de liquides et de mouvements mécaniques",Active,Actif,"2023-02-27 22:50:03"
N6680A,"[""PV""]","ACCELEROMETER, ELECTRICAL, LINEAR (EXCEPT FIRE CONTROL AND GUIDED MISSILE)","Accéléromètre, électrique, linéaire, sauf pour commande de tire-missile",Active,Actif,"2023-02-27 22:50:03"
N6680B,"[""PV""]","FLOWMETER (INCLUDES GAS AND LIQUID)","Débitmètre, comprend à gaz et à liquide",Active,Actif,"2023-02-27 22:50:03"
N6680C,"[""PV""]","GENERATOR, TACHOMETER","Génératrice, tachymétrique",Active,Actif,"2023-02-27 22:50:03"
N6680D,"[""PV""]","GAGE, RECORDING, WATER LEVEL (EXCEPT HYDROLOGICAL)","Jauge, enregistreuse, niveau de l'eau, sauf hydrologique",Active,Actif,"2023-02-27 22:50:03"
N6680E,"[""PV""]","HYDROLOGICAL EQUIPMENT (INCLUDES CURRENT METERS, WATER LEVEL RECORDERS)","Équipement hydrologique, comprend appareils de mesure courants, enregistreurs du niveau d'eau",Active,Actif,"2023-02-27 22:50:03"
N6680F,"[""PV""]","INDICATOR, LIQUID LEVEL","Indicateur, niveau de liquide",Active,Actif,"2023-02-27 22:50:03"
N6680FA,"[""PV""]","INDICATOR, LIQUID LEVEL, FLOAT TYPE","Indicateur, niveau de liquide, type à flotteur",Active,Actif,"2023-02-27 22:50:03"
N6680FB,"[""PV""]","INDICATOR, LIQUID LEVEL, SIGHT TYPE","Indicateur, niveau de liquide visible",Active,Actif,"2023-02-27 22:50:03"
N6680FD,"[""PV""]","INDICATOR, LIQUID LEVEL, ELECTRONIC (CAPACITANCE, CONDUCTANCE, IMPEDANCE)","Indicateur, niveau de liquide, électronique, capacité, conductivité, impédance",Active,Actif,"2023-02-27 22:50:03"
N6675AT,"[""PV""]","DRAFTING ACCESSORIES (N.E.S.)","Accessoires à dessin, non classifiés ailleurs",Active,Actif,"2023-02-27 22:50:03"
N6675J,"[""PV""]","SURVEYING EQUIPMENT OR INSTRUMENTS","Équipement ou instruments topographiques",Active,Actif,"2023-02-27 22:50:03"
N6675JA,"[""PV""]","SURVEYING, DISTANCE MEASURING, ULTRA SONIC, ELECTRONIC, MICROWAVE","Poste de distance mètre, ultrasonique, électronique et micro-ondes",Active,Actif,"2023-02-27 22:50:03"
N6675JE,"[""PV""]","ALIDADES AND ACCESSORIES","Graphomètres et accessoires",Active,Actif,"2023-02-27 22:50:03"
N6675JF,"[""PV""]","ALTIMETERS, SURVEYING","Altimètres, topographie",Active,Actif,"2023-02-27 22:50:03"
N6675JJ,"[""PV""]","TRANSITS, LEVELS, TRIPODS","Tachéomètre, niveaux, trépieds",Active,Actif,"2023-02-27 22:50:03"
N6675JK,"[""PV""]","TABLETS, BENCH MARK, GEODETIC REFERENCE (INCLUDES SURVEY MARKERS AND OTHER RELATED BENCH MARK ITEMS)","Tablettes, repère d'arpentage, référence géodésique, comprend des repères géodésiques et autres repères de nivellement connexes",Active,Actif,"2023-02-27 22:50:03"
N6675L,"[""PV""]","MAPPING EQUIPMENT AND INSTRUMENTS","Équipement et instruments de cartographie",Active,Actif,"2023-02-27 22:50:03"
N6675LA,"[""PV""]","PHOTOGRAMMETRIC EQUIPMENT","Équipement photogrammétrique",Active,Actif,"2023-02-27 22:50:03"
N6675LB,"[""PV""]","SCRIBERS, ENGRAVERS, CARTOGRAPHIC","Stylets, graveurs, cartographiques",Active,Actif,"2023-02-27 22:50:03"
N6685CD,"[""PV""]",HYGROMETERS,Hygromètres,Active,Actif,"2023-02-27 22:50:03"
N6685EB,"[""PV""]","GAGE, PRESSURE, AIRCRAFT","Jauge, pression, aéronef",Active,Actif,"2023-02-27 22:50:03"
N6685F,"[""PV""]","MANOMETER, ANEROID AND MERCURIAL","Manomètre, anéroïde et mercuriel",Active,Actif,"2023-02-27 22:50:03"
N6685G,"[""PV""]","PRESSURE SENSING AND SWITCHING DEVICES","Dispositif de commutation et de détection de pression",Active,Actif,"2023-02-27 22:50:03"
N6680H,"[""PV""]","REGULATOR, PRESSURE, GAS","Régulateur de pression, à gaz",Active,Actif,"2023-02-27 22:50:03"
N6680J,"[""PV""]","TACHOMETER, INDICATING RECORDING","Tachymètre, indicateur enregistreur",Active,Actif,"2023-02-27 22:50:03"
N6680K,"[""PV""]",PEDOMETER,Podomètre,Active,Actif,"2023-02-27 22:50:03"
N6680N,"[""PV""]","TEST EQUIPMENT, AIRCRAFT INSTRUMENTS N.E.S.","Équipement d'essai, instruments d'aéronef (N.E.A.)",Active,Actif,"2023-02-27 22:50:03"
N6680P,"[""PV""]","CONTROLLER, LIQUID LEVEL","Contrôleur, niveau de liquide",Active,Actif,"2023-02-27 22:50:03"
N6685,"[""PV""]","Pressure, Temperature and Humidity Measuring and Controlling Instruments","Instruments de contrôle et de mesure de pression, de température et d'humidité",Active,Actif,"2023-02-27 22:50:03"
N6685A,"[""PV""]","CONTROLS, PRESSURE/TEMPERATURE, RECORDING","Contrôleurs-enregistreurs de pression et de température",Active,Actif,"2023-02-27 22:50:03"
N6685C,"[""PV""]","HUMIDITY INSTRUMENTS","Instruments de mesure d'humidité",Active,Actif,"2023-02-27 22:50:03"
N6685CA,"[""PV""]","METERS, MOISTURE INDICATING",Hygromètres,Active,Actif,"2023-02-27 22:50:03"
N6685NA,"[""PV""]","TRANSMITTER, PRESSURE","Transmetteur, pression",Active,Actif,"2023-02-27 22:50:03"
N6685NB,"[""PV""]","TRANSMITTER, TEMPERATURE","Sonde de température",Active,Actif,"2023-02-27 22:50:03"
N6685P,"[""PV""]","BAROMETERS, ANEROID AND MERCURIAL (EXCEPT METEOROLOGICAL)","Baromètres, anéroïdes et mercuriels, sauf météorologiques",Active,Actif,"2023-02-27 22:50:03"
N6685Q,"[""PV""]","GAGE, VACUUM, DIAL INDICATING","Vacuomètre, à cadran",Active,Actif,"2023-02-27 22:50:03"
N6685R,"[""PV""]","GAGE, PRESSURE, CDA/ME GAGE 1-0-1, DND QPL","Manomètre, CDA, ME GAGE 1-0-1, LPH du MDN",Active,Actif,"2023-02-27 22:50:03"
N6685T,"[""PV""]","THERMOVISION AND THERMOGRAPHIC EQUIPMENT","Équipement de thermovision et thermographie",Active,Actif,"2023-02-27 22:50:03"
N6695,"[""PV""]","Combination and Miscellaneous Instruments","Combinaisons et instruments divers",Active,Actif,"2023-02-27 22:50:03"
N6695A,"[""PV""]","ANALYZERS, MEAT, FAT CONTENT","Analyseur, viande, teneur en matières grasses",Active,Actif,"2023-02-27 22:50:03"
N6695B,"[""PV""]","OMNI-DIRECTIONAL IMPACT INDICATORS","Indicateurs, impact, omnidirectionnels",Active,Actif,"2023-02-27 22:50:03"
N6695BA,"[""PV""]","OMNI-DIRECTIONAL IMPACT INDICATORS, ACCELEROMETER TYPE","Indicateurs, impact, omnidirectionnels, type accéléromètre",Active,Actif,"2023-02-27 22:50:03"
N6695BB,"[""PV""]","OMNI-DIRECTIONAL IMPACT INDICATORS, RECORDING ACCELEROMETER TYPE","Indicateurs, impact, omnidirectionnels, type accéléromètre enregistreur",Active,Actif,"2023-02-27 22:50:03"
N6695E,"[""PV""]","PRINTER-PLOTTERS, X-Y AND MULTICHANNEL TYPES","Imprimantes-traceurs, types de courbes et multicanal",Active,Actif,"2023-02-27 22:50:03"
N6695F,"[""PV""]","LABORATORY AUTOMATION/INFORMATION MANAGEMENT SYSTEMS EQUIPMENT","Équipement pour systèmes de gestion d'information et d'automation de laboratoire",Active,Actif,"2023-02-27 22:50:03"
N6685J,"[""PV""]",RECORDERS,Enregistreurs,Active,Actif,"2023-02-27 22:50:03"
N6685JD,"[""PV""]","RECORDERS, TEMPERATURE (EXCEPT LONG TERM AMBIENT)","Enregistreurs, température, sauf de l'air ambiant à longue durée",Active,Actif,"2023-02-27 22:50:03"
N6685L,"[""PV""]","THERMOCOUPLES, ALL TYPES","Thermocouples, tous les types",Active,Actif,"2023-02-27 22:50:03"
N6685M,"[""PV""]",THERMOMETERS,Thermomètres,Active,Actif,"2023-02-27 22:50:03"
N6685MF,"[""PV""]","Temperature measuring instruments, Infrared","Mesure de température, infrarouge",Active,Actif,"2023-02-27 22:50:03"
N6685MG,"[""PV""]","THERMOMETERS, INDICATING, GAS TYPE","Thermomètres indicateurs, type à gaz",Active,Actif,"2023-02-27 22:50:03"
N6685MH,"[""PV""]","THERMOSTATS, ALL TYPE","Thermostats, tous les types",Active,Actif,"2023-02-27 22:50:03"
N6685N,"[""PV""]",TRANSMITTER,Transmetteur,Active,Actif,"2023-02-27 22:50:03"
N6720A,"[""PV""]","CAMERAS, STILL PICTURE (AMATEUR - 110 - 126 DISC)","Appareils photographiques, amateurs, 110 - 126 disques",Active,Actif,"2023-02-27 22:50:03"
N6720B,"[""PV""]","CAMERAS, STILL PICTURE, 35MM (PROFESSIONAL) EXCEPT UNDERWATER","Appareils photographiques, 35 mm, professionnels, sauf sous-marin",Active,Actif,"2023-02-27 22:50:03"
N6720C,"[""PV""]","CAMERAS, STILL PICTURE, UNDERWATER","Appareils photographiques, sous-marin",Active,Actif,"2023-02-27 22:50:03"
N6720E,"[""PV""]","CAMERAS, STILL PICTURE, HORIZONTAL AND VERTICAL (PHOTOGRAPHIC OR GRAPHIC ARTS)","Appareils photographiques, microfilm",Active,Actif,"2023-02-27 22:50:03"
N6720H,"[""PV""]","CAMERAS, STILL PICTURE, IDENTIFICATION","Appareils photographiques, identification",Active,Actif,"2023-02-27 22:50:03"
N6720S,"[""PV""]","CAMERAS AND ACCESSORIES, STILL PICTURE, AIRCRAFT","Appareils photographiques et accessoires, aéronef",Active,Actif,"2023-02-27 22:50:03"
N6730,"[""PV""]","Photographic Projection Equipment","Équipement de projection photographique et cinématographique",Active,Actif,"2023-02-27 22:50:03"
N6695G,"[""PV""]","ANALYZERS, FISH FRESHNESS","Analyseurs, fraîcheur du poisson",Active,Actif,"2023-02-27 22:50:03"
N6695J,"[""PV""]","COMBINATION LEVEL SENSOR, INVENTORY MANAGEMENT AND LEAK DETECTOR, FOR UNDERGROUND FUEL STORAGE TANKS","Détecteurs de niveaux combinés, détecteur du niveau des stocks et de fuites pour réservoirs de combustible souterrains",Active,Actif,"2023-02-27 22:50:03"
N6695K,"[""PV""]","ANALYZERS LIQUID SAMPLE","Analyseurs d'échantillon liquide",Active,Actif,"2023-02-27 22:50:03"
N6695L,"[""PV""]","TESTERS,MISCELLANEOUS","Vérificateurs, divers",Active,Actif,"2023-02-27 22:50:03"
N6710,"[""PV""]","Cameras, Motion Picture","Appareils cinématographiques",Active,Actif,"2023-02-27 22:50:03"
N6710A,"[""PV""]","CAMERAS, MOTION PICTURE - ULTRA MINIATURE, 8MM, SUPER 8MM, CASSETTE - AMATEUR","Appareils cinématographiques, ultra miniature, 8 mm, super 8 mm, cassette, amateur",Active,Actif,"2023-02-27 22:50:03"
N6710AF,"[""PV""]","CAMERAS, MOTION PICTURE, AIRCRAFT CAMERAS AND ACCESSORIES","Appareils cinématographiques, d'aéronef et accessoires",Active,Actif,"2023-02-27 22:50:03"
N6710C,"[""PV""]","CAMERAS, MOTION PICTURE - HIGH SPEED AND LOW SPEED (EVENT ANALYSIS AND INSTRUMENTATION)","Appareils cinématographiques, grande sensibilité et faible sensibilité, analyse de cas et instrumentation",Active,Actif,"2023-02-27 22:50:03"
N6720,"[""PV""]","Cameras, Still Picture","Appareils photographiques",Active,Actif,"2023-02-27 22:50:03"
N6720100,"[""PV""]","CAMERAS, STILL PICTURE, MICROFILM","Appareils photographiques, microfilm",Active,Actif,"2023-02-27 22:50:03"
N6730C,"[""PV""]","SCREENS, PROJECTION, PHOTOGRAPHIC","Écrans, projection, photographiques",Active,Actif,"2023-02-27 22:50:03"
N6740,"[""PV""]","Photographic Developing and Finishing Equipment","Équipements de développement et de tirage photographiques",Active,Actif,"2023-02-27 22:50:03"
N6740C,"[""PV""]","TRIMMERS/CUTTERS (MATTE CUTTING) PHOTOGRAPHIC - FILM AND PAPER","Rogneuses, cisailles, coupe matte, photographiques - film et papier",Active,Actif,"2023-02-27 22:50:03"
N6740E,"[""PV""]","PRINTERS, PROJECTION PHOTOGRAPHIC","Tireuses, projection photographiques",Active,Actif,"2023-02-27 22:50:03"
N6730400,"[""PV""]","READER/PRINTERS, MICROFILM","Lecteurs, tireuses, microfilm",Active,Actif,"2023-02-27 22:50:03"
N6730401,"[""PV""]","READER/PRINTERS, MICROFICHE","Lecteurs, tireuses, microfiche",Active,Actif,"2023-02-27 22:50:03"
N6730402,"[""PV""]","READER/PRINTERS, MICROFILM, ROLL, CARTRIDGE/CASSETTE","Lecteurs, tireuses, microfilm, rouleau, cartouche, cassette",Active,Actif,"2023-02-27 22:50:03"
N6730403,"[""PV""]","READER/PRINTERS, APERTURE CARD","Lecteurs, tireuses, carte d'ouverture",Active,Actif,"2023-02-27 22:50:03"
N6730404,"[""PV""]","READING LINE GUIDES (FOR MICROFILM READERS AND READER/PRINTERS)","Guides de lecture, pour lectures de microfilms et lectrices, imprimantes",Active,Actif,"2023-02-27 22:50:03"
N6730A,"[""PV""]","VIEWERS, PHOTOGRAPHIC, STILL PICTURE","Visionneuses, à appareils photographiques",Active,Actif,"2023-02-27 22:50:03"
N6730B,"[""PV""]",PROJECTORS,Projecteurs,Active,Actif,"2023-02-27 22:50:03"
N6730BB,"[""PV""]","PROJECTORS, MOTION PICTURE - 16MM, 35MM AND 70MM (SILENT AND SOUND)","Projecteurs cinématographique, 16 mm et 70 mm, muets et sonores",Active,Actif,"2023-02-27 22:50:03"
N6730BBA,"[""PV""]","PROJECTORS, PHOTOGRAPHIC, MOTION ANALYZER","Projecteurs photographiques, analyse de mouvement",Active,Actif,"2023-02-27 22:50:03"
N6730BC,"[""PV""]","PROJECTORS, OVERHEAD AND OPAQUE","Rétroprojecteurs et projecteurs opaques",Active,Actif,"2023-02-27 22:50:03"
N6740NA,"[""PV""]","PROCESSING MACHINES, PHOTOGRAPHIC - MOTION PICTURE - FILM","Développeuses automatiques, photographiques, cinématographiques, film",Active,Actif,"2023-02-27 22:50:03"
N6740NC,"[""PV""]","PROCESSING MACHINES, GRAPHIC ARTS, STILL PICTURE, FILM AND PAPER, B AND W AND COLOUR","Développeuses automatiques, arts graphiques, photographiques film et papier, N et B et couleur",Active,Actif,"2023-02-27 22:50:03"
N6740Q,"[""PV""]","ANALYSERS, COLOUR PRINTING PHOTOGRAPHIC","Analyseurs, tirage photographique couleur",Active,Actif,"2023-02-27 22:50:03"
N6750,"[""PV""]","Photographic Supplies","Fournitures photographiques",Active,Actif,"2023-02-27 22:50:03"
N6750A,"[""PV""]","CHEMICALS, PHOTOGRAPHIC, ALL TYPES (INCLUDES CHEMICAL REJUVENATION)","Produits chimiques, photographiques, tous genres (Rejuvénation chimique)",Active,Actif,"2023-02-27 22:50:03"
N6750C,"[""PV""]","FILM PHOTOGRAPHIC","Film photographique",Active,Actif,"2023-02-27 22:50:03"
N6750CC,"[""PV""]","FILM, PHOTO ORTHO (HIGH CONTRAST - LINE FILM)","Film photographique, ortho, contraste dur, film pour composition linéaire",Active,Actif,"2023-02-27 22:50:03"
N6750CD,"[""PV""]","FILM, PHOTO AERIAL","Film, photographie aérienne",Active,Actif,"2023-02-27 22:50:03"
N6750CF,"[""PV""]","FILM, GRAPHIC ARTS (PHOTOMECHANICAL - COPY FILM - SCRIBING MATERIALS)","Film arts graphique, photomécanique, film pour tireuse - matériaux pour traçage",Active,Actif,"2023-02-27 22:50:03"
N6740EE,"[""PV""]","PRINTERS, PROJECTION, PHOTOGRAPHIC (ENLARGERS) AND GRAPHIC ARTS, AUTOMATIC MACHINE PRINTING (ACCEPTS ROLL PAPER)","Tireuses, projection photographique, agrandisseurs et arts graphiques, tireuses automatiques, sauf le papier en rouleaux",Active,Actif,"2023-02-27 22:50:03"
N6740G,"[""PV""]","TANKS AND TRAYS, PHOTOGRAPHIC","Cuves et cuvettes, photographiques",Active,Actif,"2023-02-27 22:50:03"
N6740J,"[""PV""]","CONTACT PRINTER (FILM AND PAPER)","Tireuse par contact, film et papier",Active,Actif,"2023-02-27 22:50:03"
N6740N,"[""PV""]","PROCESSING MACHINES, PHOTOGRAPHIC","Développeuses automatiques, photographiques",Active,Actif,"2023-02-27 22:50:03"
N6750WA,"[""PV""]","PAPER, COPYING, DIRECT ELECTROSTATIC PROCESS, PHOTOGRAPHIC","Papier, tirage électrostatique direct, photographique",Active,Actif,"2023-02-27 22:50:03"
N6760,"[""PV""]","Photographic Equipment and Accessories","Équipement photographique et accessoires",Active,Actif,"2023-02-27 22:50:03"
N6760100,"[""PV""]","MICROFICHE JACKETS AND SUPPLIES","Pochettes et approvisionnements pour microfiche",Active,Actif,"2023-02-27 22:50:03"
N6760A,"[""PV""]","BAGS AND CASES, PHOTOGRAPHIC","Sacs et coffrets, photographiques",Active,Actif,"2023-02-27 22:50:03"
N6760B,"[""PV""]","CABINETS, STORAGE, PHOTOGRAPHIC","Armoires de rangement, photographiques",Active,Actif,"2023-02-27 22:50:03"
N6750DDB,"[""PV""]","FILM, PHOTOGRAPHIC, MICROFILM","Film, photo, microfilm",Active,Actif,"2023-02-27 22:50:03"
N6750E,"[""PV""]","PAPER, PHOTOGRAPHIC","Papier, photographique",Active,Actif,"2023-02-27 22:50:03"
N6750EE,"[""PV""]","PAPER, GRAPHIC ARTS","Papier, arts graphiques",Active,Actif,"2023-02-27 22:50:03"
N6760G,"[""PV""]","STANDS, AUDIO VISUAL PROJECTORS","Supports, projecteurs audio-visuels",Active,Actif,"2023-02-27 22:50:03"
N6760K,"[""PV""]","DENSITOMETER (EXCEPT RADIOGRAPHIC)","Densitomètres, sauf pour radiographie",Active,Actif,"2023-02-27 22:50:03"
N6770,"[""PV""]","Film, Processed","Films traités",Active,Actif,"2023-02-27 22:50:03"
N6780,"[""PV""]","Photographic Sets, Kits and Outfits","Nécessaires, trousses, assortiments d'articles photographiques",Active,Actif,"2023-02-27 22:50:03"
N6810,"[""PV""]",Chemicals,"Produits chimiques",Active,Actif,"2023-02-27 22:50:03"
N6810AB,"[""PV""]","ACIDS (N.E.S.)",Acides,Active,Actif,"2023-02-27 22:50:03"
N6810AC,"[""PV""]",ALCOHOL,Alcool,Active,Actif,"2023-02-27 22:50:03"
N6760BA,"[""PV""]","CABINETS, STORAGE, PHOTOGRAPHIC, MOTION PICTURE, REELS AND CANS","Armoires de rangement, photographiques, cinématographiques, bobines et boîtes",Active,Actif,"2023-02-27 22:50:03"
N6760C,"[""PV""]","LENS, PHOTOGRAPHIC","Lentilles, photographiques",Active,Actif,"2023-02-27 22:50:03"
N6760CA,"[""PV""]","LENS, PHOTOGRAPHIC CAMERA, STILL PICTURE","Lentilles, appareils photographiques, photo",Active,Actif,"2023-02-27 22:50:03"
N6760CD,"[""PV""]","LENS, AUDIO VISUAL PROJECTORS","Lentilles, projecteur audio-visuel",Active,Actif,"2023-02-27 22:50:03"
N6760CE,"[""PV""]","LENS, ENLARGERS","Lentilles, agrandissante",Active,Actif,"2023-02-27 22:50:03"
N6760E,"[""PV""]","LIGHTING, PHOTOGRAPHIC","Éclairage, photographique",Active,Actif,"2023-02-27 22:50:03"
N6760EB,"[""PV""]","LIGHTING, PHOTOGRAPHIC CAMERA, STILL PICTURE (IE.FLASHES, ELECTRONIC, PORTABLE)","Éclairage, appareils photographiques, c.-à-d. lampes éclairées électroniques, portatives",Active,Actif,"2023-02-27 22:50:03"
N6760EC,"[""PV""]","LIGHTING, PHOTOGRAPHIC CAMERA, MOTION/VIDEO CAMERA, PORTABLE","Éclairage, appareils photographiques, cinématographiques, vidéo, portatif",Active,Actif,"2023-02-27 22:50:03"
N6760ED,"[""PV""]","LIGHTING, PHOTOGRAPHIC, CAMERA, UNDERWATER","Éclairage, appareils photographiques, sous-marin",Active,Actif,"2023-02-27 22:50:03"
N6810AH,"[""PV""]",CHLORINE,Chlore,Active,Actif,"2023-02-27 22:50:03"
N6810AHA,"[""PV""]","CHLORINE, LIQUID","Chlore, liquide",Active,Actif,"2023-02-27 22:50:03"
N6810AK,"[""PV""]","ETHYLENE GLYCOL, UNINHIBITED, CGSB 3-GP-855M","Éthylène glycol non inhibé, ONGC 3-GP-855M",Active,Actif,"2023-02-27 22:50:03"
N6810AM,"[""PV""]","HYDROCHLORIC ACID (TECHNICAL) (MURIATIC) CAN/CGSB-15.33-92","Acide chlorhydrique, technique, muriatique, CAN/ONGC-15.33-92",Active,Actif,"2023-02-27 22:50:03"
N6810AN,"[""PV""]","ION EXCHANGE COMPOUND (EXCEPT MEDICINAL GRADE)","Composé échangeur d'ion, sauf qualité médicinale",Active,Actif,"2023-02-27 22:50:03"
N6810AD,"[""PV""]",ALUMINUM,Aluminium,Active,Actif,"2023-02-27 22:50:03"
N6810ADA,"[""PV""]","ALUMINUM SULFIDE, POWDER AND LIQUID AWWA B403","Sulfure d'aluminium en poudre et en liquide AWWA B403",Active,Actif,"2023-02-27 22:50:03"
N6810ADB,"[""PV""]","ALUMINUM OXIDE","Oxyde d'aluminium",Active,Actif,"2023-02-27 22:50:03"
N6810AEC,"[""PV""]","AMMONIUM NITRATE (TECHNICAL)","Nitrate d'ammonium, technique",Active,Actif,"2023-02-27 22:50:03"
N6810AED,"[""PV""]","AMMONIUM SULFATE","Sulfate d'ammonium",Active,Actif,"2023-02-27 22:50:03"
N6810AF,"[""PV""]",CALCIUM,Calcium,Active,Actif,"2023-02-27 22:50:03"
N6810AFA,"[""PV""]","CALCIUM CHLORIDE, CAN/CGSB-15.1-92","Chlorure de calcium, CAN/ONGC-15.1-92",Active,Actif,"2023-02-27 22:50:03"
N6810AFB,"[""PV""]","CALCIUM HYDROXIDE, HYDRATED LIME","Hydroxyde de calcium, chaux hydratée",Active,Actif,"2023-02-27 22:50:03"
N6810AFC,"[""PV""]","CALCIUM HYPOCHLORITE, CAN/CGSB-15.32-92","Hypochlorite de calcium, CAN/ONGC-15.32-92",Active,Actif,"2023-02-27 22:50:03"
N6810AG,"[""PV""]","Carbon, Activated","Carbone, activé",Active,Actif,"2023-02-27 22:50:03"
N6810AYB,"[""PV""]","SODIUM CARBONATE (SODA ASH) DENSE, CAN/CGSB-15.5-93","Carbonate de sodium, cendre de soude, dense, CAN/ONGC-15.5-93",Active,Actif,"2023-02-27 22:50:03"
N6810AYC,"[""PV""]","SODIUM CHLORIDE (SALT) CAN/CGSB-15.9-92","Chlorure de sodium, sel, CAN/ONGC-15.9-92",Active,Actif,"2023-02-27 22:50:03"
N6810AYD,"[""PV""]","SODIUM FLUORIDE","Fluorure de sodium",Active,Actif,"2023-02-27 22:50:03"
N6810AYE,"[""PV""]","SODIUM HYPOCHLORITE, 12%, CAN/CGSB-15.31-93","Hypochlorite de sodium, 12, CAN/ONGC-15.31.93",Active,Actif,"2023-02-27 22:50:03"
N6810AZ,"[""PV""]","SULFURIC ACID, ELECTROLYTE GRADE (CLASS 1 & 3) CAN/CGSB-15.8-92","Acide sulfurique, de qualité électrolytique, catégorie 1 et 3, CAN/ONGC-15.8-92",Active,Actif,"2023-02-27 22:50:03"
N6810B00,"[""PV""]","CHEMICALS (N.E.S.)","Produits chimiques",Active,Actif,"2023-02-27 22:50:03"
N6810B10,"[""PV""]","CHEMICALS AND REAGENTS FOR WATER TREATMENT, BOILER FEED ONLY","Produits et réactifs pour le traitement de l'eau, alimentation des chaudières seulement",Active,Actif,"2023-02-27 22:50:03"
N6810B20,"[""PV""]",Urea,Urée,Active,Actif,"2023-02-27 22:50:03"
N6810AT,"[""PV""]",METHYL,Méthyle,Active,Actif,"2023-02-27 22:50:03"
N6810AW,"[""PV""]","RADIOACTIVE CHEMICALS","Produits chimiques radioactifs",Active,Actif,"2023-02-27 22:50:03"
N6810AXA,"[""PV""]","SODA, CAUSTIC","Soude caustique",Active,Actif,"2023-02-27 22:50:03"
N6810AY,"[""PV""]",SODIUM,Sodium,Active,Actif,"2023-02-27 22:50:03"
N6810J,"[""PV""]","ZINC CHROMATE, REAGENT","Chromate de zinc, réactif",Active,Actif,"2023-02-27 22:50:03"
N6810BE,"[""PV""]","Urea (anti-icing chemical)","Urée, produit chimique anti-givreur",Active,Actif,"2023-02-27 22:50:03"
N6810BF,"[""PV""]","WATER TREATMENT CHEMICALS","Produits chimiques pour le traitement de l'eau",Active,Actif,"2023-02-27 22:50:03"
N6810BFA,"[""PV""]","WATER TREATMENT, BOILER FEED CHEMICALS ONLY","Traitement de l'eau, produits chimiques pour l'alimentation des chaudières seulement",Active,Actif,"2023-02-27 22:50:03"
N6810BFB,"[""PV""]","WATER TREATMENT, REAGENTS AND CHEMICALS (N.E.S.)","Traitement de l'eau, réactifs et produits chimiques",Active,Actif,"2023-02-27 22:50:03"
N6810C,"[""PV""]","CHEMICALS, MISCELLANEOUS","Produits chimiques, divers",Active,Actif,"2023-02-27 22:50:03"
N6810CA,"[""PV""]","CHEMICALS, AGRICULTURAL","Produits chimiques, agricoles",Active,Actif,"2023-02-27 22:50:03"
N6810CB,"[""PV""]","CHEMICALS, INDUSTRIAL","Produits chimiques, industriels",Active,Actif,"2023-02-27 22:50:03"
N6810CC,"[""PV""]","CHEMICALS, LABORATORY","Produits chimiques, laboratoires",Active,Actif,"2023-02-27 22:50:03"
N6810CD,"[""PV""]","CHEMICALS, RESEARCH","Produits chimiques, recherches",Active,Actif,"2023-02-27 22:50:03"
N6810CE,"[""PV""]","CHEMICALS, SWIMMING POOL","Produits chimiques pour piscine",Active,Actif,"2023-02-27 22:50:03"
N6810E,"[""PV""]","SOLVENTS HIGH PURITY","Dissolvants, très pur",Active,Actif,"2023-02-27 22:50:03"
N6810F,"[""PV""]","XYLENE, CAN/CGSB-1.94-M89","Xylène, CAN/ONGC-1.94-M89",Active,Actif,"2023-02-27 22:50:03"
N6850,"[""PV""]","Miscellaneous Chemical Specialities","Spécialités chimiques diverses",Active,Actif,"2023-02-27 22:50:03"
N6850AD,"[""PV""]","CLEANER-DEGREASER, CONCENTRATED LIQUID , 5 IMP GAL.CONTAINER OR METRIC EQUIVALENT","Solvant de nettoyage, liquide concentré , contenant de 5 gallons impériaux ou l'équivalent métrique",Active,Actif,"2023-02-27 22:50:03"
N6850BA,"[""PV""]","CLEANING COMPOUND, SOLVENT GAMLEN 26","Composé de nettoyage, solvant, Gamlen 26",Active,Actif,"2023-02-27 22:50:03"
N6850BAA,"[""PV""]","ADDITIVES AND CONDITIONERS, FUEL OIL","Additifs et conditionneurs, huile combustible",Active,Actif,"2023-02-27 22:50:03"
N6850BAB,"[""PV""]","ANTIFREEZE, AUTOMOTIVE ENGINE","Antigel pour moteurs de véhicules automobiles",Active,Actif,"2023-02-27 22:50:03"
N6850BAY,"[""PV""]","CORROSION REMOVING COMPOUND, (INHIBITED) PHOSPHORIC/OXALIC ACID BASE CAN/CGSB-31.111","Décapant pour taches de rouille, inhibé, à base d'acide phosphorique, oxalique, CAN/ONGC-31.111",Active,Actif,"2023-02-27 22:50:03"
N6850BBA,"[""PV""]","DECONTAMINATING AGENT","Agent de décontamiation",Active,Actif,"2023-02-27 22:50:03"
N6850BBC,"[""PV""]","DEICING AND DEFROSTING FLUID, AIRCRAFT SURFACES","Liquide dégivrant-dégelant pour surfaces d'aéronefs",Active,Actif,"2023-02-27 22:50:03"
N6850BBE,"[""PV""]","CLEANING SOLVENT, HYDROCARBON TYPE, CAN 3.8","Solvant de nettoyage, type hydrocarbure, CAN 3, 8",Active,Actif,"2023-02-27 22:50:03"
N6850BBG,"[""PV""]","INHIBITOR CORROSION, LUBRICATING OIL","Anticorrosif, huile",Active,Actif,"2023-02-27 22:50:03"
N6850BAF,"[""PV""]","CLEANING COMPOUND, AIRCRAFT SURFACE","Détersif, surface d'aéronef",Active,Actif,"2023-02-27 22:50:03"
N6850BAJ,"[""PV""]","CLEANING COMPOUND, FUEL TANK AND BILGE","Détersif, réservoir à carburant et fond de cale",Active,Actif,"2023-02-27 22:50:03"
N6850BAM,"[""PV""]","CLEANING COMPOUND, SOLVENT","Détersif, solvant",Active,Actif,"2023-02-27 22:50:03"
N6850BAW,"[""PV""]","CLEANING SOLVENT, GREASE REMOVING, EMULSION CAN/CGSB-31.202","Solvant de nettoyage pour le dégraissage, émulsion CAN/ONGC-31.202",Active,Actif,"2023-02-27 22:50:03"
N6850BBR,"[""PV""]","SCALE REMOVING COMPOUND","Décapant, dépôts calcaires",Active,Actif,"2023-02-27 22:50:03"
N6850BBT,"[""PV""]","DEICING COMPOUND, SALT AND SAND MIXTURE FOR ROAD SURFACES","Composé de dégivrage, mélange de sel et sable pour le revêtement routier",Active,Actif,"2023-02-27 22:50:03"
N6850BCB,"[""PV""]","INHIBITOR CORROSION, VAPOUR BARRIER","Inhibiteur de corrosion, barrière gazeuse",Active,Actif,"2023-02-27 22:50:03"
N6850BCC,"[""PV""]","ANTIFREEZE, WINDSHIELD WASHER, DILUTE","Antigel, lave-glace, dilué",Active,Actif,"2023-02-27 22:50:03"
N6910D,"[""PV""]","Manikins Anatomical/Physiology, Medical Training AID","Accessoire d'instruction médical, anatomique, physiologique mannequins",Active,Actif,"2023-02-27 22:50:03"
N6850LA,"[""PV""]","HUMIDITY CONTROL SALT, CALCOMP PRINTER-DESSICANT","Sel pour contrôle d'humidité, imprimante calcomp-dessiccatif",Active,Actif,"2023-02-27 22:50:03"
N6850N,"[""PV""]","Pepper Spray","Gaz Poivré",Active,Actif,"2023-02-27 22:50:03"
N7490K,"[""PV""]","EMBOSSING MACHINES",Estampeuses,Active,Actif,"2023-02-27 22:50:03"
N7520WE,"[""PV""]","FINGERPRINT IDENTIFICATION KIT","Empreintes digitales, prise et recherche, lot",Active,Actif,"2023-02-27 22:50:03"
N6509,"[""PV""]","Drugs and Biologicals, Veterinary Use","Médicaments et produits biologiques, usage vétérinaire",Active,Actif,"2023-02-27 22:50:03"
JI6650,"[""PV""]","Optical Instruments, Test Equipment , Components and Accessories - Installation","Instruments d'optique, matériel d'essai, composants et accessoires - installation",Active,Actif,"2023-02-27 22:50:03"
N6530,"[""PV""]","Hospital Furniture, Equipment, Utensils and Supplies","Mobiliers, équipements, ustensiles et approvisionnements d'hôpitaux",Active,Actif,"2023-02-27 22:50:03"
N6525H,"[""PV""]","Nuclear Magnetic Resonance Spectroscopy","Spectroscopie à résonnance nucléaire magnétique",Active,Actif,"2023-02-27 22:50:03"
N6525J,"[""PV""]","Computed Tomography (CT) Scanner","Lecteur pour tomographie informatisée, CT",Active,Actif,"2023-02-27 22:50:03"
N6525K,"[""PV""]","Magnetic Resonance Imaging Equipment (MRI)","Équipement d'imagerie par résonance magnétique (IRM)",Active,Actif,"2023-02-27 22:50:03"
N8510,"[""PV""]","Perfumes, Toilet Preparations and Powders","Parfums, préparations pour la toilette et poudres",Active,Actif,"2023-02-27 22:50:03"
N8465ZA,"[""PV""]","Eyeglasses,Combat","Lunettes de combat",Active,Actif,"2023-02-27 22:50:03"
N8465ZB,"[""PV""]","SUNGLASSES,BALLISTIC PROTECTIVE","Lunettes de soleil, protection anti-ballistique",Active,Actif,"2023-02-27 22:50:03"
N8510D,"[""PV""]","Deodorant, Personal","Désodorisant, personnel",Active,Actif,"2023-02-27 22:50:03"
N8510F,"[""PV""]","Sunburn Preventive Preparation, Non-Medicated","Préparation antisolaire, non médicamenteuse",Active,Actif,"2023-02-27 22:50:03"
N8530D,"[""PV""]","RAZOR, SAFETY/BLADE, SAFETY RAZOR","Rasoir mécanique, lame de sûreté",Active,Actif,"2023-02-27 22:50:03"
N8530F,"[""PV""]","PACK, PERSONAL TOILETRY ARTICLES","Trousse individuelle, articles de toilette",Active,Actif,"2023-02-27 22:50:03"
N8810,"[""PV""]","Live Animals, Raised for Food","Animaux vivants, élevés pour la consommation",Active,Actif,"2023-02-27 22:50:03"
N8820,"[""PV""]","Live Animals, Not Raised for Food","Animaux vivants, non élevés pour la consommation",Active,Actif,"2023-02-27 22:50:03"
N8820A,"[""PV""]","ANIMALS, LIVE, LABORATORY","Animaux vivants, laboratoire",Active,Actif,"2023-02-27 22:50:03"
N8820B,"[""PV""]","LIVE CHICKS","Poussins vivants",Active,Actif,"2023-02-27 22:50:03"
WL6685,"[""PV""]","PRESSURE, TEMPERATURE, AND HUMIDITY MEASURING AND CONTROLLING INSTRUMENTS - LEASING","Instruments de contrôle et de mesure de pression, de température et d'humidité - location à bail",Active,Actif,"2023-02-27 22:50:03"
WL6695,"[""PV""]","COMBINATION AND MISCELLANEOUS INSTRUMENTS - LEASING","Combinaisons et instruments divers - location à bail",Active,Actif,"2023-02-27 22:50:03"
WL6710,"[""PV""]","CAMERAS, MOTION PICTURE - LEASING","Appareils cinématographiques - location à bail",Active,Actif,"2023-02-27 22:50:03"
WL6730,"[""PV""]","PHOTOGRAPHIC PROJECTION EQUIPMENT - LEASING","Équipement de projection photographique et cinématographique - location à bail",Active,Actif,"2023-02-27 22:50:03"
WL6760,"[""PV""]","PHOTOGRAPHIC EQUIPMENT AND ACCESSORIES - LEASING","Équipement photographique et accessoires - location à bail",Active,Actif,"2023-02-27 22:50:03"
WL6770,"[""PV""]","FILM, PROCESSED - LEASING","Films traités - location à bail",Active,Actif,"2023-02-27 22:50:03"
WL6515,"[""PV""]","MEDICAL AND SURGICAL INSTRUMENTS, EQUIPMENT AND SUPPLIES - LEASING","Instruments, équipements et approvisionnements médicaux et chirurgicaux - location à bail",Active,Actif,"2023-02-27 22:50:03"
WL6640,"[""PV""]","LABORATORY EQUIPMENT AND SUPPLIES - LEASING","Équipement et approvisionnements de laboratoire - location à bail",Active,Actif,"2023-02-27 22:50:03"
WL6645,"[""PV""]","TIME MEASURING INSTRUMENTS - LEASING","Instruments de mesure de temps - location à bail",Active,Actif,"2023-02-27 22:50:03"
WL6655,"[""PV""]","Geophyscial Instruments - Lease","Instruments de géophysique - location",Active,Actif,"2023-02-27 22:50:03"
WL6660,"[""PV""]","METEOROLOGICAL INSTRUMENTS - LEASING","Équipement météorologique - location",Active,Actif,"2023-02-27 22:50:03"
WL6670,"[""PV""]","SCALES AND BALANCES - LEASING","Balances et machines à peser - location à bail",Active,Actif,"2023-02-27 22:50:03"
WL6675,"[""PV""]","DRAFTING, SURVEYING AND MAPPING INSTRUMENTS - LEASING","Instruments de traces, de levés de plans et de cartographie - location à bail",Active,Actif,"2023-02-27 22:50:03"
WR6525,"[""PV""]","X-RAY EQUIPMENT AND SUPPLIES, MEDICAL, DENTAL AND VETERINARY - RENTAL","Accessoires radiographiques et approvisionnements, médical, dentaire et vétérinaire - location",Active,Actif,"2023-02-27 22:50:03"
WR6530,"[""PV""]","HOSPITAL FURNITURE, EQUIPMENT, UTENSILS AND SUPPLIES - RENTAL","Mobiliers, équipements, ustensiles et approvisionnements d'hôpitaux - location",Active,Actif,"2023-02-27 22:50:03"
WR6630,"[""PV""]","CHEMICAL ANALYSIS INSTRUMENTS - RENTAL","Instruments d'analyse chimique - location",Active,Actif,"2023-02-27 22:50:03"
WR6630A,"[""PV""]","CHROMATOGRAPH, GAS - RENTAL","Chromatographe à gaz - location",Active,Actif,"2023-02-27 22:50:03"
WR6635,"[""PV""]","PHYSICAL PROPERTIES TESTING EQUIPMENT - RENTAL","Équipements pour examens des propriétés physiques - location",Active,Actif,"2023-02-27 22:50:03"
WR6640,"[""PV""]","LABORATORY EQUIPMENT AND SUPPLIES - RENTAL","Équipement et approvisionnements de laboratoire - location",Active,Actif,"2023-02-27 22:50:03"
WR6655,"[""PV""]","Geophyscial Instruments - Rental","Instruments de géophysique - location",Active,Actif,"2023-02-27 22:50:03"
WR6655A,"[""PV""]","OCEANOGRAPHIC INSTRUMENTS - RENTAL","Instruments océanographiques - location",Active,Actif,"2023-02-27 22:50:03"
WR6660,"[""PV""]","METEOROLOGICAL INSTRUMENTS AND APPARATUS - RENTAL","Instruments et appareils météorologiques - location",Active,Actif,"2023-02-27 22:50:03"
WR6665,"[""PV""]","Hazard-Detecting Instruments & Apparatus - Rental","Instruments et appareils de détection de danger - location",Active,Actif,"2023-02-27 22:50:03"
WR6670,"[""PV""]","SCALES AND BALANCES - RENTAL","Balances et machines à peser - location",Active,Actif,"2023-02-27 22:50:03"
WR6515,"[""PV""]","MEDICAL AND SURGICAL INSTRUMENTS, EQUIPMENT AND SUPPLIES - RENTAL","Instruments, équipements et approvisionnements médicaux et chirurgicaux - location",Active,Actif,"2023-02-27 22:50:03"
WR6515A,"[""PV""]","OXYGEN MEDICAL EQUIPMENT - RENTAL","Location d'équipement médical pour oxygène",Active,Actif,"2023-02-27 22:50:03"
WR6675,"[""PV""]","DRAFTING, SURVEYING AND MAPPING INSTRUMENTS - RENTAL","Instruments de tracés, de levés de plans et de cartographie - location",Active,Actif,"2023-02-27 22:50:03"
WR6675A,"[""PV""]","SURVEYING EQUIPMENT OR INSTRUMENTS - RENTAL","Équipement ou instruments topographiques - location",Active,Actif,"2023-02-27 22:50:03"
WR6685,"[""PV""]","PRESSURE, TEMPERATURE, AND HUMIDITY MEASURING AND CONTROLLING INSTRUMENTS - RENTAL","Instruments de contrôle et de mesure de pression, de température et d'humidité - location",Active,Actif,"2023-02-27 22:50:03"
WR6695,"[""PV""]","COMBINATION AND MISCELLANEOUS INSTRUMENTS - RENTAL","Combinaisons et instruments divers - location",Active,Actif,"2023-02-27 22:50:03"
WR6710,"[""PV""]","CAMERAS, MOTION PICTURE - RENTAL","Appareils cinématographiques - location",Active,Actif,"2023-02-27 22:50:03"
WR6730,"[""PV""]","Photographic Projection Equipment - Rental","Équipement de projection photographique - location",Active,Actif,"2023-02-27 22:50:03"
WR6740,"[""PV""]","PHOTOGRAPHIC DEVELOPING AND FINISHING EQUIPMENT - RENTAL","Équipements de développement et de tirage photographiques - location",Active,Actif,"2023-02-27 22:50:03"
WR6750,"[""PV""]","PHOTOGRAPHIC SUPPLIES - RENTAL","Fournitures photographiques - location",Active,Actif,"2023-02-27 22:50:03"
WR6760,"[""PV""]","PHOTOGRAPHIC EQUIPMENT AND ACCESSORIES - RENTAL","Équipement photographique et accessoires - location",Active,Actif,"2023-02-27 22:50:03"
WR6770,"[""PV""]","FILM, PROCESSED - RENTAL","Film traité - location",Active,Actif,"2023-02-27 22:50:03"
WR6810A,"[""PV""]","DRUM DEPOSITS, FOR CHEMICALS","Dépôts de réservoir pour produits chimiques",Active,Actif,"2023-02-27 22:50:03"
WR8820,"[""PV""]","LIVE ANIMALS, NOT RAISED FOR FOOD - RENTAL","Animaux vivants, non élevés pour la consommation - location",Active,Actif,"2023-02-27 22:50:03"
N8530,"[""PV""]","Personal Toiletry Articles","Articles de toilette personnelle",Active,Actif,"2023-02-27 22:50:03"
JD5315,"[""HL""]","NAILS, KEYS AND PINS - PRODUCTION DESIGN","Clous, clavettes et goupilles - dessin de production",Active,Actif,"2023-02-27 22:50:03"
JI4430,"[""HL""]","INDUSTRIAL FURNACES, KILNS, LEHRS AND OVENS - INSTALLATION","Foyers industriels, fours à céramique, étuves, fours - installation",Active,Actif,"2023-02-27 22:50:03"
JI4520,"[""HL""]","SPACE HEATING EQUIPMENT AND DOMESTIC WATER HEATERS -INSTALLATION","Équipement de chauffage des locaux et chauffe-eau domestiques - installation",Active,Actif,"2023-02-27 22:50:03"
JI5660,"[""HL""]","Fencing, Fences and Gates - Installation","Clôtures, barrières et portails - installation",Active,Actif,"2023-02-27 22:50:03"
JX4530,"[""HL""]","Fuel Burning Equipment Units - Repair and Overhaul","Éléments d'appareils de chauffage - réparation et révision",Active,Actif,"2023-02-27 22:50:03"
JX4530A,"[""HL""]","Burners Oil - Repair and Overhaul","Brûleurs à mazout - réparation et révision",Active,Actif,"2023-02-27 22:50:03"
JX4530AA,"[""HL""]","Gas Burning Equipment, Propane - Repair and Overhaul","Réparation et révision de brûleur à gaz propane",Active,Actif,"2023-02-27 22:50:03"
JX4540,"[""HL""]","Waste Disposal Equipment - Repair and Overhaul","Équipement d'élimination des déchets - réparation et révision",Active,Actif,"2023-02-27 22:50:03"
JX4610,"[""HL""]","Water Purification Equipment - Repair","Équipement de purification des eaux - réparation",Active,Actif,"2023-02-27 22:50:03"
JX4620,"[""HL""]","Water Distillation Equipment, Marine and Industrial - Repair","Équipements marins et industriels de distillation des eaux - réparation",Active,Actif,"2023-02-27 22:50:03"
JX4630,"[""HL""]","Sewage Treatment Equipment - Repair","Équipement de traitement des eaux usées - réparation",Active,Actif,"2023-02-27 22:50:03"
JX4410,"[""HL""]","Industrial Boilers, Heating Plant Control System - Repair and Overhaul/Servicing","Système de contrôle de centrale thermique et chaudières industrielles - réparation, révision et entretien",Active,Actif,"2023-02-27 22:50:03"
JX4410A,"[""HL""]","Boilers, Marine - Repair and Overhaul","Chaudières, marines - réparation et révision",Active,Actif,"2023-02-27 22:50:03"
JX4420,"[""HL""]","Heat Exchangers and Steam Condensers - Repair","Échangeurs de chaleur et condenseurs de vapeur - réparation",Active,Actif,"2023-02-27 22:50:03"
JX4430,"[""HL""]","Industrial Furnaces, Kilns, Lehrs and Ovens - Repair","Foyers industriels, fours à céramique, étuves, fours - réparation",Active,Actif,"2023-02-27 22:50:03"
JX4460,"[""HL""]","Air Purification Equipment - Repair","Équipements de purification d'air - réparation",Active,Actif,"2023-02-27 22:50:03"
JX4510,"[""HL""]","Plumbing Fixtures and Accessories - Repair","Agencements et accessoires de plomberie - réparation",Active,Actif,"2023-02-27 22:50:03"
JX4520,"[""HL""]","Space and Water Heating Equipment - Repair","Équipement de chauffage des locaux et chauffe-eau domestiques - réparation",Active,Actif,"2023-02-27 22:50:03"
JX4520AA,"[""HL""]","Humidifiers, Industrial - Repairs","Humidificateurs, industriels - réparation",Active,Actif,"2023-02-27 22:50:03"
JX5325,"[""HL""]","Fastening Devices - Repair","Dispositifs d'attache - réparation",Active,Actif,"2023-02-27 22:50:03"
JX5330,"[""HL""]","Packing and Gasket Material - Repair","Joints et garnitures - réparation",Active,Actif,"2023-02-27 22:50:03"
JX5335,"[""HL""]","Metal Screening - Repair","Écrans métalliques - réparation",Active,Actif,"2023-02-27 22:50:03"
JX5340,"[""HL""]","Miscellaneous Hardware - Repair","Quincaillerie générale - réparation",Active,Actif,"2023-02-27 22:50:03"
JX5360,"[""HL""]","Coil, Flat and Wire Springs - Repair","Ressorts hélicoïdaux, spirales, plats et en fil métallique - réparation",Active,Actif,"2023-02-27 22:50:03"
JX5410,"[""HL""]","Prefabricated and Portable Buildings - Repair","Bâtiments préfabriqués et démontables - réparation",Active,Actif,"2023-02-27 22:50:03"
JX5430,"[""HL""]","Storage Tanks - Repair","Réservoirs - réparation",Active,Actif,"2023-02-27 22:50:03"
JX5430B,"[""HL""]","Tanks, Oil Storage - Repair and Overhaul","Réservoirs pour l'emmagasinage de l'huile - réparation et révision",Active,Actif,"2023-02-27 22:50:03"
JX5430C,"[""HL""]","Repair of Cement Layer (Inside), Drinking Water Tanks (Marine)","Couche de ciment, intérieure, réservoirs d'eau potable, marine - réparation",Active,Actif,"2023-02-27 22:50:03"
JX5440,"[""HL""]","Scaffolding Equipment and Concrete Forms - Repair","Équipements d'échafaudage et coffrages à béton - réparation",Active,Actif,"2023-02-27 22:50:03"
JX5445,"[""HL""]","Prefabricated Tower Structures - Repair and Maintenance","Structures de pylônes préfabriqués - réparation et entretien",Active,Actif,"2023-02-27 22:50:03"
JX5450,"[""HL""]","Structures, Prefabricated, Miscellaneous - Repair","Constructions, préfabriquées, diverses - réparation",Active,Actif,"2023-02-27 22:50:03"
JX5520,"[""HL""]","Millwork - Repair","Bois de menuiserie - réparation",Active,Actif,"2023-02-27 22:50:03"
JX5610,"[""HL""]","Mineral Construction Materials, Bulk - Repair","Matériaux minéraux de construction, en vrac - réparation",Active,Actif,"2023-02-27 22:50:03"
JX5620,"[""HL""]","Tiles, Bricks and Blocks - Repair","Tuiles, briques et blocs - réparation",Active,Actif,"2023-02-27 22:50:03"
JX5640A,"[""HL""]","Insulation, Board, Thermal - Repair","Isolant plaque calorifuge - réparation",Active,Actif,"2023-02-27 22:50:03"
JX5660,"[""HL""]","Fencing, Fences, Gates and Components - Repair","Clôtures, barrières, portails et composants - réparation",Active,Actif,"2023-02-27 22:50:03"
JX5670,"[""HL""]","Architectural and Related Metal Products - Repair","Éléments de construction et métalliques - réparation",Active,Actif,"2023-02-27 22:50:03"
JX5680,"[""HL""]","Construction Material, Miscellaneous - Repair","Matériaux de construction divers - réparation",Active,Actif,"2023-02-27 22:50:03"
JX9150,"[""HL""]","Oils and Greases, Cutting, Lubricating, and Hydraulic","Huiles et graisses de coupe, de graissage et hydrauliques",Active,Actif,"2023-02-27 22:50:03"
N4410,"[""HL""]","Industrial Boilers","Chaudières industrielles",Active,Actif,"2023-02-27 22:50:03"
N4410A,"[""HL""]","Boilers (Over 15 Pounds WSP/Over 100 Gallons Recovery Capacity)","Chaudières, pression de vapeur de fonctionnement de 15 livres, capacité de récupération de plus de 100 gallons",Active,Actif,"2023-02-27 22:50:03"
N4410AA,"[""HL""]","Boilers, Commercial","Chaudières, commerciales",Active,Actif,"2023-02-27 22:50:03"
N4420B,"[""HL""]","Dearators, Marine","Dé-aérateurs, marines",Active,Actif,"2023-02-27 22:50:03"
N4420C,"[""HL""]","Heat Exchangers","Échangeurs de chaleur",Active,Actif,"2023-02-27 22:50:03"
N4420D,"[""HL""]","Heat Exchangers and Steam Condensers, N.E.S.","Échangeurs de chaleur et condenseurs de vapeur, N.E.A.",Active,Actif,"2023-02-27 22:50:03"
N4420E,"[""HL""]","Plants, Evaporating and Distilling, Marine","Installations d'évaporation et de distillation, marines",Active,Actif,"2023-02-27 22:50:03"
N4420F,"[""HL""]","Pumps, Condensation","Pompes, condensation",Active,Actif,"2023-02-27 22:50:03"
N4420G,"[""HL""]","Pressure Vessels, Heat Exchangers and Steam Condensers","Autoclaves, échangeurs de chaleur et condenseurs de vapeur",Active,Actif,"2023-02-27 22:50:03"
N4420H,"[""HL""]","Heat Exchangers, Diesel Fuel Heater and Hydraulic Heater","Échangeurs de chaleur, chaufferette à combustible diesel et chaufferette hydraulique",Active,Actif,"2023-02-27 22:50:03"
N4430,"[""HL""]","Industrial Furnaces, Kilns, Lehrs and Ovens","Foyers industriels, fours à céramique, étuves, fours",Active,Actif,"2023-02-27 22:50:03"
N4430A,"[""HL""]","Furnaces, Industrial","Fours industriels",Active,Actif,"2023-02-27 22:50:03"
N4430AA,"[""HL""]","Furnaces, Metal Melting, Electric Fired","Fours, fonderie, électriques",Active,Actif,"2023-02-27 22:50:03"
N4430AC,"[""HL""]","Furnaces, Metal Melting, Oil Fired","Fours, fonderie, à l'huile",Active,Actif,"2023-02-27 22:50:03"
N4430AD,"[""HL""]","Furnaces, Vacuum","Fours, à vide",Active,Actif,"2023-02-27 22:50:03"
N4430AE,"[""HL""]","Furnaces, Industrial, N.E.S.","Fours industriels, N.E.A.",Active,Actif,"2023-02-27 22:50:03"
N4410B,"[""HL""]","Boilers, Marine","Chaudières marines",Active,Actif,"2023-02-27 22:50:03"
N4410D,"[""HL""]","Boiler-Tubes, Studded, Marine","Tubes rouilleurs, goujonnes, marins",Active,Actif,"2023-02-27 22:50:03"
N4410E,"[""HL""]","Controls, Combustion","Thermocommandes, dispositifs de réglage de la combustion",Active,Actif,"2023-02-27 22:50:03"
N4410F,"[""HL""]","Feedwater System (Package)","Système pour eau d'alimentation (paquet)",Active,Actif,"2023-02-27 22:50:03"
N4410G,"[""HL""]","Generator, Steam, Portable","Générateur de vapeur, portatif",Active,Actif,"2023-02-27 22:50:03"
N4410J,"[""HL""]","Steam Generators","Générateurs de vapeur",Active,Actif,"2023-02-27 22:50:03"
N4410K,"[""HL""]","Heaters, Water (Over 15 Pounds WSP/Over 100 Gallons Recovery Capacity)","Chauffe-eau, pression de vapeur de fonctionnement de 15 livres, capacité de récupération de plus de 100 gallons",Active,Actif,"2023-02-27 22:50:03"
N4410KA,"[""HL""]","Heaters, Water, Commercial","Chauffe-eau, commerciaux",Active,Actif,"2023-02-27 22:50:03"
N4410KB,"[""HL""]","Heaters, Water, Industrial","Chauffe-eau, industriels",Active,Actif,"2023-02-27 22:50:03"
N4410L,"[""HL""]","Boiler Components","Chaudières et composants",Active,Actif,"2023-02-27 22:50:03"
N4410LA,"[""HL""]","Boiler Components, Industrial","Chaudières et composants, industrielles",Active,Actif,"2023-02-27 22:50:03"
N4410LB,"[""HL""]","Boiler Components, Marine","Chaudières et composants, marins",Active,Actif,"2023-02-27 22:50:03"
N4420,"[""HL""]","Heat Exchangers and Steam Condensers","Échangeurs de chaleur et condenseurs de vapeur",Active,Actif,"2023-02-27 22:50:03"
N4460D,"[""HL""]","Air Washing Units (Industrial)","Purificateurs d'air, industriels",Active,Actif,"2023-02-27 22:50:03"
N4460E,"[""HL""]","Air Cleaners, Electronic","Épurateurs d'air, électroniques",Active,Actif,"2023-02-27 22:50:03"
N4460F,"[""HL""]","Filters Compressed Air","Filtres à air comprimé",Active,Actif,"2023-02-27 22:50:03"
N4510,"[""HL""]","Plumbing Fixtures and Accessories","Agencements et accessoires de plomberie",Active,Actif,"2023-02-27 22:50:03"
N4510A,"[""HL""]","Plumbing Fixtures","Agencements de plomberie",Active,Actif,"2023-02-27 22:50:03"
N4510AA,"[""HL""]","Basin, Lavatory",Lavabos,Active,Actif,"2023-02-27 22:50:03"
N4510AB,"[""HL""]","Urinals and Water Closets","Urinoirs et cabinets d'aisance",Active,Actif,"2023-02-27 22:50:03"
N4510AC,"[""HL""]",Bathtubs,Bains,Active,Actif,"2023-02-27 22:50:03"
N4510AD,"[""HL""]","Bowls, Toilet","Cuvettes de toilette",Active,Actif,"2023-02-27 22:50:03"
N4510AE,"[""HL""]","Plumbing Fixtures, Institutional","Agencements de plomberie, institution",Active,Actif,"2023-02-27 22:50:03"
N4510AF,"[""HL""]","Shower Cabinets","Cabinets de douche",Active,Actif,"2023-02-27 22:50:03"
N4510AG,"[""HL""]","Sink, Kitchen","Évier, cuisine",Active,Actif,"2023-02-27 22:50:03"
N4430B,"[""HL""]",Kilns,"Fours de séchage",Active,Actif,"2023-02-27 22:50:03"
N4430C,"[""HL""]","Ovens, Drying",Étuves,Active,Actif,"2023-02-27 22:50:03"
N4430CA,"[""HL""]","Ovens, Drying, Paint","Étuves, peinture",Active,Actif,"2023-02-27 22:50:03"
N4430CB,"[""HL""]","Ovens, Drying, N.E.S.","Étuves, N.E.A.",Active,Actif,"2023-02-27 22:50:03"
N4440,"[""HL""]","Dryers, Dehydrators and Anhydrators","Dessécheurs, déshydrateurs et anhydrateurs",Active,Actif,"2023-02-27 22:50:03"
N4440A,"[""HL""]","Evaporators, Drying Equipment","Évaporateurs, équipement de séchage",Active,Actif,"2023-02-27 22:50:03"
N4440B,"[""HL""]","Separators, Scrubbers and Dryers","Séparateurs, épurateurs et dessiccateurs",Active,Actif,"2023-02-27 22:50:03"
N4440C,"[""HL""]","Dryer, Compressed Air","Séchoir, à air comprimé",Active,Actif,"2023-02-27 22:50:03"
N4440D,"[""HL""]","Dehumidifiers Industrial","Déshumidificateurs, industriels",Active,Actif,"2023-02-27 22:50:03"
N4440G,"[""HL""]","Dehumidifiers, Space","Déshumidificateurs, espace",Active,Actif,"2023-02-27 22:50:03"
N4460,"[""HL""]","Air Purification Equipment","Équipements de purification d'air",Active,Actif,"2023-02-27 22:50:03"
N4460A,"[""HL""]","Air Purification Equipment, N.E.S.","Équipement de purification d'air, N.E.A.",Active,Actif,"2023-02-27 22:50:03"
N4460B,"[""HL""]","Collectors, Dust","Collecteurs de poussière",Active,Actif,"2023-02-27 22:50:03"
N4460C,"[""HL""]","Systems Industrial Exhaust","Systèmes d'échappement industriels",Active,Actif,"2023-02-27 22:50:03"
N4510GC,"[""HL""]","Valves, Mixing, Thermostatic","Soupape, mélange, thermostatique",Active,Actif,"2023-02-27 22:50:03"
N4510GD,"[""HL""]","Seats, Toilet, Plastic","Sièges, toilette, plastique",Active,Actif,"2023-02-27 22:50:03"
N4520,"[""HL""]","Space and Water Heating Equipment","Équipement de chauffage des locaux et de l'eau",Active,Actif,"2023-02-27 22:50:03"
N4520A,"[""HL""]","Furnaces, Warm Air, Oil, Gas or Solid Fuel (Domestic)","Fournaises, air chaud, huile, gaz ou combustible solide, domestiques",Active,Actif,"2023-02-27 22:50:03"
N4520B,"[""HL""]",Heaters,Radiateurs,Active,Actif,"2023-02-27 22:50:03"
N4520BA,"[""HL""]","Heaters, Space, Electric","Radiateurs, électriques",Active,Actif,"2023-02-27 22:50:03"
N4520BAD,"[""HL""]","Heaters, Space, Electric, Radiant","Radiateurs, électriques, radiants",Active,Actif,"2023-02-27 22:50:03"
N4520BB,"[""HL""]","Heaters, Gas or Oil (Domestic)","Chauffe-eau, à gaz ou à l'huile, domestiques",Active,Actif,"2023-02-27 22:50:03"
N4520BE,"[""HL""]","Heaters, Water (Domestic)","Chauffe-eau, domestiques",Active,Actif,"2023-02-27 22:50:03"
N4520BEB,"[""HL""]","Heaters, Water, Gas (Domestic)","Chauffe-eau, à gaz, domestiques",Active,Actif,"2023-02-27 22:50:03"
N4510AGA,"[""HL""]","Sink, Stainless Steel, Mobile","Évier, acier inoxydable, mobile",Active,Actif,"2023-02-27 22:50:03"
N4510AH,"[""HL""]","Toilet, Electric/Gas, Sanitation","Toilette, électrique ou à gaz, système sanitaire",Active,Actif,"2023-02-27 22:50:03"
N4510AK,"[""HL""]","Portable Toilets","Toilettes portatives",Active,Actif,"2023-02-27 22:50:03"
N4510EB,"[""HL""]","Dispensers, Liquid Soap","Distributeurs, savon liquide",Active,Actif,"2023-02-27 22:50:03"
N4510EC,"[""HL""]","Dispensers, Paper Towel","Distributeurs, serviettes papier",Active,Actif,"2023-02-27 22:50:03"
N4510EE,"[""HL""]","Dispensers, Disinfecting, Automatic, Washrooms","Distributeurs, désinfectants, automatiques, salles de bain",Active,Actif,"2023-02-27 22:50:03"
N4510FB,"[""HL""]","Holders, Toilet Paper, Metal","Supports, papier hygiénique, métal",Active,Actif,"2023-02-27 22:50:03"
N4510G,"[""HL""]","Plumbing Fixture Trim","Garniture d'appareil de plomberie",Active,Actif,"2023-02-27 22:50:03"
N4510GA,"[""HL""]","Plumbing Supplies, Fittings, Faucets, Etc.","Fournitures, raccords, robinets de plomberie, etc.",Active,Actif,"2023-02-27 22:50:03"
N4510GAA,"[""HL""]","Plumbing Supplies, Fitting, Faucets, N.E.S.","Fournitures de plomberie, raccord, robinets, N.E.A.",Active,Actif,"2023-02-27 22:50:03"
N4510GAB,"[""HL""]","Plumbing Supplies, Energy Conserving Types","Fournitures de plomberie, types pour conserver l'énergie",Active,Actif,"2023-02-27 22:50:03"
N4520JE,"[""HL""]","Solar, Collectors, Heating Units (Industrial)","Collecteurs solaire, unités de chauffage, industriels",Active,Actif,"2023-02-27 22:50:03"
N4520K,"[""HL""]","Stoves, Wood, Space Heating","Poêles, à bois, chauffage des locaux",Active,Actif,"2023-02-27 22:50:03"
N4520L,"[""HL""]","Humidifiers (Self Contained) Domestic","Humidificateurs, autonomes, domestiques",Active,Actif,"2023-02-27 22:50:03"
N4520M,"[""HL""]","Geothermal Heating and Cooling Equipment","Équipement de chauffage et de refroidissement géothermiques",Active,Actif,"2023-02-27 22:50:03"
N4530,"[""HL""]","Fuel Burning Equipment Units","Éléments d'appareils de chauffage",Active,Actif,"2023-02-27 22:50:03"
N4530A,"[""HL""]","Burners, Oil","Brûleur à mazout",Active,Actif,"2023-02-27 22:50:03"
N4530AA,"[""HL""]","Burners, Oil, Commercial","Brûleur à mazout, commercial",Active,Actif,"2023-02-27 22:50:03"
N4530AC,"[""HL""]","Burners, Gas, Commercial","Brûleur à gaz, commercial",Active,Actif,"2023-02-27 22:50:03"
N4530B,"[""HL""]","Oil Burner, Components","Brûleur à l'huile, composants",Active,Actif,"2023-02-27 22:50:03"
N4540,"[""HL""]","Waste Disposal Equipment","Équipement d'élimination des déchets",Active,Actif,"2023-02-27 22:50:03"
N4520BED,"[""HL""]","Heaters, Water, Steam, Thermostatic (Domestic)","Chauffe-eau, à vapeur, thermostatiques, domestiques",Active,Actif,"2023-02-27 22:50:03"
N4520BEE,"[""HL""]","Heaters, Water, Oil (Industrial)","Chauffe-eau, huile, industriels",Active,Actif,"2023-02-27 22:50:03"
N4520BEF,"[""HL""]","Heaters, Water, Steam, Thermostatic (Industrial)","Chauffe-eau, vapeur, thermostatiques, industriels",Active,Actif,"2023-02-27 22:50:03"
N4520D,"[""HL""]","Radiators, Steam and Hot Water (Domestic)","Radiateurs, vapeur et eau chaude, domestiques",Active,Actif,"2023-02-27 22:50:03"
N4520E,"[""HL""]","Tanks, Hot Water Storage (Domestic)","Réservoirs, eau chaude, domestiques",Active,Actif,"2023-02-27 22:50:03"
N4520F,"[""HL""]","Valves, Radiator, Heating and Plumbing (Domestic)","Robinets, radiateur, chauffage et plomberie, domestiques",Active,Actif,"2023-02-27 22:50:03"
N4520G,"[""HL""]","Heating and Air Circulating Ductwork and Accessories","Canalisation et accessoires de chauffage et circulation d'air",Active,Actif,"2023-02-27 22:50:03"
N4520GA,"[""HL""]","Heating and Air Circulating Ductwork and Accessories (Domestic)","Canalisation et accessoires de chauffage et circulation d'air, domestiques",Active,Actif,"2023-02-27 22:50:03"
N4520GB,"[""HL""]","Heating and Air Circulating Ductwork and Accessories (Industrial and Commercial)","Canalisation et accessoires de chauffage et circulation d'air, industriel et commercial",Active,Actif,"2023-02-27 22:50:03"
N4520J,"[""HL""]","Non-Domestic Space and Water Heater Equipment","Équipement pour chauffage et chauffe-eau, non domestiques",Active,Actif,"2023-02-27 22:50:03"
N4520JA,"[""HL""]","Heaters, Space, Industrial, Portable","Chaufferettes industrielles, portatives",Active,Actif,"2023-02-27 22:50:03"
N4520JB,"[""HL""]","Heaters, Extraction (Industrial)","Réchauffeurs par soutirage, industriels",Active,Actif,"2023-02-27 22:50:03"
N4520JC,"[""HL""]","Solar Space Heating Systems (Industrial)","Systèmes solaires de chauffage des locaux, industriels",Active,Actif,"2023-02-27 22:50:03"
N4520JD,"[""HL""]","Humidifiers, Industrial","Humidificateurs, industriels",Active,Actif,"2023-02-27 22:50:03"
N4610E,"[""HL""]","Filter, Fluid, Water Purification","Filtre, pour liquides, purification de l'eau",Active,Actif,"2023-02-27 22:50:03"
N4610L,"[""HL""]","Water Purification Systems","Systèmes de purification des eaux",Active,Actif,"2023-02-27 22:50:03"
N4610LA,"[""HL""]","Water Purification System, Reverse Osmosis","Système de purification des eaux, osmose inverse",Active,Actif,"2023-02-27 22:50:03"
N4610LB,"[""HL""]","Water Purification System, Ultraviolet","Système de purification des eaux, ultraviolet",Active,Actif,"2023-02-27 22:50:03"
N4610LC,"[""HL""]","Water Purification Equipment, N.E.S.","Équipement de purification des eaux, N.E.A.",Active,Actif,"2023-02-27 22:50:03"
N4610LD,"[""HL""]","Water Purification Systems, Disinfectant Addition","Systèmes de purification des eaux, additionnés de désinfectant",Active,Actif,"2023-02-27 22:50:03"
N4610N,"[""HL""]","Water Separators","Séparateurs d'eau",Active,Actif,"2023-02-27 22:50:03"
N4540A,"[""HL""]","Garbage Disposal Units","Broyeurs à ordures",Active,Actif,"2023-02-27 22:50:03"
N4540AA,"[""HL""]","Garbage Disposal Machine, Commercial","Broyeur à ordures, commercial",Active,Actif,"2023-02-27 22:50:03"
N4540AD,"[""HL""]","Garbage Disposal Units, N.E.S.","Broyeurs à ordures, N.E.A.",Active,Actif,"2023-02-27 22:50:03"
N4540D,"[""HL""]",Incinerators,Incinérateurs,Active,Actif,"2023-02-27 22:50:03"
N4540DA,"[""HL""]","Incinerator, Sewage and Solids","Incinérateur, eaux résiduaires et solides",Active,Actif,"2023-02-27 22:50:03"
N4540E,"[""HL""]","Septic Tanks","Fossés sceptiques",Active,Actif,"2023-02-27 22:50:03"
N4610,"[""HL""]","Water Purification Equipment","Équipement de purification des eaux",Active,Actif,"2023-02-27 22:50:03"
N4610A,"[""HL""]","Anti-Pollution Chlorination Systems, Marine","Systèmes de chloruration antipollution, marins",Active,Actif,"2023-02-27 22:50:03"
N4630AF,"[""HL""]","Clarifier/Settling Tank","Réservoir de clarification, décantation",Active,Actif,"2023-02-27 22:50:03"
N4630AG,"[""HL""]","Field Erected Treatment Plants","Usines de traitement construites sur le terrain",Active,Actif,"2023-02-27 22:50:03"
N4630AK,"[""HL""]","Aerator Mechanical","Aérateur de mécanique",Active,Actif,"2023-02-27 22:50:03"
N4630AL,"[""HL""]","Sludge Collector","Collecteur de débris",Active,Actif,"2023-02-27 22:50:03"
N4630AP,"[""HL""]","Sludge De-Watering Equipment","Équipement de déshydratation de débris",Active,Actif,"2023-02-27 22:50:03"
N4630AS,"[""HL""]","Package Plant - Marine","Système de traitement, marin",Active,Actif,"2023-02-27 22:50:03"
N4610P,"[""HL""]","Water Softeners","Adoucisseurs d'eau",Active,Actif,"2023-02-27 22:50:03"
N4610Q,"[""HL""]","Water Softening Equipment","Équipement d'adoucissement des eaux",Active,Actif,"2023-02-27 22:50:03"
N4610R,"[""HL""]","Water Softening System","Système d'adoucissement des eaux",Active,Actif,"2023-02-27 22:50:03"
N4620,"[""HL""]","Water Distillation Equipment, Marine and Industrial","Équipements marins et industriels de distillation des eaux",Active,Actif,"2023-02-27 22:50:03"
N4620A,"[""HL""]","Water Distillation Equipment","Équipement de distillation des eaux",Active,Actif,"2023-02-27 22:50:03"
N4620AA,"[""HL""]","Water Distillation Equipment (Except Marine)","Équipement de distillation des eaux, sauf marin",Active,Actif,"2023-02-27 22:50:03"
N4620AB,"[""HL""]","Water Distillation Equipment (Marine)","Équipement de distillation des eaux, marin",Active,Actif,"2023-02-27 22:50:03"
N4620ABA,"[""HL""]","Water Distillation Equipment, Marine, Reverse Osmosis","Équipement marin de distillation des eaux, osmose renversée",Active,Actif,"2023-02-27 22:50:03"
N4620ABB,"[""HL""]","Water Distillation Equipment, Marine, Steam Operated","Équipement marin de distillation des eaux, commandes par vapeur",Active,Actif,"2023-02-27 22:50:03"
N4620ABC,"[""HL""]","Water Distillation Equipment, Marine, Heat Recovery","Équipement marin de distillation des eaux, recouvrement de chaleur",Active,Actif,"2023-02-27 22:50:03"
N4630,"[""HL""]","Sewage Treatment Equipment","Équipement de traitement des eaux usées",Active,Actif,"2023-02-27 22:50:03"
N4630AC,"[""HL""]","Screens, Sewage Treatment Plant","Filtres, système de traitement des eaux résiduaires",Active,Actif,"2023-02-27 22:50:03"
N4630BA,"[""HL""]","Distillation Plant, Sewage Treatment","Unité de distillation, traitement des eaux résiduaires",Active,Actif,"2023-02-27 22:50:03"
N4630BC,"[""HL""]","Chlorination Plant, Sewage Treatment","Traitement des eaux résiduaires - installation de chloruration",Active,Actif,"2023-02-27 22:50:03"
N4630BE,"[""HL""]","Mixers, Sewage Treatment Plant","Malaxeurs, système de traitement des eaux résiduaires",Active,Actif,"2023-02-27 22:50:03"
N4630BF,"[""HL""]","Lift Stations","Centrales d'élévation",Active,Actif,"2023-02-27 22:50:03"
N4630BG,"[""HL""]","Submersible Sewage Pumps","Pompes submersibles pour les eaux résiduaires",Active,Actif,"2023-02-27 22:50:03"
N4630BH,"[""HL""]","Solids Pumps, Sewage Treatment Plant","Pompes pour les solides, système de traitement des eaux résiduaires",Active,Actif,"2023-02-27 22:50:03"
N4630BJ,"[""HL""]","Blowers, Sewage Aeration","Ventilateurs, aération des eaux résiduaires",Active,Actif,"2023-02-27 22:50:03"
N4630BL,"[""HL""]","Instruments and Controls, Sewage Treatment Plant","Instruments et commandes, système de traitement des eaux résiduaires",Active,Actif,"2023-02-27 22:50:03"
N4630BM,"[""HL""]","Samplers, Sewage Treatment Plant","Appareils de prélèvement, système de traitement des eaux résiduaires",Active,Actif,"2023-02-27 22:50:03"
N5305,"[""HL""]",Screws,Vis,Active,Actif,"2023-02-27 22:50:03"
N5305B,"[""HL""]","Screws, All Types and Materials (Except Aircraft)","Vis, tous genres et matériaux (sauf aéronef)",Active,Actif,"2023-02-27 22:50:03"
N5306,"[""HL""]",Bolts,Boulons,Active,Actif,"2023-02-27 22:50:03"
N5306A,"[""HL""]","Bolts, Aircraft","Boulons, aéronef",Active,Actif,"2023-02-27 22:50:03"
N5306B,"[""HL""]","Bolts, All Types and Materials (Except Aircraft)","Boulons, tous genres et matériaux, sauf aéronef",Active,Actif,"2023-02-27 22:50:03"
N5307,"[""HL""]",Studs,Goujons,Active,Actif,"2023-02-27 22:50:03"
N5307A,"[""HL""]","Studs, Aircraft","Goujons, aéronef",Active,Actif,"2023-02-27 22:50:03"
N5325C,"[""HL""]","Fastening Device, All Types (Except Aircraft and Concrete Forms)","Dispositifs d'attache, tous les types, sauf pour aéronef et coffrages de béton",Active,Actif,"2023-02-27 22:50:03"
N5325F,"[""HL""]","Fastening Devices, Concrete Forms","Dispositifs de fixation, coffrages",Active,Actif,"2023-02-27 22:50:03"
N5330,"[""HL""]","Packing and Gasket Material","Joints et garnitures",Active,Actif,"2023-02-27 22:50:03"
N5330A,"[""HL""]",Packing-Gasket-Seal,"Joint et garniture d'étanchéité",Active,Actif,"2023-02-27 22:50:03"
N5330AD,"[""HL""]","Gasket Sets, Rubber","Assortiments de joints, caoutchouc",Active,Actif,"2023-02-27 22:50:03"
N5330AE,"[""HL""]","Gasket Sets (N.E.S.)","Jeux de joints",Active,Actif,"2023-02-27 22:50:03"
N5330C,"[""HL""]","Packing, Preformed/Material","Garniture, préformée, matière première",Active,Actif,"2023-02-27 22:50:03"
N5330CA,"[""HL""]","Packing Materials, All Types (Except Spec and Aircraft)","Garnitures, matières premières, tous les types, sauf spec. et pour aéronef",Active,Actif,"2023-02-27 22:50:03"
N5310,"[""HL""]","Nuts and Washers","Écrous et rondelles",Active,Actif,"2023-02-27 22:50:03"
N5310A,"[""HL""]","Nuts, All Types and Materials (Except Aircraft)","Écrous, tous genres et matériaux, sauf aéronef",Active,Actif,"2023-02-27 22:50:03"
N5310D,"[""HL""]","Washers, (Except Aircraft)","Rondelles (sauf aéronef)",Active,Actif,"2023-02-27 22:50:03"
N5315,"[""HL""]","Nails, Keys and Pins","Clous, clavettes et goupilles",Active,Actif,"2023-02-27 22:50:03"
N5315A,"[""HL""]","Keys and Pins, Aircraft","Clés et goupilles, aéronef",Active,Actif,"2023-02-27 22:50:03"
N5315C,"[""HL""]",Nails,Clous,Active,Actif,"2023-02-27 22:50:03"
N5315D,"[""HL""]","Pins, (Except Aircraft)","Goupilles, sauf aéronef",Active,Actif,"2023-02-27 22:50:03"
N5320,"[""HL""]",Rivets,Rivets,Active,Actif,"2023-02-27 22:50:03"
N5320A,"[""HL""]","Rivets, Aircraft","Rivets, aéronef",Active,Actif,"2023-02-27 22:50:03"
N5325,"[""HL""]","Fastening Devices","Dispositifs d'attache",Active,Actif,"2023-02-27 22:50:03"
N5340B,"[""HL""]","Caster, Rigid/Swivel","Roulette, fixe ou pivotante",Active,Actif,"2023-02-27 22:50:03"
N5340C,"[""HL""]","Mounts, Shock and Vibration","Supports, choc et vibration",Active,Actif,"2023-02-27 22:50:03"
N5340D,"[""HL""]","Pads, Shock Mount","Tampons, support d'amortisseur",Active,Actif,"2023-02-27 22:50:03"
N5340E,"[""HL""]","Hangers (Miscellaneous Hardware)","Crochets, quincaillerie diverse",Active,Actif,"2023-02-27 22:50:03"
N5340EA,"[""HL""]","Hangers for Drop Ceilings","Crochets pour plafonds suspendus",Active,Actif,"2023-02-27 22:50:03"
N5340F,"[""HL""]","Hardware, General, Aircraft","Quincaillerie, générale, aéronef",Active,Actif,"2023-02-27 22:50:03"
N5340G,"[""HL""]","Hardware, General, Builders and Wholesale","Quincaillerie, construction et vente en gros",Active,Actif,"2023-02-27 22:50:03"
N5340H,"[""HL""]",Clamps,Colliers,Active,Actif,"2023-02-27 22:50:03"
N5340K,"[""HL""]","Keys and Key Blanks","Clavettes et ébauches de clavettes",Active,Actif,"2023-02-27 22:50:03"
N5340L,"[""HL""]","Locks, Flush","Serrures à encastrer",Active,Actif,"2023-02-27 22:50:03"
N5340M,"[""HL""]","Locks, Security, Correctional Services Only","Serrures, sécurité, service correctionnel seulement",Active,Actif,"2023-02-27 22:50:03"
N5340N,"[""HL""]",Padlocks,Cadenas,Active,Actif,"2023-02-27 22:50:03"
N5330E,"[""HL""]","Seals, and Seal Rings (Except Specially Designed)","Bagues d'étanchéité et segments d'étanchéité, sauf modèle spécial",Active,Actif,"2023-02-27 22:50:03"
N5330EB,"[""HL""]","Seal Rings","Anneaux d'étanchéité",Active,Actif,"2023-02-27 22:50:03"
N5330EE,"[""HL""]","Seals, Self Locking","Joints, auto-verrouillage",Active,Actif,"2023-02-27 22:50:03"
N5331,"[""HL""]",O-Ring,"Joint torique",Active,Actif,"2023-02-27 22:50:03"
N5335,"[""HL""]","Metal Screening","Écrans métalliques",Active,Actif,"2023-02-27 22:50:03"
N5335E,"[""HL""]","Steel Mesh","Maille métallique",Active,Actif,"2023-02-27 22:50:03"
N5340,"[""HL""]","Hardware, Commercial","Quincaillerie commerciale",Active,Actif,"2023-02-27 22:50:03"
N5340A,"[""HL""]","General Hardware","Quincaillerie générale",Active,Actif,"2023-02-27 22:50:03"
N5340PA,"[""HL""]","Seals Plastic","Joints en plastique",Active,Actif,"2023-02-27 22:50:03"
N5340S,"[""HL""]","Lock Sets","Jeux de serrures",Active,Actif,"2023-02-27 22:50:03"
N5340X,"[""HL""]",Brackets,Supports,Active,Actif,"2023-02-27 22:50:03"
N5345,"[""HL""]","Disks and Stones, Abrasive","Pierres et disques abrasifs",Active,Actif,"2023-02-27 22:50:03"
N5345A,"[""HL""]","Knife Sharpener (Abrasive)","Affûteuse, couteau, abrasive",Active,Actif,"2023-02-27 22:50:03"
N5345B,"[""HL""]","Stone, Sharpening","Pierre à affûter",Active,Actif,"2023-02-27 22:50:03"
N5340NT,"[""HL""]","Padlock, Keyed Type","Cadenas, type clé",Active,Actif,"2023-02-27 22:50:03"
N5365B,"[""HL""]","Shims, Spacers","Cales, entretoises",Active,Actif,"2023-02-27 22:50:03"
N5410,"[""HL""]","Prefabricated and Portable Buildings","Bâtiments préfabriqués et démontables",Active,Actif,"2023-02-27 22:50:03"
N5410A,"[""HL""]","Buildings, Prefabricated (Types)","Bâtiments, préfabriqués, types",Active,Actif,"2023-02-27 22:50:03"
N5410AB,"[""HL""]","Buildings, Prefabricated, Inflatable or Air-Supported","Bâtiments, préfabriqués, gonflables ou soutenus par air",Active,Actif,"2023-02-27 22:50:03"
N5410AC,"[""HL""]","Buildings, Prefabricated, Metal","Bâtiments, préfabriqués, en métal",Active,Actif,"2023-02-27 22:50:03"
N5410AD,"[""HL""]","Buildings, Prefabricated, Wood","Bâtiments, préfabriqués, en bois",Active,Actif,"2023-02-27 22:50:03"
N5410AE,"[""HL""]","Buildings, Prefabricated, Molded Concrete","Bâtiments, préfabriqués, béton moulé",Active,Actif,"2023-02-27 22:50:03"
N5410AF,"[""HL""]","Buildings, Prefabricated, Modular or Sectional","Bâtiments, préfabriqués, modulaires ou en sections",Active,Actif,"2023-02-27 22:50:03"
N5410AG,"[""HL""]","Buildings, Prefabricated, Portable or Relocatable","Bâtiments, préfabriqués, portatifs ou déplaçables",Active,Actif,"2023-02-27 22:50:03"
N5410AH,"[""HL""]","Buildings, Prefabricated, Panelized (Open or Closed Panels)","Bâtiments, préfabriqués, lambrissés (panneaux ouverts ou fermés)",Active,Actif,"2023-02-27 22:50:03"
N5350,"[""HL""]","Abrasive Materials","Matériaux abrasifs",Active,Actif,"2023-02-27 22:50:03"
N5350A,"[""HL""]","Abrasive Cloth Assortments","Abrasif, assortiments de toiles",Active,Actif,"2023-02-27 22:50:03"
N5350D,"[""HL""]","Steel Shot","Acier, grenaille",Active,Actif,"2023-02-27 22:50:03"
N5350E,"[""HL""]","Sand, Sandblast","Sable, sableuse",Active,Actif,"2023-02-27 22:50:03"
N5350F,"[""HL""]","Abrasive, Grain","Abrasif, à grain",Active,Actif,"2023-02-27 22:50:03"
N5355,"[""HL""]","Knobs and Pointers","Boutons et aiguilles",Active,Actif,"2023-02-27 22:50:03"
N5355A,"[""HL""]","Dials, Control/Scale, All Types","Cadrans, sélecteur, gradué, tous genres",Active,Actif,"2023-02-27 22:50:03"
N5360,"[""HL""]","Coil, Flat and Wire Springs","Ressorts hélicoïdaux, spirales, plats et en fil métallique",Active,Actif,"2023-02-27 22:50:03"
N5360A,"[""HL""]","Springs (Except Extension and Compression)","Ressorts, sauf extension et compression",Active,Actif,"2023-02-27 22:50:03"
N5360B,"[""HL""]","Springs, Extension and Compression","Ressorts, extension et compression",Active,Actif,"2023-02-27 22:50:03"
N5365,"[""HL""]","Bushings, Rings, Shims and Spacers","Douilles, bagues, cales et bagues d'espacement",Active,Actif,"2023-02-27 22:50:03"
N5365A,"[""HL""]","Retaining Rings","Anneaux d'arrêt",Active,Actif,"2023-02-27 22:50:03"
N5410BU,"[""HL""]","Buildings, Prefabricated, Portable or Relocatable, Industrial Self-Contained Camp","Bâtiments, préfabriqués, portatifs ou déplaçables, chantier industriel autonome",Active,Actif,"2023-02-27 22:50:03"
N5410C,"[""HL""]","Buildings, Prefabricated and Portable (Customengineered)","Bâtiments préfabriqués et démontables, construction spéciale",Active,Actif,"2023-02-27 22:50:03"
N5410D,"[""HL""]","Hangars, Helicopter, Telescopic (Custom Engineered)","Hangars, hélicoptère, télescopique (construction spéciale)",Active,Actif,"2023-02-27 22:50:03"
N5410F,"[""HL""]","Booth, Sound Proof","Cabine, insonore",Active,Actif,"2023-02-27 22:50:03"
N5410G,"[""HL""]","Buildings, Prefabricated (Bullet Proof)","Bâtiments préfabriqués, à l'épreuve des balles",Active,Actif,"2023-02-27 22:50:03"
N5410H,"[""HL""]","Building, Prefabricated, Kiosk, Unarmoured","Bâtiments, préfabriqués, lambrissés, panneaux ouverts ou fermés",Active,Actif,"2023-02-27 22:50:03"
N5411,"[""HL""]","Rigid Wall Shelters","Abris à murs rigides",Active,Actif,"2023-02-27 22:50:03"
N5411A,"[""HL""]","Rigid Wall Shelters, Portable (Military Application)","Abris à murs rigides, transportables, usage militaire",Active,Actif,"2023-02-27 22:50:03"
N5419,"[""HL""]","Collective Modular Support System","Système modulaire de services collectifs",Active,Actif,"2023-02-27 22:50:03"
N5420A,"[""HL""]","Bridge Bearings and Bearing Pads","Supports et coussinets de ponts",Active,Actif,"2023-02-27 22:50:03"
N5420C,"[""HL""]","Pontoons, Rubber (Bridge Sets)","Pontons, caoutchouc, jeux de ponts",Active,Actif,"2023-02-27 22:50:03"
N5430,"[""HL""]","Storage Tanks","Réservoirs d'emmagasinage",Active,Actif,"2023-02-27 22:50:03"
N5430A,"[""HL""]","Tanks, Canvas, Water","Réservoirs, grosse toile, eau",Active,Actif,"2023-02-27 22:50:03"
N5430B,"[""HL""]","Tanks, Fabric, Collapsible","Réservoirs, tissu, pliants",Active,Actif,"2023-02-27 22:50:03"
N5410AN,"[""HL""]","Buildings, Prefabricated, Fibreglass","Bâtiments, préfabriqués, en fibre de verre",Active,Actif,"2023-02-27 22:50:03"
N5410B,"[""HL""]","Buildings, Prefabricated (Special Purpose)","Bâtiments, préfabriqués, usage spécial",Active,Actif,"2023-02-27 22:50:03"
N5410BH,"[""HL""]","Buildings, Prefabricated, Portable or Relocatable, Laboratory","Bâtiments, préfabriqués, portatifs ou déplaçables, laboratoire",Active,Actif,"2023-02-27 22:50:03"
N5410BP,"[""HL""]","Buildings, Prefabricated, Greenhouse","Bâtiments, préfabriqués, serre",Active,Actif,"2023-02-27 22:50:03"
N5410BR,"[""HL""]","Buildings, Prefabricated, Storage","Bâtiments, préfabriqués, pour entreposage",Active,Actif,"2023-02-27 22:50:03"
N5410BT,"[""HL""]","Buildings, Prefabricated, Garage","Bâtiments, préfabriqués, garage",Active,Actif,"2023-02-27 22:50:03"
N5440E,"[""HL""]","Ladders, Fixed, Metal","Échelles, fixes, métal",Active,Actif,"2023-02-27 22:50:03"
N5440F,"[""HL""]","Platforms, Telescoping","Plates-formes, télescopiques",Active,Actif,"2023-02-27 22:50:03"
N5440G,"[""HL""]","Accessories for Concrete Forms and Scaffolding","Accessoires pour béton, coffrage et échafaudage",Active,Actif,"2023-02-27 22:50:03"
N5445A,"[""HL""]","Prefabricated Tower Structures, Aluminum","Structures de pylônes préfabriquées, aluminium",Active,Actif,"2023-02-27 22:50:03"
N5445B,"[""HL""]","Prefabricated Tower Structures, Steel","Structures de pylônes préfabriquées, acier",Active,Actif,"2023-02-27 22:50:03"
N5445C,"[""HL""]","Towers, Airport Control, Cabin","Tours de contrôle, aérodrome, cabine",Active,Actif,"2023-02-27 22:50:03"
N5450,"[""HL""]","Structures, Prefabricated, Miscellaneous","Constructions, préfabriquées, diverses",Active,Actif,"2023-02-27 22:50:03"
N5450A,"[""HL""]","Structures, Prefabricated, Wood, Energy Saving","Bâtiments, préfabriqués, bois, économie d'énergie",Active,Actif,"2023-02-27 22:50:03"
N5450B,"[""HL""]","Miscellaneous Prefabricated Structure - Steel","Structure préfabriquée diverse - acier",Active,Actif,"2023-02-27 22:50:03"
N5450C,"[""HL""]","Miscellaneous Prefabricated Structure - Aluminum","Structures préfabriquées diverses - aluminium",Active,Actif,"2023-02-27 22:50:03"
N5450D,"[""HL""]","Bleachers, Seating",Tribunes,Active,Actif,"2023-02-27 22:50:03"
N5430C,"[""HL""]","Tanks, Fibreglass","Réservoirs, fibre de verre",Active,Actif,"2023-02-27 22:50:03"
N5430D,"[""HL""]","Tanks, Oil Storage","Réservoirs, emmagasinage des pétroles",Active,Actif,"2023-02-27 22:50:03"
N5430E,"[""HL""]","Tanks, Storage, Metal","Réservoirs, emmagasinage, métal",Active,Actif,"2023-02-27 22:50:03"
N5430F,"[""HL""]","Tanks, Underground Storage","Réservoirs, emmagasinage souterrain",Active,Actif,"2023-02-27 22:50:03"
N5430H,"[""HL""]","Tanks, Storage, Plastic","Réservoirs, emmagasinage, plastique",Active,Actif,"2023-02-27 22:50:03"
N5440,"[""HL""]","Scaffolding Equipment and Concrete Forms","Équipements d'échafaudage et coffrages à béton",Active,Actif,"2023-02-27 22:50:03"
N5440A,"[""HL""]","Forms, Concrete","Coffrages, à béton",Active,Actif,"2023-02-27 22:50:03"
N5440B,"[""HL""]","Ladders, Extension and Stepladder","Échelles à extension et simples",Active,Actif,"2023-02-27 22:50:03"
N5440BA,"[""HL""]","Ladders, Extension and Stepladder, Aluminum","Échelles à extension et simples, aluminium",Active,Actif,"2023-02-27 22:50:03"
N5440BC,"[""HL""]","Ladder, Mobile Safety","Échelle, sécurité mobile",Active,Actif,"2023-02-27 22:50:03"
N5440BD,"[""HL""]","Ladder, Special Purpose, Aluminum or Fibreglass","Échelle, usage spécial, en aluminium ou en fibre de verre",Active,Actif,"2023-02-27 22:50:03"
N5440C,"[""HL""]",Scaffolding,Échafaudage,Active,Actif,"2023-02-27 22:50:03"
N5440CA,"[""HL""]","Scaffolding, Aluminum","Échafaudage, aluminium",Active,Actif,"2023-02-27 22:50:03"
N5440CB,"[""HL""]","Scaffolding, Steel","Échafaudage, acier",Active,Actif,"2023-02-27 22:50:03"
N5510DJ,"[""HL""]","Lumber, Rough, Local","Bois de construction, brut, local",Active,Actif,"2023-02-27 22:50:03"
N5510E,"[""HL""]","Handrail, Wood","Main courante, bois",Active,Actif,"2023-02-27 22:50:03"
N5510F,"[""HL""]","Poles, Line Construction","Poteaux de ligne",Active,Actif,"2023-02-27 22:50:03"
N5510FA,"[""HL""]","Poles, Line Construction, Wood","Poteaux de ligne, bois",Active,Actif,"2023-02-27 22:50:03"
N5510FAA,"[""HL""]","Poles, Creosote Treated","Poteaux créosotés",Active,Actif,"2023-02-27 22:50:03"
N5510FB,"[""HL""]","Poles, Line Construction, Wood, Export","Poteaux de ligne, bois, exportés",Active,Actif,"2023-02-27 22:50:03"
N5510H,"[""HL""]","Trusses, Roof, Wood","Fermes, toiture, bois",Active,Actif,"2023-02-27 22:50:03"
N5510K,"[""HL""]","Shavings, Wood (Bedding)","Copeaux de bois, litière",Active,Actif,"2023-02-27 22:50:03"
N5510L,"[""HL""]","Runway Markers","Balises de piste d'envol",Active,Actif,"2023-02-27 22:50:03"
N5510,"[""HL""]","Lumber and Related Basic Wood Material","Bois débite et autres matériaux de base dérivés du bois",Active,Actif,"2023-02-27 22:50:03"
N5510A,"[""HL""]","Crossarms, Wood, Treated","Traverses, en bois, traité",Active,Actif,"2023-02-27 22:50:03"
N5510B,"[""HL""]","Wharf Sticks - DPW Specification","Poteaux de quai - spécification du TPC",Active,Actif,"2023-02-27 22:50:03"
N5510C,"[""HL""]","Log, Wood",Bûche,Active,Actif,"2023-02-27 22:50:03"
N5510D,"[""HL""]",Lumber,"Bois de construction",Active,Actif,"2023-02-27 22:50:03"
N5510DA,"[""HL""]","Lumber, Hardwood","Bois de construction, bois dur",Active,Actif,"2023-02-27 22:50:03"
N5510DAA,"[""HL""]","Lumber, Hardwood, Teak","Bois de construction, bois dur, teck",Active,Actif,"2023-02-27 22:50:03"
N5510DB,"[""HL""]","Lumber, Softwood (Balsam, Fir and Jack Pine)","Bois de construction, bois tendre, baume, sapin et jaquier",Active,Actif,"2023-02-27 22:50:03"
N5510DBC,"[""HL""]","Lumber, Cedar","Bois de construction, cèdre",Active,Actif,"2023-02-27 22:50:03"
N5510DC,"[""HL""]","Lumber, Softwood, Western","Bois de construction, bois tendre, de l'ouest",Active,Actif,"2023-02-27 22:50:03"
N5510DCA,"[""HL""]","Lumber, Softwood (Dense Douglas Fir)","Bois de construction, bois tendre, sapin de Douglas dense",Active,Actif,"2023-02-27 22:50:03"
N5510DD,"[""HL""]","Lumber, Pressure Treated","Bois de construction pressurisé",Active,Actif,"2023-02-27 22:50:03"
N5510DE,"[""HL""]","Lumber, Fire Retardant","Bois de construction, ignifuge",Active,Actif,"2023-02-27 22:50:03"
N5510DF,"[""HL""]","Lumber, Hardwood Wharf Decking","Bois de construction, bois dur, planchéiage de quai",Active,Actif,"2023-02-27 22:50:03"
N5510DG,"[""HL""]","Lumber, Softwood, Dressed, Graded","Bois de construction, bois tendre, blanchi, classifié",Active,Actif,"2023-02-27 22:50:03"
N5510DH,"[""HL""]","Lumber, Treated, Marine Construction","Bois de construction, traité, construction marine",Active,Actif,"2023-02-27 22:50:03"
N5520E,"[""HL""]","Shutters, Wood, Louvered, Window","Persiennes en bois, pour fenêtre",Active,Actif,"2023-02-27 22:50:03"
N5530,"[""HL""]","Plywood and Veneer","Contre-plaque et placage",Active,Actif,"2023-02-27 22:50:03"
N5530A,"[""HL""]","Plywood, Export","Contre-plaque, exportation",Active,Actif,"2023-02-27 22:50:03"
N5530B,"[""HL""]","Plywood, Hardwood","Contre-plaqué, bois dur",Active,Actif,"2023-02-27 22:50:03"
N5530C,"[""HL""]","Panels, Wood","Panneaux, bois",Active,Actif,"2023-02-27 22:50:03"
N5530D,"[""HL""]","Veneer, Wood","Placage, bois",Active,Actif,"2023-02-27 22:50:03"
N5530E,"[""HL""]","Plywood, Softwood","Contre-plaqué bois tendre",Active,Actif,"2023-02-27 22:50:03"
N5610,"[""HL""]","Mineral Construction Materials, Bulk","Matériaux minéraux de construction, en vrac",Active,Actif,"2023-02-27 22:50:03"
N5610A,"[""HL""]","Asphalt, Liquid Petroleum, Primer and Cement for Road Purpose","Bitume asphaltique liquide, apprêt et ciment, pour route",Active,Actif,"2023-02-27 22:50:03"
N5610B,"[""HL""]",Cement,Ciment,Active,Actif,"2023-02-27 22:50:03"
N5510M,"[""HL""]","Post, Cedar","Poteaux; cèdre",Active,Actif,"2023-02-27 22:50:03"
N5510N,"[""HL""]","Posts, Sign (Fir, Pine, Spruce)","Poteaux indicateurs (en sapin, pin, épinette)",Active,Actif,"2023-02-27 22:50:03"
N5510P,"[""HL""]","Sawdust, Wood","Sciure de bois",Active,Actif,"2023-02-27 22:50:03"
N5510R,"[""HL""]","Flooring, Hardwood","Bois feuillu pour parquetage",Active,Actif,"2023-02-27 22:50:03"
N5520,"[""HL""]",Millwork,"Bois de menuiserie",Active,Actif,"2023-02-27 22:50:03"
N5520A,"[""HL""]","Door Frames, Wood","Bâti de porte, bois",Active,Actif,"2023-02-27 22:50:03"
N5520B,"[""HL""]","Doors, Wood Construction","Porte, en bois",Active,Actif,"2023-02-27 22:50:03"
N5520BB,"[""HL""]","Doors, Wood","Porte, bois",Active,Actif,"2023-02-27 22:50:03"
N5520BC,"[""HL""]","Doors, Wood, Folding","Portes, bois, pliantes",Active,Actif,"2023-02-27 22:50:03"
N5520BD,"[""HL""]","Doors, Wood, Overhead","Portes en bois, basculantes",Active,Actif,"2023-02-27 22:50:03"
N5520D,"[""HL""]","Window Frames, Wood","Bâtis de fenêtre, bois",Active,Actif,"2023-02-27 22:50:03"
N5610L,"[""HL""]","Stone and Aggregate","Pierre et agrégat",Active,Actif,"2023-02-27 22:50:03"
N5610LA,"[""HL""]","Aggregate, Construction, Fire Clay, Crushed","Agrégat, construction, argile réfractaire, concassé",Active,Actif,"2023-02-27 22:50:03"
N5610LC,"[""HL""]","Stone, Aggregate, for Runway Ice Control","Pierre, agrégat, pour le contrôle de la glace sur les pistes d'envol",Active,Actif,"2023-02-27 22:50:03"
N5610LE,"[""HL""]","Gravel, Road","Gravier, route",Active,Actif,"2023-02-27 22:50:03"
N5610LF,"[""HL""]","Stone, Crushed (Quarry Rock)","Pierre concassée, pierre de carrière",Active,Actif,"2023-02-27 22:50:03"
N5610N,"[""HL""]","Asphalt, Petroleum, Roofing","Bitume asphaltique, toiture",Active,Actif,"2023-02-27 22:50:03"
N5610R,"[""HL""]","Expansion Joint Filler, for Concrete","Pâte à joint de dilatation, pour béton",Active,Actif,"2023-02-27 22:50:03"
N5610BA,"[""HL""]","Cement, Portland","Ciment, portland",Active,Actif,"2023-02-27 22:50:03"
N5610BC,"[""HL""]","Cement, Roofing","Ciment, toiture",Active,Actif,"2023-02-27 22:50:03"
N5610C,"[""HL""]",Concrete,Béton,Active,Actif,"2023-02-27 22:50:03"
N5610CB,"[""HL""]","Concrete, Joint Sealer","Béton, scellant pour joint",Active,Actif,"2023-02-27 22:50:03"
N5610CD,"[""HL""]","Concrete, Ready-Mix","Béton prémélangé",Active,Actif,"2023-02-27 22:50:03"
N5610CE,"[""HL""]","Concrete, Pre-Mixed in Bags","Béton, mélangé, en sacs",Active,Actif,"2023-02-27 22:50:03"
N5610D,"[""HL""]","Emulsion, Asphalt","Béton prémélangé",Active,Actif,"2023-02-27 22:50:03"
N5610E,"[""HL""]","Primer, Asphalt","Apprêt, pour bitume",Active,Actif,"2023-02-27 22:50:03"
N5610F,"[""HL""]","Precast Concrete Products","Produits de béton manufacturé",Active,Actif,"2023-02-27 22:50:03"
N5610G,"[""HL""]","Walk Way Compound (R-MIR-DEK)","Revêtement, pistes et ponts, R-MIR-DEK",Active,Actif,"2023-02-27 22:50:03"
N5610H,"[""HL""]","Compound Covering Deck (DEX-O-TEX)","Revêtements recouvrant les ponts, DEX-O-TEX",Active,Actif,"2023-02-27 22:50:03"
N5610J,"[""HL""]","Compound Wing Walk","Revêtement, passerelle",Active,Actif,"2023-02-27 22:50:03"
N5610K,"[""HL""]","Seamless Flooring","Plancher sans joint",Active,Actif,"2023-02-27 22:50:03"
N5620D,"[""HL""]","Bricks, Clay (Nonrefractory)","Briques, argiles, non réfractaires",Active,Actif,"2023-02-27 22:50:03"
N5620F,"[""HL""]","Bricks and Blocks, Concrete","Parpaings et blocs de béton",Active,Actif,"2023-02-27 22:50:03"
N5630,"[""HL""]","Pipe and Conduit, Nonmetallic","Tuyaux et conduites, non métalliques",Active,Actif,"2023-02-27 22:50:03"
N5630B,"[""HL""]","Pipe, Nonmetallic","Tuyau non métallique",Active,Actif,"2023-02-27 22:50:03"
N5630BC,"[""HL""]","Pipe, Nonmetallic, Concrete","Tuyau non métallique, béton",Active,Actif,"2023-02-27 22:50:03"
N5630C,"[""HL""]","Manholes, Concrete, Precast, Prestressed","Trous d'homme, béton, préfabriqués, précontraints",Active,Actif,"2023-02-27 22:50:03"
N5640,"[""HL""]","Wallboard, Building Paper and Thermal Insulation Materials","Panneaux muraux, cartonnage de construction et matériaux d'isolation thermique",Active,Actif,"2023-02-27 22:50:03"
N5640A,"[""HL""]",Asbestos,Amiante,Active,Actif,"2023-02-27 22:50:03"
N5610S,"[""HL""]","Sand, Runway","Sable, chemin de roulement",Active,Actif,"2023-02-27 22:50:03"
N5610T,"[""HL""]","Lime, Hydrated, Structural","Chaux hydratée, de construction",Active,Actif,"2023-02-27 22:50:03"
N5610U,"[""HL""]",Soil,Terre,Active,Actif,"2023-02-27 22:50:03"
N5610V,"[""HL""]","Stone, Decorative","Pierre décorative",Active,Actif,"2023-02-27 22:50:03"
N5610W,"[""HL""]",Sand,Sable,Active,Actif,"2023-02-27 22:50:03"
N5620,"[""HL""]","Tiles, Bricks and Blocks","Tuiles, briques et blocs",Active,Actif,"2023-02-27 22:50:03"
N5620A,"[""HL""]","Tiles, Floor and Wall, Ceramic","carreaux, pour plancher et mur, céramique",Active,Actif,"2023-02-27 22:50:03"
N5620AA,"[""HL""]","Tile, Terrazzo and Marble","carreaux, terrazo et marbre",Active,Actif,"2023-02-27 22:50:03"
N5620B,"[""HL""]","Precast, Prestressed Concrete Units","Éléments de béton préfabriqués, précontraints",Active,Actif,"2023-02-27 22:50:03"
N5620BA,"[""HL""]","Structural Members, Concrete, Precast, Prestressed","Membres de charpente, béton, préfabriqués, précontraints",Active,Actif,"2023-02-27 22:50:03"
N5620BB,"[""HL""]","Slabs, Roof, Wall and Floor, Concrete, Precast, Prestressed","Dalles, toiture, mur et plancher, béton, préfabriquées, précontraintes",Active,Actif,"2023-02-27 22:50:03"
N5620BC,"[""HL""]","Piling, Concrete, Precast, Prestressed","Piliers, béton, préfabriqués, précontraints",Active,Actif,"2023-02-27 22:50:03"
N5620BD,"[""HL""]","Trenches, Concrete, Precast, Prestressed","Tranchées, béton, préfabriquées, précontraintes",Active,Actif,"2023-02-27 22:50:03"
N5620BE,"[""HL""]","Walls, Retaining, Concrete, Precast, Prestressed","Murs de soutènement, béton, préfabriqués, précontraints",Active,Actif,"2023-02-27 22:50:03"
N5620C,"[""HL""]","Tiles, Structural, Clay","carreaux, structuraux, argile",Active,Actif,"2023-02-27 22:50:03"
N5640E,"[""HL""]","Insulation, Thermal","Isolation, thermique",Active,Actif,"2023-02-27 22:50:03"
N5640EB,"[""HL""]","Insulation, Thermal, Fibreglass","Isolation, thermique, fibre de verre",Active,Actif,"2023-02-27 22:50:03"
N5640EC,"[""HL""]","Insulation, Thermal, Pipe Covering (Except Asbestos)","Isolation, thermique, recouvrement de tuyau, sauf amiante",Active,Actif,"2023-02-27 22:50:03"
N5640ED,"[""HL""]","Insulation, Thermal, Pipe Fitting Coverings, Fabricated","Isolation, thermique, recouvrement de raccord de tuyau, préfabriquée",Active,Actif,"2023-02-27 22:50:03"
N5640EF,"[""HL""]","Insulation, Thermal, Polystyrene","Isolation, thermique, polystyrène",Active,Actif,"2023-02-27 22:50:03"
N5640EG,"[""HL""]","Heaters, Water, Gas or Oil (Domestic)","Isolation, thermique, mousse de polystyrène",Active,Actif,"2023-02-27 22:50:03"
N5640FD,"[""HL""]","Insulation, Board, Thermal, Foam Faced, Polyurethane (General Purpose)","Isolation, plaque calorifuge, revêtue de mousse, polyuréthanne usage général",Active,Actif,"2023-02-27 22:50:03"
N5640FF,"[""HL""]","Insulation, Board, Thermal, Foam Faced, Polyurethane (Roofing) CGSB 51-GP-26M, Type 4","Isolation plaque calorifuge, revêtue de mousse, polyuréthanne, toiture, ONGC 51-GP-26M, type 4",Active,Actif,"2023-02-27 22:50:03"
N5640H,"[""HL""]","Tiles, Acoustical, Ceiling","carreau, acoustique, plafond",Active,Actif,"2023-02-27 22:50:03"
N5640J,"[""HL""]",Wallboard,"Panneaux muraux",Active,Actif,"2023-02-27 22:50:03"
N5640JA,"[""HL""]","Wallboard, Gypsum","Plaque, plâtre",Active,Actif,"2023-02-27 22:50:03"
N5640JB,"[""HL""]","Wallboard, Laminates (Arborite and Formica)","Panneaux muraux, laminés, arborite et formica",Active,Actif,"2023-02-27 22:50:03"
N5640JC,"[""HL""]","Wallboard, Gyproc","Panneaux muraux, gyproc",Active,Actif,"2023-02-27 22:50:03"
N5640JE,"[""HL""]","Wallboard, Ten Test","Panneaux muraux, panneaux de fibres",Active,Actif,"2023-02-27 22:50:03"
N5640K,"[""HL""]","Insulation Tape, Thermal","Bande, calorifuge",Active,Actif,"2023-02-27 22:50:03"
N5640EK,"[""HL""]","Insulation, Thermal, Pipe Covering, Asbestos","Isolation, thermique, recouvrement de tuyau, amiante",Active,Actif,"2023-02-27 22:50:03"
N5640EM,"[""HL""]","Insulation, Thermal, Mineral Fibre","Isolation, thermique, fibre minérale",Active,Actif,"2023-02-27 22:50:03"
N5640EMC,"[""HL""]","Insulation, Thermal, Mineral Fibre, Block or Board","Isolation, thermique, fibre minérale, blocs et panneaux",Active,Actif,"2023-02-27 22:50:03"
N5640EME,"[""HL""]","Insulation, Thermal, Mineral Fibre, Blanket","Isolation, thermique, fibre minérale, matelas",Active,Actif,"2023-02-27 22:50:03"
N5640EP,"[""HL""]","Insulation, Thermal, Granular, Vermiculite","Isolation, thermique, granuleuse, vermiculite",Active,Actif,"2023-02-27 22:50:03"
N5640EQ,"[""HL""]","Insulation, Thermal, Fireproofing","Isolation, thermique, ignifugation",Active,Actif,"2023-02-27 22:50:03"
N5640ER,"[""HL""]","Insulation, Thermal, Marinite M","Isolation thermique, marinite M",Active,Actif,"2023-02-27 22:50:03"
N5650B,"[""HL""]","Siding Materials","Matériaux de bardage",Active,Actif,"2023-02-27 22:50:03"
N5650BC,"[""HL""]","Siding Materials, Metal, ALuminum","Matériaux de bardage, métal, aluminium",Active,Actif,"2023-02-27 22:50:03"
N5650BE,"[""HL""]","Siding, Hardboard","Panneaux rigides pour revêtement extérieur",Active,Actif,"2023-02-27 22:50:03"
N5650C,"[""HL""]","Shingles, Wood","Bardeaux, bois",Active,Actif,"2023-02-27 22:50:03"
N5650D,"[""HL""]","Shingles, Asbestos","Bardeaux d'amiante",Active,Actif,"2023-02-27 22:50:03"
N5660,"[""HL""]","Fencing, Fences, Gates and Components","Clôtures, barrières, portails et composants",Active,Actif,"2023-02-27 22:50:03"
N5660B,"[""HL""]",Fencing,Clôtures,Active,Actif,"2023-02-27 22:50:03"
N5660BA,"[""HL""]","Fencing, Chain Link","Clôture, maille de chaîne",Active,Actif,"2023-02-27 22:50:03"
N5660BC,"[""HL""]","Fencing, Wire","Grillage, métallique",Active,Actif,"2023-02-27 22:50:03"
N5660BD,"[""HL""]","Fencing, Steel Panel","Clôture, panneau d'acier",Active,Actif,"2023-02-27 22:50:03"
N5660BE,"[""HL""]","Fencing, Electrical","Clôture électrique",Active,Actif,"2023-02-27 22:50:03"
N5640M,"[""HL""]","Insulation, Sound Controlling","Isolation, insonorisante",Active,Actif,"2023-02-27 22:50:03"
N5640MB,"[""HL""]","Sound Controlling Blankets (Except Fitted to Equipment)","Couvertures insonorisantes, sauf ajustées à l'équipement",Active,Actif,"2023-02-27 22:50:03"
N5640N,"[""HL""]","Panel, Ceiling","Panneau, plafond",Active,Actif,"2023-02-27 22:50:03"
N5640P,"[""HL""]",Wallpaper,"Papier peint",Active,Actif,"2023-02-27 22:50:03"
N5650,"[""HL""]","Roofing and Siding Materials","Matériaux de couverture et de bardage",Active,Actif,"2023-02-27 22:50:03"
N5650A,"[""HL""]","Roofing Materials","Matériaux de couverture",Active,Actif,"2023-02-27 22:50:03"
N5650AC,"[""HL""]","Roofing Materials, Metal","Matériaux de couverture, métal",Active,Actif,"2023-02-27 22:50:03"
N5650AD,"[""HL""]","Roofing Materials, Asbestos Asphalt","Matériaux pour toiture, bitume d'amiante",Active,Actif,"2023-02-27 22:50:03"
N5650AF,"[""HL""]","Roofing Materials, Cedar","Matériaux de couverture, cèdre",Active,Actif,"2023-02-27 22:50:03"
N5670AD,"[""HL""]","Doors, Steel","Portes, acier",Active,Actif,"2023-02-27 22:50:03"
N5670AE,"[""HL""]","Doors, Metal, Security","Portes, métalliques, sécurité",Active,Actif,"2023-02-27 22:50:03"
N5670AF,"[""HL""]","Doors, Metal, Fire, Mineral Core","Portes métalliques, de secours, âme minérale",Active,Actif,"2023-02-27 22:50:03"
N5670AG,"[""HL""]","Doors, Overhead, Metal Construction","Portes métalliques basculantes",Active,Actif,"2023-02-27 22:50:03"
N5670AH,"[""HL""]","Doors, Metal, Automatic Opening and Closing","Portes métalliques, ouverture et fermeture automatique",Active,Actif,"2023-02-27 22:50:03"
N5670AJ,"[""HL""]","Doors, Garage Metal","Portes de garage, métalliques",Active,Actif,"2023-02-27 22:50:03"
N5670AJA,"[""HL""]","Door, Garage, Overhead","Porte de garage, basculante",Active,Actif,"2023-02-27 22:50:03"
N5670AK,"[""HL""]","Doors, Metal, Cold Storage","Portes métalliques, conservation par le froid",Active,Actif,"2023-02-27 22:50:03"
N5670B,"[""HL""]","Grating, Metal","Caillebotis, métallique",Active,Actif,"2023-02-27 22:50:03"
N5670C,"[""HL""]","Railing, Hand (Metal)","Rampe, pour main (métallique)",Active,Actif,"2023-02-27 22:50:03"
N5670E,"[""HL""]","WINDOW, METAL","Fenêtre, métallique",Active,Actif,"2023-02-27 22:50:03"
N5670EA,"[""HL""]","Window, Metal, Storm, Aluminum","Fenêtre, métallique, tempête, aluminium",Active,Actif,"2023-02-27 22:50:03"
N5670EC,"[""HL""]","Window, Metal, N.E.S.","Fenêtre, métallique, N.E.A.",Active,Actif,"2023-02-27 22:50:03"
N5660C,"[""HL""]","Post, Fence","Poteaux, clôture",Active,Actif,"2023-02-27 22:50:03"
N5660CA,"[""HL""]","Post, Fence, Metal","Piquet métallique",Active,Actif,"2023-02-27 22:50:03"
N5660D,"[""HL""]","Rail, Guard, Highway","Contre-rail, voie routière",Active,Actif,"2023-02-27 22:50:03"
N5660E,"[""HL""]","Barbed Wire",Barbelé,Active,Actif,"2023-02-27 22:50:03"
N5660F,"[""HL""]","Fences, Metal","Clôtures métalliques",Active,Actif,"2023-02-27 22:50:03"
N5660G,"[""HL""]","Gates, Metal","Barrières métalliques",Active,Actif,"2023-02-27 22:50:03"
N5660GA,"[""HL""]","Gate Security Hydraulic","Barrière de sécurité hydraulique",Active,Actif,"2023-02-27 22:50:03"
N5660H,"[""HL""]","Post, Metal Signs, U Channel and Telescopic Type","Poteaux, écriteaux métalliques, canal en U et de type télescopique",Active,Actif,"2023-02-27 22:50:03"
N5670,"[""HL""]","Building Components, Prefabricated","Produits architecturaux et produits métalliques connexes",Active,Actif,"2023-02-27 22:50:03"
N5670A,"[""HL""]","Doors, Metal Construction","Portes métalliques",Active,Actif,"2023-02-27 22:50:03"
N5670AA,"[""HL""]","Doors, ALuminum","Porte, aluminium",Active,Actif,"2023-02-27 22:50:03"
N5670AB,"[""HL""]","Doors, Metal, Rolling","Porte, métallique, à rouleau",Active,Actif,"2023-02-27 22:50:03"
N5670AC,"[""HL""]","Doors, Metal, Sliding","Porte, métallique, coulissante",Active,Actif,"2023-02-27 22:50:03"
N5680,"[""HL""]","Construction Material, Miscellaneous","Matériaux de construction divers",Active,Actif,"2023-02-27 22:50:03"
N5680A,"[""HL""]","Covers, Manhole (Except Marine and Tank)","Panneau, trou d'homme (sauf marine et char d'assaut)",Active,Actif,"2023-02-27 22:50:03"
N5680B,"[""HL""]","Steel Bar, Reinforcing","Armature à béton",Active,Actif,"2023-02-27 22:50:03"
N5680C,"[""HL""]",Gabion,Gabion,Active,Actif,"2023-02-27 22:50:03"
N5680E,"[""HL""]","Flooring Systems","Systèmes de couvre-plancher",Active,Actif,"2023-02-27 22:50:03"
N5680EB,"[""HL""]","Flooring Systems, Sectional, Non-Slip (Except Metal Grating)","Systèmes de couvre-plancher, antidérapant (sauf le grillage métallique)",Active,Actif,"2023-02-27 22:50:03"
N5680F,"[""HL""]","Deck Floor, N.E.S.","Pontage, N.E.A.",Active,Actif,"2023-02-27 22:50:03"
N5680H,"[""HL""]","Weather Stripping, Door, Window","Calfeutrage, porte, fenêtre",Active,Actif,"2023-02-27 22:50:03"
N5680J,"[""HL""]","Panels, Building, Insulated, Metal","Panneaux isolés, construction, métal",Active,Actif,"2023-02-27 22:50:03"
N5680L,"[""HL""]","Texel, Road Surfacing Material (Textile)","Matériaux pour surfaçage de route, texel",Active,Actif,"2023-02-27 22:50:03"
N5670EE,"[""HL""]","Window, Metal, Security","Fenêtres, métalliques, sécurité",Active,Actif,"2023-02-27 22:50:03"
N5670EF,"[""HL""]","Window Metal, Storm","Contre-fenêtre, métallique",Active,Actif,"2023-02-27 22:50:03"
N5670F,"[""HL""]","Skylights, Metal, Plastic Pane","Châssis métalliques, toiture, vitre en plastique",Active,Actif,"2023-02-27 22:50:03"
N5670GA,"[""HL""]","Stair Tread Grating, Metal","Marche d'escalier, grillage de métal",Active,Actif,"2023-02-27 22:50:03"
N5670H,"[""HL""]","Troughs, Eaves, Metal","Gouttières, métalliques",Active,Actif,"2023-02-27 22:50:03"
N5670K,"[""HL""]","Walls, Metal, Folding","Parois métalliques, repliables",Active,Actif,"2023-02-27 22:50:03"
N5670L,"[""HL""]","Partitions, Metal, Security","Cloisons, métalliques, sécurité",Active,Actif,"2023-02-27 22:50:03"
N5670N,"[""HL""]","Studs and Trims, Steel, For Drywall","Colombages et encadrements, acier, mur en pierres sèches",Active,Actif,"2023-02-27 22:50:03"
N5670P,"[""HL""]","Screens, Window, Aluminum","Moustiquaire, aluminium",Active,Actif,"2023-02-27 22:50:03"
N5670S,"[""HL""]","Frames, Door, Metal","Cadres de porte en métal",Active,Actif,"2023-02-27 22:50:03"
N6830,"[""HL""]","Gases, Compressed and Liquified","Gaz comprimés et liquéfiés",Active,Actif,"2023-02-27 22:50:03"
N6830A,"[""HL""]","GAS, ACETYLENE","Gaz, acétylène",Active,Actif,"2023-02-27 22:50:03"
N6830B,"[""HL""]","GAS, ARGON, 6000 PSI","Gaz, argon, 6 000 lb par pouce carré",Active,Actif,"2023-02-27 22:50:03"
N6830C,"[""HL""]","CARBON DIOXIDE, TECHNICAL (DRY ICE)","Bioxyde de carbone, technique, glace sèche",Active,Actif,"2023-02-27 22:50:03"
N6830D,"[""HL""]","GAS, CHLORINE","Gaz, chlore",Active,Actif,"2023-02-27 22:50:03"
N6830D00,"[""HL""]","GAS, PETROLEUM, LIQUIFIED AND BUTANE, CAN/CGSB-3.13-M88 AND COMPRESSED GASES","Gaz de pétrole liquéfié, butane, CAN/ONGC-3.13-M88 et gaz comprimés",Active,Actif,"2023-02-27 22:50:03"
N6830F,"[""HL""]","GAS, HELIUM","Gaz, hélium",Active,Actif,"2023-02-27 22:50:03"
N6830G,"[""HL""]","GAS, HYDROGEN","Gaz, hydrogène",Active,Actif,"2023-02-27 22:50:03"
N6830H,"[""HL""]","GAS, NITROGEN","Gaz, azote",Active,Actif,"2023-02-27 22:50:03"
N6830J,"[""HL""]","GAS, OXYGEN AVIATORS BREATHING","Gaz, oxygène d'inhalation pour aviateurs",Active,Actif,"2023-02-27 22:50:03"
N6830K,"[""HL""]","GAS, SULPHUR HEXAFLUORIDE","Gaz, hexafluorure de soufre",Active,Actif,"2023-02-27 22:50:03"
N6830L,"[""HL""]","GAS, HIGH PURITY, LABORATORY","Gaz, grande pureté, laboratoire",Active,Actif,"2023-02-27 22:50:03"
N6830M,"[""HL""]","GAS, PROPANE","Gaz, propane",Active,Actif,"2023-02-27 22:50:03"
N6830MA,"[""HL""]","GAS, PROPANE, 14 OZ. CYLINDERS (AVOIR)","Gaz propane, cylindres, avoir de 14 onces",Active,Actif,"2023-02-27 22:50:03"
N6830P,"[""HL""]","GAS, NATURAL, COMPRESSED","Gaz, naturel, comprimé",Active,Actif,"2023-02-27 22:50:03"
N4510E,"[""HL""]","Dispensers (Bathroom/Washroom Fixtures)","Distributeurs, accessoires de salle de bain",Active,Actif,"2023-02-27 22:50:03"
N5670V,"[""HL""]","Access Hatches, Building, Custom","Trappes d'accès, bâtiment, sur mesure",Active,Actif,"2023-02-27 22:50:03"
N5675,"[""HL""]","Nonwood Construction Lumber and Related Materials","Bois modulaire de services collectifs",Active,Actif,"2023-02-27 22:50:03"
N5420,"[""HL""]","Bridges, Fixed and Floating","Ponts fixes et flottants",Active,Actif,"2023-02-27 22:50:03"
N9110C,"[""HL""]","Wood, Heating Purposes","Bois, de chauffage",Active,Actif,"2023-02-27 22:50:03"
N9130,"[""HL""]","Liquid Propellants and Fuels, Petroleum Base","Propergols et carburants liquides, à base de pétrole",Active,Actif,"2023-02-27 22:50:03"
N9110,"[""HL""]","Fuels, Solid","Combustibles, solides",Active,Actif,"2023-02-27 22:50:03"
N9130GG,"[""HL""]","Natural Gas","Gaz naturel",Active,Actif,"2023-02-27 22:50:03"
N9130D,"[""HL""]","Lighting Naphtha","Naphte d'éclairage",Active,Actif,"2023-02-27 22:50:03"
N9130E,"[""HL""]","Aviation Fuel","Combustible d'aviation",Active,Actif,"2023-02-27 22:50:03"
N9135,"[""HL""]","Liquid Propellant Fuels and Oxidizers, Chemical Base","Propergols liquides, carburants et comburants, à base de produits chimiques",Active,Actif,"2023-02-27 22:50:03"
N9140,"[""HL""]","Middle Distillate Fuels","Combustibles de distillat moyen",Active,Actif,"2023-02-27 22:50:03"
N9140A,"[""HL""]","Fuel Oil, Heating","Mazout, chauffage,",Active,Actif,"2023-02-27 22:50:03"
N9140C,"[""HL""]","Diesel Fuel, Automotive","Combustible diesel, automobiles",Active,Actif,"2023-02-27 22:50:03"
N9150,"[""HL""]","Oils and Greases, Cutting, Lubricating, and Hydraulic","Huiles et graisses de coupe, de graissage et hydrauliques",Active,Actif,"2023-02-27 22:50:03"
N9150A,"[""HL""]","Hydraulic Fluid, Automatic Transmission, C-2/C-3, Dextron ll and Type F","Fluide hydraulique, transmission automatique, C-2/C-3, Dextron II et type F",Active,Actif,"2023-02-27 22:50:03"
N9150C,"[""HL""]","Cutting Fluid","Huile de coupe",Active,Actif,"2023-02-27 22:50:03"
N9150D,"[""HL""]","Fog Oil, Summer Grade","Huile fumigène, classe ETE",Active,Actif,"2023-02-27 22:50:03"
N9150E,"[""HL""]",Grease,Graisse,Active,Actif,"2023-02-27 22:50:03"
N9140G,"[""HL""]","Marine Fuel","Combustible, marine",Active,Actif,"2023-02-27 22:50:03"
N9140L,"[""HL""]",Kerosene,"Pétrole lampant kérosène",Active,Actif,"2023-02-27 22:50:03"
N9150F,"[""HL""]","Hydraulic Fluid","Fluide hydraulique",Active,Actif,"2023-02-27 22:50:03"
N9150FA,"[""HL""]","HYDRAULIC FLUID, FIRE RESISTANT","Fluide hydraulique, ignifuge",Active,Actif,"2023-02-27 22:50:03"
N9150FC,"[""HL""]","HYDRAULIC FLUID, PETROLEUM","Fluide hydraulique à base minéral",Active,Actif,"2023-02-27 22:50:03"
N9150FD,"[""HL""]","HYDRAULIC FLUID, AUTOMATIC TRANSMISSION, SYNTHETIC","Fluide hydraulique, transmission automatique, synthétique",Active,Actif,"2023-02-27 22:50:03"
N9150FE,"[""HL""]","HYDRAULIC FLUID, PETROLEUM BASE FOR PRESERVATION AND TESTING","Fluide hydraulique, à base de pétrole pour préservation et essai",Active,Actif,"2023-02-27 22:50:03"
N9150G,"[""HL""]","Lubricant and Lubricating Oil","Lubrifiant et huile de graissage",Active,Actif,"2023-02-27 22:50:03"
N9150GA,"[""HL""]",Lubricant,Lubrifiant,Active,Actif,"2023-02-27 22:50:03"
N9150EB,"[""HL""]","GREASE AUTOMOTIVE AND ARTILLERY","Graisse pour automobile et artillerie",Active,Actif,"2023-02-27 22:50:03"
N9150EF,"[""HL""]","GREASE, WIRE ROPE","Graisse pour câbles métalliques",Active,Actif,"2023-02-27 22:50:03"
N9150EG,"[""HL""]","GREASE, AIRCRAFT AND INSTRUMENT HIGH TEMPERATURE","Graisse, aéronef et instrument, température élevée",Active,Actif,"2023-02-27 22:50:03"
N9150EQ,"[""HL""]","GREASE, BALL AND ROLLER BEARING","Graisse, roulement à billes et à rouleaux",Active,Actif,"2023-02-27 22:50:03"
N9150GB,"[""HL""]","Lubricant Oil, Aircraft","Huile, aéronefs",Active,Actif,"2023-02-27 22:50:03"
N9150GBB,"[""HL""]","LUBRICATING OIL, AIRCRAFT TURBINE ENGINE, SYNTHETIC BASE","Huile pour moteur à turbine d'aéronefs, à base synthétique",Active,Actif,"2023-02-27 22:50:03"
N9150GF,"[""HL""]","Lubricating Oil, Engine","Huile pour moteur",Active,Actif,"2023-02-27 22:50:03"
N9150GAC,"[""HL""]",Lubricant,Lubrifiant,Active,Actif,"2023-02-27 22:50:03"
N9150GAH,"[""HL""]","Lubricant, WIRE AND CABLE PULLING","Lubrifiant, câble et fil métallique, traction",Active,Actif,"2023-02-27 22:50:03"
N9150GAR,"[""HL""]","Lubricant, CLEANER AND PRESERVATIVE FOR WEAPONS AND WEAPON SYSTEMS","Lubrifiant, nettoyeur et protecteur pour armes et systèmes d'armes",Active,Actif,"2023-02-27 22:50:03"
N9150GP,"[""HL""]","LUBRICATING OIL, WEAPONS, SEMI-FLUID","Huile de graissage, armes, semi-fluide",Active,Actif,"2023-02-27 22:50:03"
N9150GR,"[""HL""]","LUBRICATING OIL, AIR COMPRESSOR, 90500-1","Huile, compresseur d'air, 90500-1",Active,Actif,"2023-02-27 22:50:03"
N9150L00,"[""HL""]","Oil and Grease (N.E.S.)","Huile et graisse, N.E.A.",Active,Actif,"2023-02-27 22:50:03"
N9150GFD,"[""HL""]","LUBRICATING OIL, ENGINE, NAVAL, DIESEL, SEVERE CONDITIONS","Huile pour moteur diesel, marine, conditions rigoureuses",Active,Actif,"2023-02-27 22:50:03"
N9150GFF,"[""HL""]","LUBRICATING OIL, ENGINE, NON-DETERGENT","Huile pour moteur, non détergente",Active,Actif,"2023-02-27 22:50:03"
N9150GG,"[""HL""]","Lubricating Oil, Gear","Huile, engrenage",Active,Actif,"2023-02-27 22:50:03"
N9150GGC,"[""HL""]","LUBRICATING OIL, GEAR, MULTIPURPOSE GRADES 75, 80 AND 90","Huile pour engrenage, usage multiple, classes 75, 80 et 90",Active,Actif,"2023-02-27 22:50:03"
N9150GGE,"[""HL""]","Lubricating Oil, Synthetic 75W90","Huile lubrifiante, synthétique 75W90",Active,Actif,"2023-02-27 22:50:03"
N9150GH,"[""HL""]","Lubricating Oil, Instrument","Huile pour instrument",Active,Actif,"2023-02-27 22:50:03"
N9150T,"[""HL""]","Lubricating Oil",Huile,Active,Actif,"2023-02-27 22:50:03"
N9150U,"[""HL""]","Lubricating Oil, Vacuum Pump","Huile, pompe à vide",Active,Actif,"2023-02-27 22:50:03"
N9160,"[""HL""]","Miscellaneous Waxes, Oils and Fats","Cires, graisses et huiles diverses",Active,Actif,"2023-02-27 22:50:03"
N9160C,"[""HL""]","Wax, Ski","Cire, skis",Active,Actif,"2023-02-27 22:50:03"
N9160F,"[""HL""]","INSULATING OIL, ELECTRICAL CSA-C50-76","Huile calorifuge, électrique CSA-C50-76",Active,Actif,"2023-02-27 22:50:03"
S000A,"[""HL""]","Gas Services","Services d'alimentation en gaz",Active,Actif,"2023-02-27 22:50:03"
S001A,"[""HL""]","Electricity Services","Services d'alimentation en électricité",Active,Actif,"2023-02-27 22:50:03"
WL5410,"[""HL""]","PREFABRICATED AND PORTABLE BUILDINGS - LEASING","Bâtiments préfabriqués et démontables - location à bail",Active,Actif,"2023-02-27 22:50:03"
WL4520,"[""HL""]","SPACE HEATING EQUIPMENT AND DOMESTIC WATER HEATER - LEASING","Équipement de chauffage des locaux et chauffe-eau domestiques - location à bail",Active,Actif,"2023-02-27 22:50:03"
WR4410,"[""HL""]","INDUSTRIAL BOILERS - RENTAL","Chaudières industrielles - location",Active,Actif,"2023-02-27 22:50:03"
WR4410A,"[""HL""]","BOILERS, PORTABLE, RENTAL","Chaudières, portatives - location",Active,Actif,"2023-02-27 22:50:03"
WR4460,"[""HL""]","AIR PURIFICATION EQUIPMENT - RENTAL","Équipements de purification d'air - location",Active,Actif,"2023-02-27 22:50:03"
WR5340,"[""HL""]","MISCELLANEOUS HARDWARE - RENTAL","Quincaillerie générale - location",Active,Actif,"2023-02-27 22:50:03"
WR5410,"[""HL""]","PREFABRICATED AND PORTABLE BUILDINGS - RENTAL","Bâtiments préfabriqués et démontables - location",Active,Actif,"2023-02-27 22:50:03"
WR5410A,"[""HL""]","BUILDING, PREFABRICATED, PORTABLE OR RELOCATABLE, SCHOOLS AND CLASSROOMS - RENTAL","Bâtiments, préfabriqués, portatifs ou déplaçables, salles de classe et écoles - location",Active,Actif,"2023-02-27 22:50:03"
WR5411,"[""HL""]","RIGID WALL SHELTERS - RENTAL","Abris à murs rigides - location",Active,Actif,"2023-02-27 22:50:03"
WR5430,"[""HL""]","STORAGE TANKS - RENTAL","Réservoirs - location",Active,Actif,"2023-02-27 22:50:03"
WR5440,"[""HL""]","SCAFFOLDING EQUIPMENT AND CONCRETE FORMS - RENTAL","Équipements d'échafaudage et coffrages à béton - location",Active,Actif,"2023-02-27 22:50:03"
WR5440B,"[""HL""]","SCAFFOLDING, RENTALS","Échafaudages - location",Active,Actif,"2023-02-27 22:50:03"
WR5445,"[""HL""]","PREFABRICATED TOWER STRUCTURES - RENTAL","Structures de pylônes préfabriqués - location",Active,Actif,"2023-02-27 22:50:03"
WR5680,"[""HL""]","CONSTRUCTION MATERIAL, MISCELLANEOUS - RENTAL","Matériaux de construction divers - location",Active,Actif,"2023-02-27 22:50:03"
WR4510,"[""HL""]","PLUMBING FIXTURES AND ACCESSORIES - RENTAL","Agencements et accessoires de plomberie - location",Active,Actif,"2023-02-27 22:50:03"
WR4510A,"[""HL""]","TOILET, ELECTRIC/GAS, SANITATION - RENTAL","Toilette, électrique ou à gaz, système sanitaire - location",Active,Actif,"2023-02-27 22:50:03"
WR4510AA,"[""HL""]","PORTABLE TOILETS, RENTAL","Toilettes portatives - location",Active,Actif,"2023-02-27 22:50:03"
WR4520,"[""HL""]","SPACE HEATING EQUIPMENT AND DOMESTIC WATER HEATERS - RENTAL","Équipements de chauffage des locaux et chauffe-eau domestiques - location",Active,Actif,"2023-02-27 22:50:03"
WR4520A,"[""HL""]","HEATERS, SPACE, ELECTRIC, AIR, RENTAL","Radiateurs, électriques, air - location",Active,Actif,"2023-02-27 22:50:03"
WR4520AB,"[""HL""]","HEATERS, GAS OR OIL, RENTALS","Radiateurs à gaz ou à l'huile - location",Active,Actif,"2023-02-27 22:50:03"
WR4530,"[""HL""]","FUEL BURNING EQUIPMENT UNITS - RENTAL","Éléments d'appareils de chauffage - location",Active,Actif,"2023-02-27 22:50:03"
WR4540,"[""HL""]","PLUMBING, HEATING AND SANITATION EQUIPMENT, MISCELLANEOUS - RENTAL","Équipement varié de plomberie, de chauffage et d'hygiène - location",Active,Actif,"2023-02-27 22:50:03"
WR4610,"[""HL""]","WATER PURIFICATION EQUIPMENT - RENTAL","Équipement de purification des eaux - location",Active,Actif,"2023-02-27 22:50:03"
WR6830,"[""HL""]","GASES, COMPRESSED AND LIQUIFIED - RENTAL","Gaz comprimés et liquéfiés - location",Active,Actif,"2023-02-27 22:50:03"
WL5440,"[""HL""]","SCAFFOLDING EQUIPMENT AND CONCRETE FORMS - LEASING","Équipements d'échafaudage et coffrages à béton - location à bail",Active,Actif,"2023-02-27 22:50:03"
N9130U,"[""HL""]","Gasoline, Automotive, Unleaded","Essence, auto, sans plomb",Active,Actif,"2023-02-27 22:50:03"
N5445,"[""HL""]","Prefabricated Tower Structures","Structures de pylônes préfabriqués",Active,Actif,"2023-02-27 22:50:03"
N9140M,"[""HL""]","Biodiesel Fuels","Carburants biodiésel",Active,Actif,"2023-02-27 22:50:03"
5179HC,"[""HN""]","Machine Shop Services, Precision","Services d'ateliers de construction mécanique, de précision",Active,Actif,"2023-02-27 22:50:03"
JD5905,"[""HN""]","RESISTORS - PRODUCTION DESIGN","Résistances - dessin de production",Active,Actif,"2023-02-27 22:50:03"
JD5960,"[""HN""]","ELECTRON TUBES AND ASSOCIATED HARDWARE - PRODUCTION DESIGN","Tubes électroniques et matériel connexe - dessin de production",Active,Actif,"2023-02-27 22:50:03"
JI5985,"[""HN""]","Antennas, Waveguides and Related Equipment - Installation","Antennes, guides d'ondes et équipement connexe - installation",Active,Actif,"2023-02-27 22:50:03"
JI5995,"[""HN""]","Cable, Cord, and Wire Assemblies, Communication Equipment - Installation","Câbles, cordons et fils électriques, équipement de télécommunications - installation",Active,Actif,"2023-02-27 22:50:03"
JI5830,"[""HN""]","Intercommunication and Public Address Systems, Except Airborne - Installation","Systèmes d'intercommunication et de sonorisation, sauf pour aéronefs - installation",Active,Actif,"2023-02-27 22:50:03"
JI5835,"[""HN""]","Sound Recording and Reproducing Equipment - Installation","Équipement d'enregistrement et de reproduction du son - installation",Active,Actif,"2023-02-27 22:50:03"
JX3210,"[""HN""]","Sawmill and Planing Mill Machinery - Repair","Équipements de scieries - réparation",Active,Actif,"2023-02-27 22:50:03"
JX3220,"[""HN""]","Woodworking Machines - Repair","Machines pour le travail du bois - réparation",Active,Actif,"2023-02-27 22:50:03"
JX3405,"[""HN""]","Saws and Filing Machines - Repair","Scies et machines à limer - réparation",Active,Actif,"2023-02-27 22:50:03"
JX3412,"[""HN""]","Broaching Machines - Repair","Brocheuses - réparation",Active,Actif,"2023-02-27 22:50:03"
JX3413,"[""HN""]","Drilling and Tapping Machines - Repair","Tours, pour travail avec les métaux - réparation",Active,Actif,"2023-02-27 22:50:03"
JX3414,"[""HN""]","Gear Cutting and Finishing Machines - Repair","Machines à tailler et à finir les engrenages - réparation",Active,Actif,"2023-02-27 22:50:03"
JX3465,"[""HN""]","Production Jigs, Fixtures and Templates - Repair","Calibres de formes, gabarits de guidage, appareils de contrôle - réparation",Active,Actif,"2023-02-27 22:50:03"
JX3510,"[""HN""]","Laundry and Dry Cleaning Equipment - Repair and Overhaul","Équipement de blanchissage et de nettoyage à sec - réparation et révision",Active,Actif,"2023-02-27 22:50:03"
JX3540,"[""HN""]","Wrapping and Packaging Machinery - Repair","Machines à emballer et à empaqueter - réparation",Active,Actif,"2023-02-27 22:50:03"
JX3615,"[""HN""]","Pulp and Paper Industries Machinery - Repair","Machines des industries des pâtes et papiers = réparation",Active,Actif,"2023-02-27 22:50:03"
JX3625,"[""HN""]","Textile Industries Machinery - Repair","Machines des industries textiles - réparation",Active,Actif,"2023-02-27 22:50:03"
JX3630,"[""HN""]","Clay and Concrete Products Industries Machinery - Repair","Machines des industries de l'argile et du béton - réparation",Active,Actif,"2023-02-27 22:50:03"
JX3415,"[""HN""]","Grinding Machines - Repair","Machines à meuler-affuteuses-rectifieuses - réparation",Active,Actif,"2023-02-27 22:50:03"
JX3416,"[""HN""]","Lathes (Metal Working) - Repair","Tours - réparation",Active,Actif,"2023-02-27 22:50:03"
JX3417,"[""HN""]","Milling Machines - Repair","Fraiseuses - réparation",Active,Actif,"2023-02-27 22:50:03"
JX3419,"[""HN""]","Machine Tools - Miscellaneous - Repair","Machines et outils divers - réparation",Active,Actif,"2023-02-27 22:50:03"
JX3431,"[""HN""]","Electric Arc Welding Equipment - Repair","Équipement de soudage à l'arc électrique - réparation",Active,Actif,"2023-02-27 22:50:03"
JX3433,"[""HN""]","Gas Welding, Heat Cutting and Metalizing Equipment - Repair","Équipements de soudage au gaz, de coupage à chaud et de métallisation - réparation",Active,Actif,"2023-02-27 22:50:03"
JX3438,"[""HN""]","Miscellaneous Welding Equipment - Repair and Overhaul","Équipement pour soudures diverses - réparation et révision",Active,Actif,"2023-02-27 22:50:03"
JX3439,"[""HN""]","Welding, Soldering and Brazing Supplies and Accessories, Miscellaneous - Repair","Fournitures et accessoires divers pour soudage et brassage - réparation",Active,Actif,"2023-02-27 22:50:03"
JX3441,"[""HN""]","Bending and Forming Machines - Repair","Machines à cintrer et à former - réparation",Active,Actif,"2023-02-27 22:50:03"
JX3442,"[""HN""]","Hydraulic and Pneumatic Presses, Power Driven - Repair","Presses à moteur, hydrauliques et pneumatiques - réparation",Active,Actif,"2023-02-27 22:50:03"
JX3443,"[""HN""]","Mechanical Presses, Power Driven - Repair","Presses à moteur, mécaniques - réparation",Active,Actif,"2023-02-27 22:50:03"
JX3445,"[""HN""]","Punching and Shearing Machines - Repair","Machines à poinçonner et à cisailler - réparation",Active,Actif,"2023-02-27 22:50:03"
JX3450,"[""HN""]","Machine Tools, Portable - Repair","Machines et outils portatifs - réparation",Active,Actif,"2023-02-27 22:50:03"
JX3455,"[""HN""]","Cutting Tools for Machine Tools - Repair, Overhaul, Modification and Maintenance","Outils de coupe pour machines et outils - réparation, révision, modification et entretien",Active,Actif,"2023-02-27 22:50:03"
JX3456,"[""HN""]","Cutting and Forming Tools for Secondary Metal Working Machinery - Repair","Outils à couper et former pour machines complémentaires à travailler les métaux - réparation",Active,Actif,"2023-02-27 22:50:03"
JX3460,"[""HN""]","Machine Tool Accessories - Repair","Accessoires de machines et outils - réparation",Active,Actif,"2023-02-27 22:50:03"
JX3650,"[""HN""]","Chemical and Pharmaceutical Products Manufacturing Machinery - Repair","Machines à manufacturer les produits chimiques et pharmaceutiques - réparation",Active,Actif,"2023-02-27 22:50:03"
JX3655,"[""HN""]","Gas Generating and Dispensing Systems, Fixed or Mobile - Repair","Systèmes générateurs et distributeurs de gaz, fixes ou mobiles - réparation",Active,Actif,"2023-02-27 22:50:03"
JX3660,"[""HN""]","Industrial Size Reduction Machinery - Repair","Machines industrielles à réduction - réparation",Active,Actif,"2023-02-27 22:50:03"
JX3695,"[""HN""]","Miscellaneous Special Industry Machinery - Repair","Machines diverses pour industries spéciales - réparation",Active,Actif,"2023-02-27 22:50:03"
JX5830,"[""HN""]","Intercommunication and Public Address Systems, except Airborne - Repair and Overhaul","Systèmes d'intercommunication et de diffusion sauf aéronefs - réparation et révision",Active,Actif,"2023-02-27 22:50:03"
JX5835,"[""HN""]","Sound Recording and Reproducing Equipment - Repair","Équipement d'enregistrement et de reproduction du son - réparation",Active,Actif,"2023-02-27 22:50:03"
JX5836,"[""HN""]","Video Recording and Reproducing Equipment - Repair","Équipement d'enregistrement et de production vidéo - réparation",Active,Actif,"2023-02-27 22:50:03"
JX5905,"[""HN""]","Resistors - Repair","Résistances - réparation",Active,Actif,"2023-02-27 22:50:03"
JX5910,"[""HN""]","Capacitors - Repair","Condensateurs - réparation",Active,Actif,"2023-02-27 22:50:03"
JX5915,"[""HN""]","Filter and Network - Repair","Filtres et réseaux - réparation",Active,Actif,"2023-02-27 22:50:03"
JX5925,"[""HN""]","Circuit Breakers - Repair","Disjoncteurs - réparation",Active,Actif,"2023-02-27 22:50:03"
JX5998,"[""HN""]","Electrical and Electronic Assemblies, Boards, Cards, and Associated Hardware - Repair","Panneaux d'assemblages électriques et électroniques, cartes et matériel connexe - réparation",Active,Actif,"2023-02-27 22:50:03"
JX5999,"[""HN""]","Miscellaneous Electrical and Electronic Components - Repair and Overhaul","Composants électriques et électroniques divers - réparation et révision",Active,Actif,"2023-02-27 22:50:03"
JX6020,"[""HN""]","Fiber Optic Cable Assemblies and Harnesses - Repair","Ensembles de câbles et faisceaux de conducteurs optiques en fibre - réparation",Active,Actif,"2023-02-27 22:50:03"
JX6030,"[""HN""]","Fiber Optic Devices - Repair","Appareils optiques en fibre - réparation",Active,Actif,"2023-02-27 22:50:03"
JX6070,"[""HN""]","Fiber Optic Accessories and Supplies - Repair","Accessoires et fournitures optiques en fibre - réparation",Active,Actif,"2023-02-27 22:50:03"
JX6100,"[""HN""]","Electric Wire, and Power and Distribution Equipment - Repair","Fils électriques et équipements générateurs et distributeurs d'énergie - réparation",Active,Actif,"2023-02-27 22:50:03"
JX6100A,"[""HN""]","Electrical Power and Distribution Equipment - Repair and Overhaul","Équipement générateur et distributeur électrique - réparation et révision",Active,Actif,"2023-02-27 22:50:03"
JX6105,"[""HN""]","Motors, Electrical - Repair and Overhaul","Moteurs électriques - réparation et révision",Active,Actif,"2023-02-27 22:50:03"
JX6110,"[""HN""]","Electrical Control Equipment - Repair","Équipement électrique de commande - réparation",Active,Actif,"2023-02-27 22:50:03"
JX6115G,"[""HN""]","Generators and Alternators, except Marine, Armoured Fighting Vehicles and Aircraft - Armature Rewinding Service","Générateurs et alternateurs, sauf marine, véhicules de combat blindé et aéronefs - service de rebobinage d'induits",Active,Actif,"2023-02-27 22:50:03"
JX5930,"[""HN""]","Switches - Repair","Contacteurs, commutateurs - réparation",Active,Actif,"2023-02-27 22:50:03"
JX5935,"[""HN""]","Connectors, Electrical - Repair","Connecteurs électriques - réparation",Active,Actif,"2023-02-27 22:50:03"
JX5945,"[""HN""]","Relays and Solenoids - Repair","Relais et solénoïdes - réparation",Active,Actif,"2023-02-27 22:50:03"
JX5950,"[""HN""]","Coils and Transformers - Repair and Overhaul","Bobines d'auto-induction et transformateurs - réparation et révision",Active,Actif,"2023-02-27 22:50:03"
JX5960,"[""HN""]","Electron Tubes and Associated Hardware - Repair","Tubes électroniques et matériel connexe - réparation",Active,Actif,"2023-02-27 22:50:03"
JX5962,"[""HN""]","Microcircuits, Electronic - Repair","Microstructures, électroniques - réparation",Active,Actif,"2023-02-27 22:50:03"
JX5963,"[""HN""]","Electronic Modules - Repair","Modules électroniques - réparation",Active,Actif,"2023-02-27 22:50:03"
JX5965,"[""HN""]","Headsets, Handsets, Microphones and Speakers - Repair","Casques d'écoute, combiné, microphones et haut-parleurs - réparation",Active,Actif,"2023-02-27 22:50:03"
JX5975,"[""HN""]","Electrical Hardware and Supplies - Repair","Quincaillerie et fournitures électriques - réparation",Active,Actif,"2023-02-27 22:50:03"
JX5985,"[""HN""]","Antennas, Waveguides and Related Equipment - Repair and Overhaul","Antennes, guides d'ondes et équipement connexe - réparation et révision",Active,Actif,"2023-02-27 22:50:03"
JX5990,"[""HN""]","Synchros and Resolvers - Repair","Synchros et résolveurs - réparation",Active,Actif,"2023-02-27 22:50:03"
JX5995,"[""HN""]","Cable, Cord, and Wire Assemblies, Communication Equipment - Repair","Câbles, cordons et fils électriques équipés, équipement de télécommunication - réparation",Active,Actif,"2023-02-27 22:50:03"
JX6120,"[""HN""]","Transformers, Distribution and Power Station - Repair","Transformateurs, station d'alimentation et de distribution - réparation",Active,Actif,"2023-02-27 22:50:03"
JX6125,"[""HN""]","Converters, Electrical, Rotating - Repairs","Convertisseurs électriques, rotatifs - réparation",Active,Actif,"2023-02-27 22:50:03"
JX6130,"[""HN""]","Converters, Electrical, Nonrotating - Repair and Overhaul","Convertisseurs électriques, statiques - réparation et révision",Active,Actif,"2023-02-27 22:50:03"
JX6130B,"[""HN""]","Uninterruptible Power Supply (U.P.S.) - Single Phase, 2KVA and above - Repair","Alimentation ininterrompue, monophasée, 2 Kilovoltampères et plus - réparation",Active,Actif,"2023-02-27 22:50:03"
JX6135,"[""HN""]","Batteries, Primary - Repair","Éléments de piles - réparation",Active,Actif,"2023-02-27 22:50:03"
JX6140,"[""HN""]","Batteries, Rechargeable - Repair","Piles, rechargeables - réparation",Active,Actif,"2023-02-27 22:50:03"
JX6145,"[""HN""]","Wire and Cable, Electrical - Repair","Fils et câbles électriques - réparation",Active,Actif,"2023-02-27 22:50:03"
JX6150,"[""HN""]","Miscellaneous Electric Power and Distribution Equipment - Repair","Équipement varié en alimentation et distribution électriques - réparation",Active,Actif,"2023-02-27 22:50:03"
JX6210,"[""HN""]","Indoor and Outdoor Electric Lighting Fixtures - Repair","Dispositifs d'éclairage électrique intérieur et extérieur - réparation",Active,Actif,"2023-02-27 22:50:03"
JX6230,"[""HN""]","Electric Portable and Hand Lighting Equipment - Repair","Équipements d'éclairage électrique transportables et à main - réparation",Active,Actif,"2023-02-27 22:50:03"
JX6250,"[""HN""]","Ballasts, Lampholders, and Starters - Repair","Ballasts de lampes, douilles et starters - réparation",Active,Actif,"2023-02-27 22:50:03"
JX6310,"[""HN""]","Traffic and Transit Signal Systems - Repair","Systèmes de signalisation pour la circulation et le transit - réparation",Active,Actif,"2023-02-27 22:50:03"
JX6625,"[""HN""]","Electrical and Electronic Properties, Measuring and Testing Instruments - Repair and Overhaul","Instruments électriques et électroniques de mesure et d'essai de propriétés - réparation et révision",Active,Actif,"2023-02-27 22:50:03"
JX7240,"[""HN""]","Household and Commercial Utility Containers - Repair","Récipients utilitaires domestiques et commerciaux - réparation",Active,Actif,"2023-02-27 22:50:03"
JX7290,"[""HN""]","Household and Commercial Furnishings and Appliances, Miscellaneous - Repair","Mobiliers et accessoires divers d'ameublement domestique et commercial - réparation",Active,Actif,"2023-02-27 22:50:03"
JX7290B,"[""HN""]","Miscellaneous Household and Commercial Appliances, Electrical - Repair","Appareils domestiques et commerciaux divers, électriques - réparation",Active,Actif,"2023-02-27 22:50:03"
JX7450,"[""HN""]","Office Type Sound Recording and Reproducing Machines - Maintenance","Machines de bureau enregistreuses et reproductrices de son - entretien",Active,Actif,"2023-02-27 22:50:03"
JX7460,"[""HN""]","Visible Record Equipment - Repair and Overhaul","Fichiers à classement visible, composants et accessoires - réparation et révision",Active,Actif,"2023-02-27 22:50:03"
N3220,"[""HN""]","Woodworking Machines","Machines pour le travail du bois",Active,Actif,"2023-02-27 22:50:03"
N3220J,"[""HN""]","Sawing Machines, Table, Band and Radial Arm (Woodworking)","Machines à sciage, table, bande et bras radial, pour le travail du bois",Active,Actif,"2023-02-27 22:50:03"
N3210,"[""HN""]","Sawmill and Planing Mill Machinery","Équipements de scieries",Active,Actif,"2023-02-27 22:50:03"
N3210D,"[""HN""]",Chippers,Déchiqueteurs,Active,Actif,"2023-02-27 22:50:03"
N3405,"[""HN""]","Saws and Filing Machines","Scies et machines à limer",Active,Actif,"2023-02-27 22:50:03"
N3408,"[""HN""]","Machining Centres and Way-Type Machines","Machines à fonctions multiples et machines spéciales à transfert à indexage automatique",Active,Actif,"2023-02-27 22:50:03"
N3230,"[""HN""]","Tools and Attachments for Woodworking Machinery","Outils et accessoires pour machines à travailler le bois",Active,Actif,"2023-02-27 22:50:03"
N3413,"[""HN""]","Drilling and Tapping Machines","Machines à percer et à tarauder",Active,Actif,"2023-02-27 22:50:03"
N3414,"[""HN""]","Gear Cutting and Finishing Machines","Machines à tailler et à finir les engrenages",Active,Actif,"2023-02-27 22:50:03"
N3415,"[""HN""]","Grinding Machines","Machines à meuler. affûteur, rectifieur",Active,Actif,"2023-02-27 22:50:03"
N3410,"[""HN""]","Electrical and Ultrasonic Erosion Machines","Machines à polir électriques et à ultrasons",Active,Actif,"2023-02-27 22:50:03"
N3411,"[""HN""]","Boring Machines",Aléseuses,Active,Actif,"2023-02-27 22:50:03"
N3412,"[""HN""]","Broaching Machines",Brocheuses,Active,Actif,"2023-02-27 22:50:03"
N3417,"[""HN""]","Milling Machines",Fraiseuses,Active,Actif,"2023-02-27 22:50:03"
N3418,"[""HN""]","Planers and Shapers","Raboteuses et étaux-limeurs",Active,Actif,"2023-02-27 22:50:03"
N3416,"[""HN""]","Lathes (Metal Working)",Tours,Active,Actif,"2023-02-27 22:50:03"
N3426,"[""HN""]","Metal Finishing Equipment","Équipements pour le traitement de surface des métaux",Active,Actif,"2023-02-27 22:50:03"
N3431,"[""HN""]","Electric Arc Welding Equipment","Équipement de soudage à l'arc électrique",Active,Actif,"2023-02-27 22:50:03"
N3432,"[""HN""]","Electric Resistance Welding Equipment","Équipements de soudage par résistance électrique",Active,Actif,"2023-02-27 22:50:03"
N3419,"[""HN""]","Machine Tools, Miscellaneous","Machines et outils divers",Active,Actif,"2023-02-27 22:50:03"
N3422,"[""HN""]","Rolling Mills and Drawing Machines","Laminoirs et machines à étirer",Active,Actif,"2023-02-27 22:50:03"
N3424,"[""HN""]","Metal Heat Treating and Non-Thermal Treating Equipment","Équipements pour le traitement thermique et non thermique des métaux",Active,Actif,"2023-02-27 22:50:03"
N3441,"[""HN""]","Bending and Forming Machines","Machines à cintrer et à former",Active,Actif,"2023-02-27 22:50:03"
N3441AB,"[""HN""]","Machine, Bending, Hand, Brakes","Machine à cintrer manuelle, freins",Active,Actif,"2023-02-27 22:50:03"
N3433,"[""HN""]","Gas Welding, Heat Cutting, and Metalizing Equipment","Équipements de soudage au gaz, de coupage à chaud et de métallisation",Active,Actif,"2023-02-27 22:50:03"
N3436,"[""HN""]","Welding Positioners and Manipulators","Manipulateurs et positionneurs de soudage",Active,Actif,"2023-02-27 22:50:03"
N3438,"[""HN""]","Welding Equipment, Miscellaneous","Équipements divers de soudage",Active,Actif,"2023-02-27 22:50:03"
N3439,"[""HN""]","Welding, Soldering and Brazing Supplies and Accessories, Miscellaneous","Fournitures et accessoires divers pour soudage et brasage",Active,Actif,"2023-02-27 22:50:03"
N3442,"[""HN""]","Hydraulic and Pneumatic Presses, Power Driven","Presses à moteur, hydrauliques et pneumatiques",Active,Actif,"2023-02-27 22:50:03"
N3446,"[""HN""]","Forging Machinery and Hammers","Machines à forger et marteaux-pilons",Active,Actif,"2023-02-27 22:50:03"
N3447,"[""HN""]","Wire and Metal Ribbon Forming Machines","Machines à tréfiler et à faire les feuillards",Active,Actif,"2023-02-27 22:50:03"
N3448,"[""HN""]","Riveting Machines","Machines à river",Active,Actif,"2023-02-27 22:50:03"
N3449,"[""HN""]","Secondary Metal Forming and Cutting Machines, Miscellaneous","Machines complémentaires diverses travaillant par enlèvement ou formage du métal",Active,Actif,"2023-02-27 22:50:03"
N3443,"[""HN""]","Mechanical Presses, Power Driven","Presses à moteur, mécaniques",Active,Actif,"2023-02-27 22:50:03"
N3444,"[""HN""]","Manual Presses","Presses à main",Active,Actif,"2023-02-27 22:50:03"
N3445,"[""HN""]","Punching and Shearing Machines","Machines à poinçonner et à cisailler",Active,Actif,"2023-02-27 22:50:03"
N3461,"[""HN""]","Accessories for Secondary Metal Working Machinery","Accessoires de machines complémentaires à travailler les métaux",Active,Actif,"2023-02-27 22:50:03"
N3465,"[""HN""]","Production Jigs, Fixtures and Templates","Calibres de formes, gabarits de guidage, appareils de contrôle",Active,Actif,"2023-02-27 22:50:03"
N3470,"[""HN""]","Machine Shop Sets, Kits and Outfits","Jeux, trousses et équipements pour ateliers",Active,Actif,"2023-02-27 22:50:03"
N3510,"[""HN""]","Laundry and Dry Cleaning Equipment","Équipement de blanchissage et de nettoyage à sec",Active,Actif,"2023-02-27 22:50:03"
N3510A,"[""HN""]","Washing Machines and Dryers, Laundry, Domestic, All Types","Laveuses et sécheuses, blanchisserie de maison, tous les types",Active,Actif,"2023-02-27 22:50:03"
N3450,"[""HN""]","Machine Tools, Portable","Machines et outils portatives",Active,Actif,"2023-02-27 22:50:03"
N3455,"[""HN""]","Cutting Tools for Machine Tools","Outils de coupe pour machines et outils",Active,Actif,"2023-02-27 22:50:03"
N3456,"[""HN""]","Cutting and Forming Tools for Secondary Metal Working Machinery","Outils à couper et former pour machines complémentaires à travailler les métaux",Active,Actif,"2023-02-27 22:50:03"
N3460,"[""HN""]","Machine Tool Accessories","Accessoires de machines et outils",Active,Actif,"2023-02-27 22:50:03"
N3540,"[""HN""]","Wrapping and Packaging Machinery","Machines à emballer et à empaqueter",Active,Actif,"2023-02-27 22:50:03"
N3510E,"[""HN""]","Washing Machine Parts","Pièces de machine à laver",Active,Actif,"2023-02-27 22:50:03"
N3510M,"[""HN""]","Washer-Extractor, Commercial","Laveuse-essoreuse, commerciale",Active,Actif,"2023-02-27 22:50:03"
N3620,"[""HN""]","Rubber and Plastics Working Machinery","Machines pour le travail du caoutchouc et des matières plastiques",Active,Actif,"2023-02-27 22:50:03"
N3625,"[""HN""]","Textile Industries Machinery","Machines des industries textiles",Active,Actif,"2023-02-27 22:50:03"
N3630,"[""HN""]","Clay and Concrete Products Industries Machinery","Machines des industries de l'argile et du béton",Active,Actif,"2023-02-27 22:50:03"
N3635,"[""HN""]","Crystal and Glass Industries Machinery","Machines des industries du verre et du cristal",Active,Actif,"2023-02-27 22:50:03"
N3611,"[""HN""]","Industrial Marking Machines","Machines industrielles de marquage",Active,Actif,"2023-02-27 22:50:03"
N3615,"[""HN""]","Pulp and Paper Industries Machinery","Machines des industries des pâtes et papiers",Active,Actif,"2023-02-27 22:50:03"
N3615C,"[""HN""]","Shredder, Security, SEAC Type II (Top Secret)","Déchiqueteur de papier, sécurité, CCMC Type II (très secret)",Active,Actif,"2023-02-27 22:50:03"
N3615F,"[""HN""]","Shredder, Commercial, Large Capacity","Déchiqueteur de papier, commercial, grande capacité",Active,Actif,"2023-02-27 22:50:03"
N3670,"[""HN""]","Specialized Semiconductor, Micro-Circuit and Printed Circuit Board Manufacturing Machinery","Machines spéciales pour la fabrication de semi-conducteurs, de microcircuits et de plaques de circuits imprimés",Active,Actif,"2023-02-27 22:50:03"
N3680,"[""HN""]","Foundry Machinery, Related Equipment and Supplies","Machines de fonderie, équipements et approvisionnements connexes",Active,Actif,"2023-02-27 22:50:03"
N3685,"[""HN""]","Specialized Metal Container Manufacturing Machinery and Related Equipment","Machines spéciales pour la fabrication des conteneurs métalliques et équipements connexes",Active,Actif,"2023-02-27 22:50:03"
N3640,"[""HN""]","Tobacco Manufacturing Machinery","Machines à manufacturer les tabacs",Active,Actif,"2023-02-27 22:50:03"
N3645,"[""HN""]","Leather Tanning and Leather Working Industrial Machinery","Machines des industries du tannage et du travail des cuirs",Active,Actif,"2023-02-27 22:50:03"
N3650,"[""HN""]","Chemical and Pharmaceutical Products Manufacturing Machinery","Machines à manufacturer les produits chimiques et pharmaceutiques",Active,Actif,"2023-02-27 22:50:03"
N3650A,"[""HN""]","Chemical Processing Equipment","Équipement des traitements pour produits chimiques",Active,Actif,"2023-02-27 22:50:03"
N3655,"[""HN""]","Gas Generating and Dispensing Systems, Fixed or Mobile","Systèmes générateurs et distributeurs de gaz, fixes ou mobiles",Active,Actif,"2023-02-27 22:50:03"
N3660A,"[""HN""]","Mixers, Industrial","Malaxeurs industriels",Active,Actif,"2023-02-27 22:50:03"
N3660C,"[""HN""]","Shredders, Chippers and Pulverisers","Déchiqueteurs, burins et pulvériseurs",Active,Actif,"2023-02-27 22:50:03"
N3693,"[""HN""]","Industrial Assembly Machines","Machines industrielles d'assemblage",Active,Actif,"2023-02-27 22:50:03"
N3694,"[""HN""]","Clean Work Stations, Controlled Environment and Related Equipment","Stations de travail de nettoyage à milieu ambiant et équipements connexes",Active,Actif,"2023-02-27 22:50:03"
N3695,"[""HN""]","Miscellaneous Special Industry Machinery","Machines diverses pour industries spéciales",Active,Actif,"2023-02-27 22:50:03"
N3695A,"[""HN""]","Custom Fabricating Machinery","Machines pour la fabrication hors-série",Active,Actif,"2023-02-27 22:50:03"
N4230,"[""HN""]","Decontaminating and Impregnating Equipment","Équipements d'imprégnation et de décontamination",Active,Actif,"2023-02-27 22:50:03"
N4240R,"[""HN""]","Personnel Stairway Evacuation (Chair)","Évacuation du personnel par les escaliers, chaise",Active,Actif,"2023-02-27 22:50:03"
N4235,"[""HN""]","Hazardous Material Spill Containment and Clean-up Equipment and Material","Retenue des fuites et débordements de produits dangereux et matérial de nettoyage",Active,Actif,"2023-02-27 22:50:03"
N4240LA,"[""HN""]","Hydraulic Shear","Cisailles hydrauliques",Active,Actif,"2023-02-27 22:50:03"
N5820A,"[""HN""]","Camera, Video","Caméra, vidéo",Active,Actif,"2023-02-27 22:50:03"
N5820DAK,"[""HN""]","Camera, CCTV, Underwater Application","Caméra, système de télévision à circuit fermé, application, sous-marin",Active,Actif,"2023-02-27 22:50:03"
N5820DB,"[""HN""]","Lenses, CCTV Camera","Lentilles, caméra de système de télévision à circuit fermé",Active,Actif,"2023-02-27 22:50:03"
N5820DC,"[""HN""]","Monitors, CCTV, Video","Moniteur, système de télévision à circuit fermé",Active,Actif,"2023-02-27 22:50:03"
N5820DD,"[""HN""]","Accessories, CCTV","Accessoires, télévision en circuit fermé",Active,Actif,"2023-02-27 22:50:03"
N5820C,"[""HN""]","Television Systems","Système de télévision",Active,Actif,"2023-02-27 22:50:03"
N5820CC,"[""HN""]","Television System, Program Production, Studio Package (Camera, Recorder, Video Monitors, Supports etc.)","Système de télévision, production d'émissions, ensemble studio caméra, enregistreur, moniteurs vidéo, supports, etc.",Active,Actif,"2023-02-27 22:50:03"
N5820D,"[""HN""]","Camera, CCTV, Low Light Level (LLL) Application","Équipement de télévision à circuit fermé",Active,Actif,"2023-02-27 22:50:03"
N5820DA,"[""HN""]","Camera, CCTV, Medical/Microscope Application, High Resolution","Caméra, système de télévision à circuit fermé",Active,Actif,"2023-02-27 22:50:03"
N5820DAF,"[""HN""]","Camera, CCTV, Infrared","Caméra, système de télévision à circuit fermé, infrarouge",Active,Actif,"2023-02-27 22:50:03"
N5820DF,"[""HN""]","Television Systems, CCTV","Systèmes de télévision, télévision en circuit fermé",Active,Actif,"2023-02-27 22:50:03"
N5830,"[""HN""]","Intercommunication and Public Address Systems, Except Airborne","Systèmes d'intercommunication et de sonorisation, sauf aéronefs",Active,Actif,"2023-02-27 22:50:03"
N5830C,"[""HN""]","Paging Systems","Systèmes téléavertisseurs",Active,Actif,"2023-02-27 22:50:03"
N5830D,"[""HN""]","Sound Masking Systems","Systèmes de masquage du son",Active,Actif,"2023-02-27 22:50:03"
N5830A,"[""HN""]","Intercommunication Systems","Systèmes d'intercommunication",Active,Actif,"2023-02-27 22:50:03"
N5830B,"[""HN""]","Public Address Systems","Systèmes pour diffusion en public",Active,Actif,"2023-02-27 22:50:03"
N5830Y,"[""HN""]","Intercommunication and Public Address System (Except Airborne), Components and Spares","Système d'intercommunication et diffusion en public (Sauf aéroporté) composantes et pièces de rechange",Active,Actif,"2023-02-27 22:50:03"
N5835,"[""HN""]","Sound Recording and Reproducing Equipment","Équipement d'enregistrement et de reproduction du son",Active,Actif,"2023-02-27 22:50:03"
N5835A,"[""HN""]","Sound Reinforcement Components and Systems","Enregistreur, audio, sauf bureau",Active,Actif,"2023-02-27 22:50:03"
N5835AA,"[""HN""]","Recorder, Magnetic Tape, Reel to Reel, Audio","Enregistreur, bande magnétique, bobine, audio",Active,Actif,"2023-02-27 22:50:03"
N5835AB,"[""HN""]","Audio Players and Recorders - analog and digital","Enregistreur, bande magnétique, bobine, multipiste, audio",Active,Actif,"2023-02-27 22:50:03"
N5835AC,"[""HN""]","Recorder, Magnetic Tape, Reel to Reel, Digital Recording, Audio","Enregistreur, bande magnétique, enregistrement numérique audio",Active,Actif,"2023-02-27 22:50:03"
N5835H,"[""HN""]","Audio Recording Media","Media d'enregistrement audio",Active,Actif,"2023-02-27 22:50:03"
N5835L,"[""HN""]","Mixers, Audio","Mélangeur, audio",Active,Actif,"2023-02-27 22:50:03"
N5835Y,"[""HN""]","Sound Recording and Reproducing Equipment, Components and Spares","Équipement d'enregistrement et de reproduction du son, composantes et pièces de rechange",Active,Actif,"2023-02-27 22:50:03"
N5836,"[""HN""]","Video Recording and Reproduction Equipment","Équipement d'enregistrement et de production vidéo",Active,Actif,"2023-02-27 22:50:03"
N5835J,"[""HN""]","Sound Recording Accessories","Accessoires d'enregistrement du son",Active,Actif,"2023-02-27 22:50:03"
N5836B,"[""HN""]","Video Recorder/Player","Enregistreur, lecture, vidéo",Active,Actif,"2023-02-27 22:50:03"
N5836A,"[""HN""]",Camera-Recorder,Caméra-enregistreuse,Active,Actif,"2023-02-27 22:50:03"
N5836AA,"[""HN""]","Camera-Recorder, Broadcast, 1/2 in. Tape, Colour","Caméra-enregistreuse, pour diffusion, ruban 1/2 po, couleur, vidéo",Active,Actif,"2023-02-27 22:50:03"
N5836AB,"[""HN""]","Camera-Recorder, Broadcast, 1/2 in. Tape, Digital, Colour","Caméra-enregistreuse, pour diffusion, ruban 1/2 po, numérique, couleur, vidéo",Active,Actif,"2023-02-27 22:50:03"
N5836D,"[""HN""]","Lenses, Video Camera","Lentilles, caméra vidéo",Active,Actif,"2023-02-27 22:50:03"
N5836DA,"[""HN""]","Lenses, Video Camera, Broadcast","Lentilles, caméra vidéo, diffusion",Active,Actif,"2023-02-27 22:50:03"
N5836C,"[""HN""]","Video Recording Media","Media d'enregistrement, vidéo",Active,Actif,"2023-02-27 22:50:03"
N5836HE,"[""HN""]","Colour Encoder/Decorder, Video","Encodeur, décodeur de couleur, vidéo",Active,Actif,"2023-02-27 22:50:03"
N5836DB,"[""HN""]","Lenses, Video Camera, Special","Lentilles, caméra vidéo, spécial",Active,Actif,"2023-02-27 22:50:03"
N5836E,"[""HN""]","Switchers, Video","Commutateurs, vidéo",Active,Actif,"2023-02-27 22:50:03"
N5836Y,"[""HN""]","Video Recording and Reproducing, Components and Spares","Enregistreur et lecteur vidéo, composants et pièces de rechange",Active,Actif,"2023-02-27 22:50:03"
N5915,"[""HN""]","Filter and Networks","Filtres et réseaux",Active,Actif,"2023-02-27 22:50:03"
N5920,"[""HN""]","Fuses, Arresters, Absorbers, and Protectors","Coupe-circuits à fusibles et parafoudres",Active,Actif,"2023-02-27 22:50:03"
N5925,"[""HN""]","Circuit Breakers",Disjoncteurs,Active,Actif,"2023-02-27 22:50:03"
N5930,"[""HN""]",Switches,"Contacteurs, commutateurs",Active,Actif,"2023-02-27 22:50:03"
N5905,"[""HN""]",Resistors,Résistances,Active,Actif,"2023-02-27 22:50:03"
N5910,"[""HN""]",Capacitors,Condensateurs,Active,Actif,"2023-02-27 22:50:03"
N5940,"[""HN""]","Lugs, Terminals and Terminal Strips","Cosses, bornes et barrettes de raccordement",Active,Actif,"2023-02-27 22:50:03"
N5945,"[""HN""]","Relays and Solenoids","Relais et solénoïdes",Active,Actif,"2023-02-27 22:50:03"
N5935,"[""HN""]","Connectors, Electrical","Connecteurs électriques",Active,Actif,"2023-02-27 22:50:03"
N5935100,"[""HN""]","Connectors, Electrical, Military","Connecteurs électriques, militaires",Active,Actif,"2023-02-27 22:50:03"
N5935150,"[""HN""]","Connectors, Electrical, Commercial","Connecteurs électriques, commerciaux",Active,Actif,"2023-02-27 22:50:03"
N5950,"[""HN""]","Coils and Transformers","Bobines d'auto-induction et transformateurs",Active,Actif,"2023-02-27 22:50:03"
N5955,"[""HN""]","Oscillators and Piezoelectric Crystals","Oscillateurs et Cristaux piézoélectriques",Active,Actif,"2023-02-27 22:50:03"
N5960,"[""HN""]","Electron Tubes and Associated Hardware","Tubes électroniques et matériel connexe",Active,Actif,"2023-02-27 22:50:03"
N5961,"[""HN""]","Semiconductor Devices and Associated Hardware","Dispositifs à semi-conducteurs matériel connexe",Active,Actif,"2023-02-27 22:50:03"
N5960CG,"[""HN""]","Electron Tubes, Cathode Ray, Avionics","Tubes électroniques, aéronautiques à rayons cathodiques",Active,Actif,"2023-02-27 22:50:03"
N5963,"[""HN""]","Electronic Modules","Modules électroniques",Active,Actif,"2023-02-27 22:50:03"
N5965,"[""HN""]","Headsets, Handsets, Microphones and Speakers","Casques d'écoute, combinés, microphones et haut-parleurs",Active,Actif,"2023-02-27 22:50:03"
N5962,"[""HN""]","Microcircuits, Electronic","Microstructures, électroniques",Active,Actif,"2023-02-27 22:50:03"
N5977,"[""HN""]","Electrical Contact Brushes and Electrodes","Balais électriques et électrodes",Active,Actif,"2023-02-27 22:50:03"
N5980,"[""HN""]","Optoelectronic Devices and Associated Hardware","Appareils optoélectroniques et matériel connexe",Active,Actif,"2023-02-27 22:50:03"
N5985,"[""HN""]","Antennas, Waveguides and Related Equipment","Antennes, guides d'ondes et équipement connexe",Active,Actif,"2023-02-27 22:50:03"
N5985020,"[""HN""]","Antenna, Systems - LF","Systèmes d'antennes, LF",Active,Actif,"2023-02-27 22:50:03"
N5970,"[""HN""]","Electrical Insulators and Insulating Materials","Isolateurs électriques et matières isolantes",Active,Actif,"2023-02-27 22:50:03"
N5975,"[""HN""]","Electrical Hardware and Supplies","Quincaillerie et fournitures électriques",Active,Actif,"2023-02-27 22:50:03"
N5999250,"[""HN""]","Components, Electrical, N.E.S.","Composants électriques, N.E.A.",Active,Actif,"2023-02-27 22:50:03"
N5999A,"[""HN""]","Electronic Instruments and Recorders","Instruments et enregistreurs électroniques",Active,Actif,"2023-02-27 22:50:03"
N5999B,"[""HN""]","Electronic Specialties","Spécialités électroniques",Active,Actif,"2023-02-27 22:50:03"
N5990,"[""HN""]","Synchros and Resolvers","Synchros et résolveurs",Active,Actif,"2023-02-27 22:50:03"
N5995,"[""HN""]","Cable, Cord, and Wire Assemblies, Communication Equipment","Câbles, cordons et fils électriques équipés, équipement de télécommunication",Active,Actif,"2023-02-27 22:50:03"
N5998,"[""HN""]","Electrical and Electronic Assemblies, Boards, Cards and Associated Hardware","Panneaux d'assemblages électriques et électroniques, cartes et matériel connexe",Active,Actif,"2023-02-27 22:50:03"
N5999,"[""HN""]","Miscellaneous Electrical and Electronic Components","Composants électriques et électroniques divers",Active,Actif,"2023-02-27 22:50:03"
N6030,"[""HN""]","Fiber Optic Devices","Dispositifs en fibres optiques",Active,Actif,"2023-02-27 22:50:03"
N6032,"[""HN""]","Fiber Optic Light Sources","Sources lumineuses pour fibres optiques",Active,Actif,"2023-02-27 22:50:03"
N6035,"[""HN""]","Fiber Optic Light Transfer and Image Transfer Devices","Dispositifs de transmission de la lumière et de l'image en fibres optiques",Active,Actif,"2023-02-27 22:50:03"
N6040,"[""HN""]","Fiber Optic Sensors","Capteurs pour fibres optiques",Active,Actif,"2023-02-27 22:50:03"
N6010,"[""HN""]","Fiber Optic Conductors","Conducteurs en fibre optiques",Active,Actif,"2023-02-27 22:50:03"
N6015,"[""HN""]","Fiber Optic Cables","Câbles optiques en fibre",Active,Actif,"2023-02-27 22:50:03"
N6020,"[""HN""]","Fiber Optic Cable Assemblies and Harnesses","Assemblages et faisceaux de câbles en fibres optiques",Active,Actif,"2023-02-27 22:50:03"
N6021,"[""HN""]","Fiber Optic Switches","Commutateurs pour fibres optiques",Active,Actif,"2023-02-27 22:50:03"
N6105200,"[""HN""]","Motors, Electrical, General Purpose AC","Moteurs électriques, tout usage, courant alternatif",Active,Actif,"2023-02-27 22:50:03"
N6060,"[""HN""]","Fiber Optic Interconnectors","Interconnecteurs et fournitures pour fibres optiques",Active,Actif,"2023-02-27 22:50:03"
N6070,"[""HN""]","Fiber Optic Accessories and Supplies","Accessoires et fournitures pour fibres optiques",Active,Actif,"2023-02-27 22:50:03"
N6080,"[""HN""]","Fiber Optic Kits and Sets","Lots et jeux pour fibres optiques",Active,Actif,"2023-02-27 22:50:03"
N6099,"[""HN""]","Miscellaneous Fiber Optic Components","Composants divers pour fibres optiques",Active,Actif,"2023-02-27 22:50:03"
N6100,"[""HN""]","Electric Wire, and Power and Distribution Equipment","Fils électriques et équipements générateurs et distributeurs d'énergie",Active,Actif,"2023-02-27 22:50:03"
N6105,"[""HN""]","Motors, Electrical","Moteurs électriques",Active,Actif,"2023-02-27 22:50:03"
N6115,"[""HN""]","Generators and Generator Sets, Electrical","Génératrices électriques et groupes électrogènes",Active,Actif,"2023-02-27 22:50:03"
N6115312,"[""HN""]","Generator Set, Diesel, Under 100KW, Except Aerospace, Marine and Armament","Groupe électrogène, diesel, moins de 100 kW, sauf aérospatial, marine et armement",Active,Actif,"2023-02-27 22:50:03"
N6110,"[""HN""]","Electrical Control Equipment","Équipement électrique de commande",Active,Actif,"2023-02-27 22:50:03"
N6110100,"[""HN""]","Circuit Breakers",Disjoncteurs,Active,Actif,"2023-02-27 22:50:03"
N6115F,"[""HN""]","Generators,Electrical","Générateurs, électriques",Active,Actif,"2023-02-27 22:50:03"
N6116,"[""HN""]","Fuel Cell Power Units, Components, and Accessories","Piles à combustible, composants et accessoires",Active,Actif,"2023-02-27 22:50:03"
N6117,"[""HN""]","Solar Electric Power Systems","Alimentation électrique solaire",Active,Actif,"2023-02-27 22:50:03"
N6120100,"[""HN""]","Transformers, Electrical, over 1KVA","Transformateurs électriques, plus de 1 KVA",Active,Actif,"2023-02-27 22:50:03"
N6115B,"[""HN""]","Generator Set, Diesel Engine","Groupe électrogène, moteur diesel",Active,Actif,"2023-02-27 22:50:03"
N6115C,"[""HN""]","Generator Set, Gasoline Engine","Groupe électrogène, moteur à essence",Active,Actif,"2023-02-27 22:50:03"
N6125,"[""HN""]","Converters, Electrical, Rotating","Convertisseurs électriques, tournants",Active,Actif,"2023-02-27 22:50:03"
N6130,"[""HN""]","Converters, Electrical, Nonrotating","Convertisseurs électriques, statiques",Active,Actif,"2023-02-27 22:50:03"
N6135,"[""HN""]","Batteries, Primary","Éléments de piles",Active,Actif,"2023-02-27 22:50:03"
N6135250,"[""HN""]","Batteries, Dry, Alkaline","Piles sèches, alcalines",Active,Actif,"2023-02-27 22:50:03"
N6135450,"[""HN""]","Batteries, Dry, Lithium","Piles sèches, lithium",Active,Actif,"2023-02-27 22:50:03"
N6140,"[""HN""]","Batteries, Rechargeable","Piles rechargeables",Active,Actif,"2023-02-27 22:50:03"
N6150,"[""HN""]","Miscellaneous Electric Power and Distribution Equipment","Équipement varié en alimentation et distribution électriques",Active,Actif,"2023-02-27 22:50:03"
N6140650,"[""HN""]","Batteries, Forklift Truck","Piles pour chariots élévateurs",Active,Actif,"2023-02-27 22:50:03"
N6145,"[""HN""]","Wire and Cable, Electrical","Fils et câbles électriques",Active,Actif,"2023-02-27 22:50:03"
N6220,"[""HN""]","Electric Vehicular Lights and Fixtures","Dispositifs d'éclairage électrique de véhicules",Active,Actif,"2023-02-27 22:50:03"
N6230,"[""HN""]","Electric Portable and Hand Lighting Equipment","Équipements d'éclairage électrique transportables et à main",Active,Actif,"2023-02-27 22:50:03"
N6230A,"[""HN""]","Flashlights (Except Underwater Type)","Lampes portatives, sauf type sous-marines",Active,Actif,"2023-02-27 22:50:03"
N6160,"[""HN""]","Miscellaneous Battery Retaining Fixtures, Liners and Ancillary Items","Dispositifs divers de montage de batterie et garnitures",Active,Actif,"2023-02-27 22:50:03"
N6210,"[""HN""]","Indoor and Outdoor Electric Lighting Fixtures","Dispositifs d'éclairage électrique intérieur et extérieur",Active,Actif,"2023-02-27 22:50:03"
N6210A,"[""HN""]","Lighting Equipment, Emergency","Équipement d'éclairage d'urgence",Active,Actif,"2023-02-27 22:50:03"
N6210C,"[""HN""]","Lighting Equipment","Équipement d'éclairage",Active,Actif,"2023-02-27 22:50:03"
N6210CA,"[""HN""]","Lighting Equipment, Aerodrome, Including Marker Lights","Équipement d'éclairage, aérodrome, incluant feux de balisage",Active,Actif,"2023-02-27 22:50:03"
N6250,"[""HN""]","Ballasts, Lampholders, and Starters","Ballasts de lampes, douilles et starters",Active,Actif,"2023-02-27 22:50:03"
N6260,"[""HN""]","Nonelectrical Lighting Fixtures","Dispositifs d'éclairage non électriques",Active,Actif,"2023-02-27 22:50:03"
N6240,"[""HN""]","Electric Lamps","Lampes électriques",Active,Actif,"2023-02-27 22:50:03"
N6350304,"[""HN""]","Sirens, Fire, Electrical and Mechanical","Sirènes, incendie, électriques et mécaniques",Active,Actif,"2023-02-27 22:50:03"
N6350A,"[""HN""]","Bells, Buoy, Navigation Marker, Marine","Cloches, bouée, marqueur de navigation, marines",Active,Actif,"2023-02-27 22:50:03"
N6350B,"[""HN""]","Bells, Ship (Non Electric)","Cloches, navire, non électriques",Active,Actif,"2023-02-27 22:50:03"
N6310,"[""HN""]","Traffic and Transit Signal Systems","Systèmes de signalisation pour la circulation et le transit",Active,Actif,"2023-02-27 22:50:03"
N6330,"[""HN""]","Railroad Signal and Warning Devices","Signalisation de voies ferrées dispositifs avertisseurs",Active,Actif,"2023-02-27 22:50:03"
N6625,"[""HN""]","Electrical and Electronic Properties Measuring and Testing Instruments","Instruments de mesure et d'essai de propriétés électriques et électroniques",Active,Actif,"2023-02-27 22:50:03"
N6625B,"[""HN""]","ANALYZERS, ELECTRONIC TEST EQUIPMENT (SEE ALSO TEST SETS, ELECTRONIC TEST EQUIPMENT)","Analyseurs, équipement d'essai électronique, voir aussi trousses d'essai, équipement d'essai électronique",Active,Actif,"2023-02-27 22:50:03"
N6625A,"[""HN""]","AMPLIFIERS AND PREAMPLIFIERS, TEST","Amplificateurs et préamplificateurs, essai",Active,Actif,"2023-02-27 22:50:03"
N6625AA,"[""HN""]","AMPLIFIERS, TEST","Amplificateurs, essai",Active,Actif,"2023-02-27 22:50:03"
N6625BV,"[""HN""]","ANALYZERS, SPECTRUM","Analyseurs, de spectres",Active,Actif,"2023-02-27 22:50:03"
N6625C,"[""HN""]","ATTENUATORS, TEST","Atténuateurs, essai",Active,Actif,"2023-02-27 22:50:03"
N6625F,"[""HN""]","COMPARATORS, TEST","Comparateurs, essai",Active,Actif,"2023-02-27 22:50:03"
N6625E,"[""HN""]","CALIBRATORS, ELECTRONIC TEST EQUIPMENT","Calibreurs, équipement d'essai électronique",Active,Actif,"2023-02-27 22:50:03"
N6625K,"[""HN""]","INDICATORS AND DETECTORS, ELECTRONIC TEST EQUIPMENT","Indicateurs et détecteurs, équipement d'essai électronique",Active,Actif,"2023-02-27 22:50:03"
N6625G,"[""HN""]","COUNTERS, ELECTRONIC TEST EQUIPMENT","Compteurs, équipement d'essai électronique",Active,Actif,"2023-02-27 22:50:03"
N6625H,"[""HN""]","GENERATORS, ELECTRONIC TEST EQUIPMENT (SEE ALSO OSCILLATORS, ELECTRONIC TEST EQUIPMENT)","Générateurs, équipements d'essai électronique, voir aussi oscillateurs, équipement d'essai électronique",Active,Actif,"2023-02-27 22:50:03"
N6625L,"[""HN""]","LOADS, ELECTRONIC TEST EQUIPMENT","Charges, équipement d'essai électronique",Active,Actif,"2023-02-27 22:50:03"
N6625M,"[""HN""]","METERS, ELECTRONIC TEST EQUIPMENT","Instruments de mesure, équipement d'essai électronique",Active,Actif,"2023-02-27 22:50:03"
N6625MES,"[""HN""]","METERS, RADIATION","Instruments de mesure, radiamètre",Active,Actif,"2023-02-27 22:50:03"
N6625MDA,"[""HN""]","METERS, AUDIO",Sonomètres,Active,Actif,"2023-02-27 22:50:03"
N6625N,"[""HN""]","MODULATORS AND DEMODULATORS, TEST","Modulateurs et démodulateurs, essai",Active,Actif,"2023-02-27 22:50:03"
N6625P,"[""HN""]","OSCILLATORS, ELECTRONIC TEST EQUIPMENT (SEE ALSO GENERATORS, ELECTRONIC TEST EQUIPMENT)","Oscillateurs, équipement d'essai électronique, voir aussi, générateurs, équipement d'essai électronique",Active,Actif,"2023-02-27 22:50:03"
N6625S,"[""HN""]","POWER SUPPLIES, ELECTRICAL TEST EQUIPMENT","Alimentation, équipement d'essai électrique",Active,Actif,"2023-02-27 22:50:03"
N6625R,"[""HN""]","OSCILLOSCOPES AND ACCESSORIES","Oscilloscopes et accessoires",Active,Actif,"2023-02-27 22:50:03"
N6625RB,"[""HN""]","OSCILLOSCOPES, BANDWIDTH GREATER THAN 100 MH Z","Oscilloscopes, largeur de bande plus de 100 mHz",Active,Actif,"2023-02-27 22:50:03"
N6625RC,"[""HN""]","OSCILLOSCOPES, 50 MH Z, 4 CHANNEL","Oscilloscopes, 50 mHz, canaux",Active,Actif,"2023-02-27 22:50:03"
N6625V,"[""HN""]","STANDARDS, ELECTRICAL","Étalons, électriques",Active,Actif,"2023-02-27 22:50:03"
N6625W,"[""HN""]","TEST SETS, ELECTRONIC TEST EQUIPMENT (SEE ALSO ANALYZERS, ELECTRONIC TEST EQUIPMENT)","Trousses d'essais, équipement d'essai électronique, voir aussi analyseurs, équipement d'essai électronique",Active,Actif,"2023-02-27 22:50:03"
N6625T,"[""HN""]","PROBES, ELECTRONIC TEST EQUIPMENT (EXCEPT OSCILLOSCOPE)","Sondes, équipement d'essai électronique, sauf oscilloscope",Active,Actif,"2023-02-27 22:50:03"
N6625U,"[""HN""]","RECORDERS AND PLOTTERS, ELECTRONIC TEST EQUIPMENT","Enregistreurs et traceurs, équipement d'essai électronique",Active,Actif,"2023-02-27 22:50:03"
N6625Y,"[""HN""]","WAVEGUIDE AND COAXIAL TEST COMPONENTS AND ACCESSORIES","Accessoires et composants d'essai coaxial et guide d'ondes",Active,Actif,"2023-02-27 22:50:03"
N6625WU,"[""HN""]","DATA LOGGERS","Emmagasinages des données d'essais",Active,Actif,"2023-02-27 22:50:03"
N6625ZAS,"[""HN""]","SCANNER, TEST","Analyseur, essai",Active,Actif,"2023-02-27 22:50:03"
N6625YU,"[""HN""]","WAVEGUIDE, WINDOWS, TEST","Filtres de guide d'ondes, essai",Active,Actif,"2023-02-27 22:50:03"
N6625Z,"[""HN""]","ELECTRONIC TEST EQUIPMENT, N.E.S. AND COMPONENTS AND ACCESSORIES","Équipement d'essai électronique et composants et accessoires",Active,Actif,"2023-02-27 22:50:03"
N6625ZCA,"[""HN""]","CURRENT TRACERS, LOGIC","Traceur de courant, logique",Active,Actif,"2023-02-27 22:50:03"
N7125D,"[""HN""]","LOCKER, BOX, PERSONAL EQUIPMENT","Armoire, boîte, individuelle",Active,Actif,"2023-02-27 22:50:03"
N7125,"[""HN""]","Cabinets, Lockers, Bins and Shelving","Meubles, armoires, armoires de sécurité et rayonnage",Active,Actif,"2023-02-27 22:50:03"
N7125MA,"[""HN""]","CABINETS, SECURITY, FLAMMABLE AND COMBUSTIBLE LIQUIDS","Armoires, de sûreté, liquides inflammables et combustibles",Active,Actif,"2023-02-27 22:50:03"
N7125MB,"[""HN""]","CABINETS, SECURITY, BULK STORAGE, SPEC SSC/SES 110,DSS QPL","Armoires, de sûreté, rangement en gros, SPEC SSC/SES 110, MAS LPH",Active,Actif,"2023-02-27 22:50:03"
N7125H,"[""HN""]","RACK, STORAGE","Rayon de stockage",Active,Actif,"2023-02-27 22:50:03"
N7125HA,"[""HN""]","RACK, STORAGE, LOADED PALLET, STEEL","Rayonnage à palettes, chargées, en acier",Active,Actif,"2023-02-27 22:50:03"
N7125HC,"[""HN""]","RACK, STORAGE, METAL","Rayon de stockage, en métal",Active,Actif,"2023-02-27 22:50:03"
N7195L,"[""HN""]","TABLE, WORK","Table de travail",Active,Actif,"2023-02-27 22:50:03"
N7195LA,"[""HN""]","TABLE, WORK, BENCH TYPE, METAL","Table de travail, type banc, métal",Active,Actif,"2023-02-27 22:50:03"
N7195TA,"[""HN""]","QUEUING SYSTEMS","Systèmes de files d'attente",Active,Actif,"2023-02-27 22:50:03"
N7240,"[""HN""]","Household and Commercial Utility Containers","Récipients utilitaires domestiques et commerciaux",Active,Actif,"2023-02-27 22:50:03"
N7290J,"[""HN""]","MISCELLANEOUS HOUSEHOLD AND COMMERCIAL APPLIANCES","Appareils domestiques et industriels de types divers",Active,Actif,"2023-02-27 22:50:03"
N7240F,"[""HN""]","WASTE RECEPTACLES",Poubelles,Active,Actif,"2023-02-27 22:50:03"
N7290,"[""HN""]","Household and Commercial Furnishings and Appliances, Miscellaneous","Mobiliers et accessoires divers d'ameublement domestique et commercial",Active,Actif,"2023-02-27 22:50:03"
N7460,"[""HN""]","Visible Record Equipment","Fichiers à classement visible-composants et accessoires",Active,Actif,"2023-02-27 22:50:03"
N7730,"[""HN""]","Phonographs, Radios and Televison Sets, Home Type","Phonographes, postes de radio et de télévision familiaux",Active,Actif,"2023-02-27 22:50:03"
N7740,"[""HN""]","Phonograph Records","Disques et enregistrements sur bandes",Active,Actif,"2023-02-27 22:50:03"
N7700,"[""HN""]","Musical Instruments, Phonographs and Home-Type Radios","Instruments de musique, phonographes et postes de radio familiaux",Active,Actif,"2023-02-27 22:50:03"
N7735,"[""HN""]","Parts and Accessories of Phonographs, Radio, and Television Sets: Home Type","Pièces et accessoires de phonographes, postes radio et de téléviseurs: type résidentiel",Active,Actif,"2023-02-27 22:50:03"
N6120,"[""HN""]","Transformers: Distribution and Power Station","Transformateurs: station d'alimentation et de distribution",Active,Actif,"2023-02-27 22:50:03"
N3660,"[""HN""]","Industrial Size Reduction Machinery","Machines industrielles à réduction",Active,Actif,"2023-02-27 22:50:03"
N8460R,"[""HN""]","Case, Attaché (security only)","Mallette, sécurité seulement",Active,Actif,"2023-02-27 22:50:03"
R117AA,"[""HN""]","Shredding Service, Mobile, (Advisory Committee on Physical Security (ACOPS) Approved","Service de déchiquetage, mobile, approuvé par le comité consultif sur la sécurité matérielle CCSM)",Active,Actif,"2023-02-27 22:50:03"
WL3405,"[""HN""]","SAWS AND FILING MACHINES - LEASING","Scies et machines à limer - location à bail",Active,Actif,"2023-02-27 22:50:03"
WL3431,"[""HN""]","ELECTRIC ARC WELDING EQUIPMENT - LEASING","Équipements de soudage à l'arc électrique - location à bail",Active,Actif,"2023-02-27 22:50:03"
WL3438,"[""HN""]","WELDING EQUIPMENT, MISCELLANEOUS - LEASING","Équipements divers de soudage - location à bail",Active,Actif,"2023-02-27 22:50:03"
WL3439,"[""HN""]","WELDING, SOLDERING AND BRAZING SUPPLIES AND ACCESSORIES, MISCELLANEOUS - LEASING","Fournitures et accessoires divers pour soudage et brassage - location à bail",Active,Actif,"2023-02-27 22:50:03"
WL3445,"[""HN""]","PUNCHING AND SHEARING MACHINES - LEASING","Machines à poinçonner et à cisailler - location à bail",Active,Actif,"2023-02-27 22:50:03"
WL3510,"[""HN""]","LAUNDRY AND DRY CLEANING EQUIPMENT - LEASING","Équipement de blanchissage et de nettoyage à sec - location à bail",Active,Actif,"2023-02-27 22:50:03"
WL5830,"[""HN""]","INTERCOMMUNICATION AND PUBLIC ADDRESS SYSTEMS, EXCEPT AIRBORNE - LEASING","Systèmes d'intercommunication et de sonorisation, sauf aéronefs - location à bail",Active,Actif,"2023-02-27 22:50:03"
WL5835,"[""HN""]","SOUND RECORDING AND REPRODUCING EQUIPMENT - LEASE","Équipement d'enregistrement et de reproduction du son - location à bail",Active,Actif,"2023-02-27 22:50:03"
WL5836,"[""HN""]","VIDEO RECORDING AND REPRODUCING EQUIPMENT - LEASING","Équipement d'enregistrement et de production vidéo - location à bail",Active,Actif,"2023-02-27 22:50:03"
WL5985,"[""HN""]","ANTENNAS, WAVEGUIDES AND RELATED EQUIPMENT - LEASING","Antennes, guides d'ondes et équipement connexe - location à bail",Active,Actif,"2023-02-27 22:50:03"
WL5999,"[""HN""]","MISCELLANEOUS ELECTRICAL AND ELECTRONIC COMPONENTS - LEASING","Composants électriques et électroniques divers - location à bail",Active,Actif,"2023-02-27 22:50:03"
WL3660,"[""HN""]","INDUSTRIAL SIZE REDUCTION MACHINERY - LEASING","Machines industrielles à réduction - location à bail",Active,Actif,"2023-02-27 22:50:03"
WL6105,"[""HN""]","MOTORS, ELECTRICAL - LEASING","Moteurs électriques - location à bail",Active,Actif,"2023-02-27 22:50:03"
WL6310,"[""HN""]","TRAFFIC AND TRANSIT SIGNAL SYSTEMS - LEASING","Systèmes de signalisation pour la circulation et le transit - location à bail",Active,Actif,"2023-02-27 22:50:03"
WL6625,"[""HN""]","ELECTRICAL AND ELECTRONIC PROPERTIES MEASURING AND TESTING INSTRUMENTS - LEASING","Instruments électriques et électroniques de mesure et d'essai de propriétés - location à bail",Active,Actif,"2023-02-27 22:50:03"
WL7240,"[""HN""]","HOUSEHOLD AND COMMERCIAL UTILITY CONTAINERS - LEASING","Récipients utilitaires domestiques et commerciaux - location à bail",Active,Actif,"2023-02-27 22:50:03"
WL7290,"[""HN""]","HOUSEHOLD AND COMMERCIAL FURNISHINGS AND APPLIANCES, MISCELLANEOUS - LEASING","Mobiliers et accessoires divers d'ameublement domestique et commercial - location à bail",Active,Actif,"2023-02-27 22:50:03"
WR3210,"[""HN""]","SAWMILL AND PLANING MILL MACHINERY - RENTAL","Équipements de scieries - location",Active,Actif,"2023-02-27 22:50:03"
WR3230,"[""HN""]","TOOLS AND ATTACHMENTS FOR WOODWORKING MACHINERY - RENTAL","Outils et accessoires pour machines à travailler le bois - location",Active,Actif,"2023-02-27 22:50:03"
WR3419,"[""HN""]","MACHINE TOOLS, MISCELLANEOUS - RENTAL","Machine et outils divers - location",Active,Actif,"2023-02-27 22:50:03"
WR3431,"[""HN""]","ELECTRIC ARC WELDING EQUIPMENT - RENTAL","Équipement de soudage à l'arc électrique - location",Active,Actif,"2023-02-27 22:50:03"
WR3630,"[""HN""]","CLAY AND CONCRETE PRODUCTS INDUSTRIES MACHINERY - RENTAL","Machines des industries de l'argile et du béton - location",Active,Actif,"2023-02-27 22:50:03"
WR3695,"[""HN""]","MISCELLANEOUS SPECIAL INDUSTRY MACHINERY - RENTAL","Machines diverses pour industries spéciales - location",Active,Actif,"2023-02-27 22:50:03"
WR3433,"[""HN""]","GAS WELDING, HEAT CUTTING, AND METALIZING EQUIPMENT - RENTAL","Équipements de soudage au gaz, de coupage à chaud et de métallisation - location",Active,Actif,"2023-02-27 22:50:03"
WR3438,"[""HN""]","WELDING EQUIPMENT, MISCELLANEOUS - RENTAL","Équipements divers de soudage - location",Active,Actif,"2023-02-27 22:50:03"
WR3439,"[""HN""]","WELDING, SOLDERING AND BRAZING SUPPLIES AND ACCESSORIES, MISCELLANEOUS - RENTAL","Fournitures et accessoires divers pour soudage et brassage - location",Active,Actif,"2023-02-27 22:50:03"
WR3510,"[""HN""]","LAUNDRY AND DRY CLEANING EQUIPMENT - RENTAL","Équipement de blanchissage et de nettoyage à sec - location",Active,Actif,"2023-02-27 22:50:03"
WR3611,"[""HN""]","INDUSTRIAL MARKING MACHINES - RENTAL","Machines industrielles de marquage - location",Active,Actif,"2023-02-27 22:50:03"
WR3615,"[""HN""]","PULP AND PAPER INDUSTRIES MACHINERY - RENTAL","Machines des industries des pâtes et papiers - location",Active,Actif,"2023-02-27 22:50:03"
WR3620,"[""HN""]","RUBBER AND PLASTICS WORKING MACHINERY - RENTAL","Machines pour le travail du caoutchouc et des matières plastiques - location",Active,Actif,"2023-02-27 22:50:03"
WR3625,"[""HN""]","TEXTILE INDUSTRIES MACHINERY - RENTAL","Machines des industries textiles - location",Active,Actif,"2023-02-27 22:50:03"
WR5835,"[""HN""]","SOUND RECORDING AND REPRODUCING EQUIPMENT - RENTAL","Équipement d'enregistrement et de reproduction du son - location",Active,Actif,"2023-02-27 22:50:03"
WR5836,"[""HN""]","VIDEO RECORDING AND REPRODUCING EQUIPMENT - RENTAL","Équipement d'enregistrement et de production vidéo - location",Active,Actif,"2023-02-27 22:50:03"
WR5930,"[""HN""]","SWITCHES - RENTAL","Contacteurs, commutateurs - location",Active,Actif,"2023-02-27 22:50:03"
WR5975,"[""HN""]","ELECTRICAL HARDWARE AND SUPPLIES - RENTAL","Quincaillerie et fournitures électriques - location",Active,Actif,"2023-02-27 22:50:03"
WR5985,"[""HN""]","ANTENNAS, WAVEGUIDES AND RELATED EQUIPMENT - RENTAL","Antennes, guides d'ondes et équipement connexe - location",Active,Actif,"2023-02-27 22:50:03"
WR5995,"[""HN""]","CABLE, CORD, AND WIRE ASSEMBLIES, COMMUNICATION EQUIPMENT - RENTAL","Câbles, cordons et fils électriques équipés, équipement de télécommunication - location",Active,Actif,"2023-02-27 22:50:03"
WR5830,"[""HN""]","INTERCOMMUNICATIONS AND PUBLIC ADDRESS SYSTEMS, EXCEPT AIRBORNE - RENTAL","Systèmes d'intercommunication et de diffusion, sauf aéronefs - location",Active,Actif,"2023-02-27 22:50:03"
WR6625,"[""HN""]","ELECTRICAL AND ELECTRONIC PROPERTIES MEASURING AND TESTING INSTRUMENTS - RENTAL","Instruments électriques et électroniques de mesure et d'essai de propriétés - location",Active,Actif,"2023-02-27 22:50:03"
WR5999,"[""HN""]","Miscellaneous Electrical and Electronic Components - Rental","Composants électriques et électroniques divers - location",Active,Actif,"2023-02-27 22:50:03"
WR6105,"[""HN""]","MOTORS, ELECTRICAL - RENTAL","Moteurs électriques - location",Active,Actif,"2023-02-27 22:50:03"
WR6115AA,"[""HN""]","GENERATORS, DIESEL AND GASOLINE, EXCEPT MARINE, ARMOURED FIGHTING VEHICLES AND AIRCRAFT - RENTAL","Générateurs, diesel et essence, sauf marine, véhicules de combat blindés et aéronefs - location",Active,Actif,"2023-02-27 22:50:03"
WR6120,"[""HN""]","TRANSFORMERS,DISTRIBUTION AND POWER STATION - RENTAL","Transformateurs, station d'alimentation et de distribution - location",Active,Actif,"2023-02-27 22:50:03"
WR6130,"[""HN""]","CONVERTERS, ELECTRICAL, NONROTATING - RENTAL (Uniterruptible power supply)","Convertisseurs électriques, statiques - location",Active,Actif,"2023-02-27 22:50:03"
WR6210,"[""HN""]","INDOOR AND OUTDOOR ELECTRIC LIGHTING FIXTURES - RENTAL","Dispositifs d'éclairage électrique intérieur et extérieur - location",Active,Actif,"2023-02-27 22:50:03"
WR6310,"[""HN""]","TRAFFIC AND TRANSIT SIGNAL SYSTEMS - RENTAL","Systèmes de signalisation pour la circulation et le transit - location",Active,Actif,"2023-02-27 22:50:03"
WR7290,"[""HN""]","HOUSEHOLD AND COMMERCIAL FURNISHINGS AND APPLIANCES, MISCELLANEOUS - RENTAL","Mobiliers et accessoires divers d'ameublement domestique et commercial - location",Active,Actif,"2023-02-27 22:50:03"
N4240,"[""HN""]","Safety and Rescue Equipment","Équipement de protection et de sauvetage",Active,Actif,"2023-02-27 22:50:03"
N4235D,"[""HN""]","Absorbents - Chemicals","Absorbants - produits chimiques",Active,Actif,"2023-02-27 22:50:03"
N4235F,"[""HN""]","Anti-Pollution Oil Booms","Estacade flottante antipollution",Active,Actif,"2023-02-27 22:50:03"
WL3650,"[""HN""]","CHEMICAL AND PHARMACEUTICAL PRODUCTS MANUFACTURING MACHINERY - LEASING","Machines à manufacturer les produits chimiques et pharmaceutiques - location à bail",Active,Actif,"2023-02-27 22:50:03"
H100AC,"[""HS""]","Materials Inspection and Quality Assurance, Locomotives and Railway Equipment","Inspection des matériaux et assurance de la qualité, locomotives et équipement de chemin de fer",Active,Actif,"2023-02-27 22:50:03"
JD1730,"[""HS""]","AIRCRAFT GROUND SERVICING EQUIPMENT - PRODUCTION DESIGN","Matériel de services au sol des aéronefs - dessin de production",Active,Actif,"2023-02-27 22:50:03"
JI2510,"[""HS""]","VEHICULAR CAB, BODY AND FRAME STRUCTURAL COMPONENTS - INSTALLATION","Composantes structurales de cabine, carrosserie et châssis de véhicule - installation",Active,Actif,"2023-02-27 22:50:03"
JI3740,"[""HS""]","PEST, DISEASE AND FROST CONTROL EQUIPMENT - INSTALLATION","Équipement pour combattre les fléaux, les épidémies, les gelées - installation",Active,Actif,"2023-02-27 22:50:03"
JI9905,"[""HS""]","Signs and Identification Plates - Installation","Enseignes et plaques d'identification - installation",Active,Actif,"2023-02-27 22:50:03"
JI9930,"[""HS""]","Memorials, Cemeterial and Mortiary Equipment and Suppliers - Installation","Articles funéraires - installation",Active,Actif,"2023-02-27 22:50:03"
JX1730,"[""HS""]","Aircraft Ground Servicing Equipment - Repair","Matériel de services au sol des aéronefs - réparation",Active,Actif,"2023-02-27 22:50:03"
JX1740,"[""HS""]","Airfield Specialized Trucks and Trailers - Repair","Camions et remorques spéciaux d'aérodrome - réparation",Active,Actif,"2023-02-27 22:50:03"
JX2340,"[""HS""]","Motorcycles, Motor Scooters and Bicycles - Repair","Motocyclettes, vélomoteurs et bicyclettes - réparation",Active,Actif,"2023-02-27 22:50:03"
JX2210,"[""HS""]","Locomotives - Repair","Locomotives - réparation",Active,Actif,"2023-02-27 22:50:03"
JX2240,"[""HS""]","Locomotive and Rail Car Accessories and Components - Repair","Parties constitutives des locomotives et wagons et accessoires - réparation",Active,Actif,"2023-02-27 22:50:03"
JX2240A,"[""HS""]","Locomotive Accessories and Components - Repair and Overhaul","Parties constitutives et accessoires de locomotives - réparation et révision",Active,Actif,"2023-02-27 22:50:03"
JX2250,"[""HS""]","Tract Materials, Railroad - Repair","Matériels de voies ferrées - réparation",Active,Actif,"2023-02-27 22:50:03"
JX2530B,"[""HS""]","Vehicular, Brake, Steering, Axle, Wheel and Tracked Components, for Tracked and Wheeled Vehicles, Military Configuration - Repair and Overhaul","Composants de frein, de direction, d'essieu, de roue et de chenille de véhicule, pour véhicules à roues et à chenilles, modèle militaire - réparation et révision",Active,Actif,"2023-02-27 22:50:03"
JX2530BC,"[""HS""]","Alignments, Wheel Balancing","Parallélisme et équilibrage des roues",Active,Actif,"2023-02-27 22:50:03"
JX2610,"[""HS""]","Tires and Tubes, Pneumatic, except Aircraft - Repair","Pneumatiques et chambres à air, sauf pour aéronef - réparation",Active,Actif,"2023-02-27 22:50:03"
JX2610A,"[""HS""]","Tires and Tubes, Pneumatic, except Aircraft - Repair and Retreading","Pneumatiques et chambres à air, sauf pour aéronef - réparation et rechapage",Active,Actif,"2023-02-27 22:50:03"
JX2620,"[""HS""]","Tires and Tubes, Pneumatic, Aircraft - Repair","Pneumatiques et chambres à air d'aéronefs - réparation",Active,Actif,"2023-02-27 22:50:03"
JX2620B,"[""HS""]","Tires, Pneumatic, Aircraft, Certification","Pneumatiques et chambres à air d'aéronefs, certifiés",Active,Actif,"2023-02-27 22:50:03"
JX2640,"[""HS""]","Tire Rebuilding and Tire and Tube Repair Materials - Repair","Produits de rechapage et de réparation des pneumatiques et chambre à air - réparation",Active,Actif,"2023-02-27 22:50:03"
JX2350B,"[""HS""]","Snowmobile - Repair and Overhaul","Motoneige - réparation et révision",Active,Actif,"2023-02-27 22:50:03"
JX2410,"[""HS""]","Tractors, Full-Track, Low Speed - Repair and Overhaul","Tracteurs à chenille, lents - réparation et révision",Active,Actif,"2023-02-27 22:50:03"
JX2420,"[""HS""]","Tractors Wheeled - Repair and Overhaul","Tracteurs sur roues - réparation et révision",Active,Actif,"2023-02-27 22:50:03"
JX2430,"[""HS""]","Tractors, Track Laying, High Speed - Repair","Tracteurs à chenilles, rapides - réparation",Active,Actif,"2023-02-27 22:50:03"
JX2510E,"[""HS""]","Springs, Leaf and Coil, for Tracked and Wheeled Vehicles, except Ground Effect and Armoured Fighting Vehicles - Repair and Overhaul","Ressorts, à lame et à boudin, pour véhicules à roues et à chenille, sauf les véhicules de combat blindés et à effet de sol - réparation et révision",Active,Actif,"2023-02-27 22:50:03"
JX2510G,"[""HS""]","Vehicular, Windshield Assembly - Repair and Overhaul","Ensemble de pare-brise de véhicules - réparation et révision",Active,Actif,"2023-02-27 22:50:03"
JX2510H,"[""HS""]","Vehicular Cab, Body and Frame Structural Components, Repainting and Refinishing","Cabine de véhicule, carrosserie et composants de structure du châssis - nouvelles peinture et finition",Active,Actif,"2023-02-27 22:50:03"
JX2520A,"[""HS""]","Vehicular Power Transmission Components (Standard Commercial) - Repair and Overhaul","Composants de transmission de puissance des véhicules (commerciaux et standard) - réparation et révision",Active,Actif,"2023-02-27 22:50:03"
JX2520B,"[""HS""]","Vehicular Power Transmission Components, for Tracked and Wheeled Vehicles - Repair and Overhaul","Composants de transmission de puissance des véhicules, pour véhicule à chenille et à roues - réparation et révision",Active,Actif,"2023-02-27 22:50:03"
JX2530,"[""HS""]","Vehicular Brake, Steering, Axle, Wheel and Track Components - Repair and Overhaul","Composants pour freins, direction, essieu, roues et chenille de véhicules - réparation et révision",Active,Actif,"2023-02-27 22:50:03"
JX2530A,"[""HS""]","Vehicular Brake, Steering, Axle and Wheel Components (Standard Commercial) - Repair and Overhaul","Composants de freins, de direction, d'essieux, et de roues de véhicules, standard et commerciaux - réparation et révision",Active,Actif,"2023-02-27 22:50:03"
JX2850,"[""HS""]","Gasoline Rotary Engines and Components - Repair","Moteurs rotatifs à essence et composants - réparation",Active,Actif,"2023-02-27 22:50:03"
JX2895,"[""HS""]","Miscellaneous Engines and Components - Repair","Moteurs divers et composants - réparation",Active,Actif,"2023-02-27 22:50:03"
JX2805B,"[""HS""]","Engines, Gasoline - Repair and Overhaul (except Aircraft)","Moteurs à essence - réparation et révision, sauf aéronef",Active,Actif,"2023-02-27 22:50:03"
JX2815AA,"[""HS""]","DIESEL ENGINES-REPAIR AND OVERHAUL, MODIFICATION AND MAINTENANCE(EXCEPT MARINE AND NON-SPECIFIC COMPONENTS)","Moteurs diesel - réparation et révision, modification et entretien, sauf marine et composants non-spécifiques",Active,Actif,"2023-02-27 22:50:03"
JX3030,"[""HS""]","Belting, Drive Belts, Fan Belts and Accessories - Repair","Courroies de transmissions, courroies de commande, courroies de ventilateurs et accessoires - réparation",Active,Actif,"2023-02-27 22:50:03"
JX2930,"[""HS""]","Engine Coolant System Components, Non-Aircraft - Repair and Overhaul","Composants de système de refroidissement des moteurs, sauf pour aéronefs - réparation et révision",Active,Actif,"2023-02-27 22:50:03"
JX2940,"[""HS""]","Engine Air Oil Filters, Strainers and Cleaners, Non-Aircraft - Repair","Filtres à air et à huile des moteurs, tamis et nettoyeurs, sauf pour aéronefs - réparation",Active,Actif,"2023-02-27 22:50:03"
JX2990AA,"[""HS""]","Mufflers, Exhaust, except Marine Ground Effect and Armoured Fighting Vehicles - Repair and Overhaul","Silencieux, échappement sauf pour véhicules marins, à effet de sol et de combat blindés - réparation et révision",Active,Actif,"2023-02-27 22:50:03"
JX3010A,"[""HS""]","Hydraulic Power System - Repair","Circuit de génération hydraulique - réparation",Active,Actif,"2023-02-27 22:50:03"
JX3805,"[""HS""]","Earthmoving and Excavating Equipment - Repair","Équipement de terrassement et d'excavation - réparation",Active,Actif,"2023-02-27 22:50:03"
JX3810,"[""HS""]","Cranes and Crane Shovels - Repair and Overhaul","Grues et pelles pour grue - réparation et révision",Active,Actif,"2023-02-27 22:50:03"
JX3815,"[""HS""]","Crane and Crane-Shovel Attachments - Repair","Accessoires de grues et de pelles-grues - réparation",Active,Actif,"2023-02-27 22:50:03"
JX3820,"[""HS""]","Mining, Rock Drilling, Earth Boring and Associated Equipment - Repair","Équipement de mine, de forage, de sondage et autres matériaux - réparation",Active,Actif,"2023-02-27 22:50:03"
JX3825,"[""HS""]","Road Clearing and Cleaning Equipment - Repair","Équipements pour nettoyer et dégager les routes - réparation",Active,Actif,"2023-02-27 22:50:03"
JX3825A,"[""HS""]","Sweepers and Snow Removal Equipment - Repair and Overhaul","Balayeuses et équipement pour déblayage de la neige - réparation et révision",Active,Actif,"2023-02-27 22:50:03"
JX3825B,"[""HS""]","Snowblowers, Self-Propelled - Repair and Overhaul","Souffleuses, automotrices - réparation et révision",Active,Actif,"2023-02-27 22:50:03"
JX3830,"[""HS""]","Truck and Tractor Attachments - Repair","Dispositifs annexes pour camions et tracteurs - réparation",Active,Actif,"2023-02-27 22:50:03"
JX3830A,"[""HS""]","Blades, Snowplow - Repair","Lames, chasse-neige - réparation",Active,Actif,"2023-02-27 22:50:03"
JX3895,"[""HS""]","Miscellaneous Construction Equipment - Repair","Équipement divers pour travaux de construction - réparation",Active,Actif,"2023-02-27 22:50:03"
JX3910,"[""HS""]","Conveyors - Repair and Overhaul","Convoyeur ou transporteur - réparation et révision",Active,Actif,"2023-02-27 22:50:03"
JX3920,"[""HS""]","Materials Handling Equipment/Non Self Propelled - Repair","Équipements pour la manutention à bras des matériels - réparation",Active,Actif,"2023-02-27 22:50:03"
JX3930,"[""HS""]","Warehouse Trucks and Tractors, Self-Propelled - Repair and Overhaul","Camions et tracteurs automoteurs, d'entrepôts - réparation et révision",Active,Actif,"2023-02-27 22:50:03"
JX3930A,"[""HS""]","Truck, Forklift - Repair and Overhaul","Chariot, élévateur, à fourche - réparation et révision",Active,Actif,"2023-02-27 22:50:03"
JX3940,"[""HS""]","Block, Tackle, Rigging and Slings - Repair","Poulies, palans, mécanismes de manoeuvres et élingues - réparation",Active,Actif,"2023-02-27 22:50:03"
JX3710,"[""HS""]","Soil Preparation Equipment - Repair","Équipement pour la préparation du sol - réparation",Active,Actif,"2023-02-27 22:50:03"
JX3720,"[""HS""]","Harvesting Equipment - Repair","Équipement pour moissonner - réparation",Active,Actif,"2023-02-27 22:50:03"
JX3730,"[""HS""]","Dairy, Poultry and Livestock Equipment - Repair","Équipements de laiterie, de basse-cour, et pour l'élevage du bétail - réparation",Active,Actif,"2023-02-27 22:50:03"
JX3740,"[""HS""]","Pest, Disease and Frost Control Equipment - Repair","Équipements pour combattre les fléaux, les épidémies, les gelées - réparation",Active,Actif,"2023-02-27 22:50:03"
JX3750,"[""HS""]","Gardening Implements and Tools - Repair","Instruments et outils de jardinage - réparation",Active,Actif,"2023-02-27 22:50:03"
JX3750B,"[""HS""]","Mowers, Lawn - Repair and Overhaul","Tondeuses à gazon - réparation et révision",Active,Actif,"2023-02-27 22:50:03"
JX3770,"[""HS""]","Saddlery, Harness, Whips and Related Animal Furnishings - Repair","Sellerie, harnachements, Fouets et autres équipements se rapportant aux animaux - réparation",Active,Actif,"2023-02-27 22:50:03"
JX4210A,"[""HS""]","Hydrants, Fire - Repair and Overhaul","Borne d'incendie - réparation et révision",Active,Actif,"2023-02-27 22:50:03"
JX4210C,"[""HS""]","Firefighting Equipment - Repair and Overhaul (except Marine and Armoured Fighting Vehicles)","Équipement de lutte contre l'incendie - réparation et révision (sauf marin et véhicules blindés de combat)",Active,Actif,"2023-02-27 22:50:03"
JX3950,"[""HS""]","Winches, Hoists, Cranes, and Derricks - Repair","Treuils, monte-charge, grues, tours et Derricks - réparation",Active,Actif,"2023-02-27 22:50:03"
JX3950A,"[""HS""]","Hoists - Repair and Overhaul","Monte-charges - réparation et révision",Active,Actif,"2023-02-27 22:50:03"
JX3960,"[""HS""]","Freight Elevators -repair","Monte-charge - réparation",Active,Actif,"2023-02-27 22:50:03"
JX3960A,"[""HS""]","Elevators - Repair","Elévateurs - réparation",Active,Actif,"2023-02-27 22:50:03"
JX3990,"[""HS""]","Materials Handling Equipment, Miscellaneous - Repair","Équipement général pour la manutention du matériel - réparation",Active,Actif,"2023-02-27 22:50:03"
JX4010,"[""HS""]","Chain and Wire Rope - Repair","Chaînes et câbles métalliques - réparation",Active,Actif,"2023-02-27 22:50:03"
JX4710,"[""HS""]","Pipes, Tubes, and Rigid Tubing - Repair","Conduites, tubes et tubes rigides - réparation",Active,Actif,"2023-02-27 22:50:03"
JX4720,"[""HS""]","Hose and Flexible Tubing - Repair","Tubes et tuyaux flexibles - réparation",Active,Actif,"2023-02-27 22:50:03"
JX4730,"[""HS""]","Fittings and Specialties, Hose, Pipe and Tube - Repair","Agencements et dispositifs spéciaux pour conduites, tubes et tuyaux - réparation",Active,Actif,"2023-02-27 22:50:03"
JX4910,"[""HS""]","Motor Vehicle Maintenance and Repair Shop Specialized Equipment - Repair","Équipement spécialisé d'atelier de réparation et d'entretien de véhicules-moteur - réparation",Active,Actif,"2023-02-27 22:50:03"
JX4930,"[""HS""]","Lubricating and Fuel Dispensing Equipment - Repair and Overhaul","Equipement de lubrification et de distribution de carburant - réparation et révision",Active,Actif,"2023-02-27 22:50:03"
JX4940,"[""HS""]","Maintenance and Repair Shop Specialized Equipment, Miscellaneous - Repair","Équipement spécialisé divers d'ateliers de réparation et d'entretien - réparation",Active,Actif,"2023-02-27 22:50:03"
JX9505,"[""HS""]","Wire, Nonelectrical - Repair","Fil, non électriques - réparation",Active,Actif,"2023-02-27 22:50:03"
JX9515,"[""HS""]","Plate, Sheet, Strip, Foil and Leaf - Repair","Plaques, feuilles, lames, bandes et feuillards - réparation",Active,Actif,"2023-02-27 22:50:03"
JX9905,"[""HS""]","Signs and Identification Plates - Repair","Enseignes et plaques d'identification - réparation",Active,Actif,"2023-02-27 22:50:03"
JX9930,"[""HS""]","Memorials, Cemeterial and Mortuary Equipment and Supplies - Repair","Articles funéraires - réparation",Active,Actif,"2023-02-27 22:50:03"
JX9930A,"[""HS""]","Monuments, Memorials and Cenotaphs - Repair and Overhaul","Monuments commémoratifs et cénotaphes - réparation et révision",Active,Actif,"2023-02-27 22:50:03"
JX7910,"[""HS""]","Floor Polishers and Vacuum Cleaning Equipment - Repair","Cireuses a parquets et aspirateurs de poussière - réparation",Active,Actif,"2023-02-27 22:50:03"
JX7910A,"[""HS""]","Vacuum Cleaners, Domestic, Repair and Overhaul","Aspirateurs domestiques, réparation et révision",Active,Actif,"2023-02-27 22:50:03"
JX7920,"[""HS""]","Brooms, Brushes, Mops and Sponges - Repair","Balais, brosses, balais a franges et éponges - réparation",Active,Actif,"2023-02-27 22:50:03"
JX8115,"[""HS""]","Boxes, Cartons and Crates - Repair","Boîtes, caisses, cartons, caisses à claire-voie et cadres - réparation",Active,Actif,"2023-02-27 22:50:03"
JX8120,"[""HS""]","Commercial and Industrial Gas Cylinders - Repair","Cylindre de gaz commerciales et industrielles - réparation",Active,Actif,"2023-02-27 22:50:03"
JX8120A,"[""HS""]","Cylinders, Compressed Gases (Empty) Repair and Overhaul","Cylindre de gaz, vides - réparation et révision",Active,Actif,"2023-02-27 22:50:03"
JX8135,"[""HS""]","Packaging and Packing Bulk Materials - Repair","Matériaux d'empaquetage et d'emballage, en vrac - réparation",Active,Actif,"2023-02-27 22:50:03"
JX8145,"[""HS""]","Specialized Shipping and Storage Containers - Repair","Conteneurs spéciaux pour le transport et le stockage - réparation",Active,Actif,"2023-02-27 22:50:03"
N1740,"[""HS""]","Airfield Specialized Trucks and Trailers","Camions et remorques spéciaux d'aérodrome",Active,Actif,"2023-02-27 22:50:03"
N1730,"[""HS""]","Aircraft Ground Servicing Equipment","Matériel de services au sol des aéronefs",Active,Actif,"2023-02-27 22:50:03"
N1740J,"[""HS""]","Tractors, Wheeled, Aircraft Towing","Tracteurs, sur roues, remorquage d'aéronefs",Active,Actif,"2023-02-27 22:50:03"
N2220,"[""HS""]","Rail Cars","Wagons de chemin de fer",Active,Actif,"2023-02-27 22:50:03"
N2230,"[""HS""]","Right-of-Way Construction and Maintenance Equipment, Railroad","Matériels d'entretien et de construction de voies ferrées",Active,Actif,"2023-02-27 22:50:03"
N2240,"[""HS""]","Locomotive and Rail Car Accessories and Components","Parties constitutives de locomotives, de wagons et les accessoires",Active,Actif,"2023-02-27 22:50:03"
N2250,"[""HS""]","Track Materials, Railroad","Matériels de voies ferrées",Active,Actif,"2023-02-27 22:50:03"
N2210,"[""HS""]",Locomotives,Locomotives,Active,Actif,"2023-02-27 22:50:03"
N2320GP,"[""HS""]","Vehicles, All Terrain, ATV, Wheeled (Except Military Configuration)","Véhicules tout-terrain, sur roues, sauf modèle militaire",Active,Actif,"2023-02-27 22:50:03"
N2330Z,"[""HS""]","Trailer, Boat","Remorque, bateau",Active,Actif,"2023-02-27 22:50:03"
N2420,"[""HS""]","Tractors, Wheeled","Tracteurs sur roues",Active,Actif,"2023-02-27 22:50:03"
N2420A,"[""HS""]","Tractor, Wheeled, Agricultural, 2 Wheel Drive","Tracteur, agricole à 2 roues motrices",Active,Actif,"2023-02-27 22:50:03"
N2430,"[""HS""]","Tractors, Track laying, High Speed","Tracteurs à chenilles, rapides",Active,Actif,"2023-02-27 22:50:03"
N2510C,"[""HS""]","Vehicular Cab, Body and Frame Structural Components (Except Military Configuration)","Cabine de véhicule, carrosserie et composants structuraux de châssis, sauf modèle militaire",Active,Actif,"2023-02-27 22:50:03"
N2350E,"[""HS""]","Tracked Vehicles (Snowmobile)","Véhicules à chenilles motoneige",Active,Actif,"2023-02-27 22:50:03"
N2350EA,"[""HS""]",Snowmobile,Motoneige,Active,Actif,"2023-02-27 22:50:03"
N2350EB,"[""HS""]","Snowmobile Sleigh and Attachments","Traîneau de motoneige et accessoires",Active,Actif,"2023-02-27 22:50:03"
N2350EC,"[""HS""]","Snowmobile, Spare Parts","Mononeige, pièces de rechange",Active,Actif,"2023-02-27 22:50:03"
N2410,"[""HS""]","Tractors, Full-Track, Low Speed","Tracteurs à chenilles, lents",Active,Actif,"2023-02-27 22:50:03"
N2410A,"[""HS""]","Tractor, Crawler","Tracteur, à chenille",Active,Actif,"2023-02-27 22:50:03"
N2410B,"[""HS""]","Cab Assemblies, Crawler Tractor","Ensemble cabine, tracteur à chenille",Active,Actif,"2023-02-27 22:50:03"
N2530001,"[""HS""]","Vehicular Brake, Steering, Axle, and Wheel Components (Standard Commercial)","Composants de direction, essieux, roues et freins de véhicules, standard commercial",Active,Actif,"2023-02-27 22:50:03"
N2530AB,"[""HS""]","Axle Assembly, for Tracked and Wheeled Vehicles, Except Ground Effect and Armoured Fighting Vehicles","Essieu, ensemble, pour véhicules à chenilles et à roues, sauf véhicules à effet de sol et blindés de combat",Active,Actif,"2023-02-27 22:50:03"
N2530AD,"[""HS""]","Brake Shoes, Drums and Miscellaneous Brake Components (N.E.S.) for Tracked and Wheeled Vehicles, Except Ground Effect and Armoured Fighting Vehicles","Sabots de frein, tambour et divers composants de frein sauf véhicules à effet de sol et blindés de combat",Active,Actif,"2023-02-27 22:50:03"
N2530AK,"[""HS""]","Track and Track Components, for Tracked and Wheeled Vehicles, Except Ground Effect and Armoured Fighting Vehicles","Chenille et composants de chenilles, pour véhicules à chenilles et à roues, sauf véhicules à effet de sol et blindés de combat",Active,Actif,"2023-02-27 22:50:03"
N2530AL,"[""HS""]","Wheel, Pneumatic Tire, for Tracked and Wheeled Vehicles, Except Ground Effect and Armoured Fighting Vehicles","Roue, à pneumatique, pour véhicules à chenilles et à roues, sauf véhicules à effet de sol et blindés de combat",Active,Actif,"2023-02-27 22:50:03"
N2520A,"[""HS""]","Vehicular Power Transmission Components, for Tracked and Wheeled Vehicles, Military Configuration","Composants de transmissions de puissance des véhicules, pour véhicules à chenilles et à roues, modèle militaire",Active,Actif,"2023-02-27 22:50:03"
N2540000,"[""HS""]","Vehicular Furniture and Accessories (Standard Commercial)","Accessoires et garnitures de véhicules, standard commercial",Active,Actif,"2023-02-27 22:50:03"
N2540005,"[""HS""]","Vehicle Accessory, Box Cap for Light Trucks (Fibreglass or Aluminum)","Accessoires de véhicule, chapeau de boîte pour camions légers, fibre de verre ou aluminium",Active,Actif,"2023-02-27 22:50:03"
N2540A,"[""HS""]","Absorbers, Shock, for Tracked and Wheeled Vehicles, Except Ground Effect and Armoured Fighting Vehicles","Amortisseurs, pour véhicules à chenilles et à roues, sauf véhicules à effet de sol et blindé de combat",Active,Actif,"2023-02-27 22:50:03"
N2540C,"[""HS""]","Furniture and Accessories, Miscellaneous, N.E.S., for Tracked and Wheeled Vehicles, Except Ground Effect and Armoured Fighting Vehicles","Garnitures et accessoires divers pour véhicules à chenilles et à roues, sauf véhicules à effet de sol et blindés de combat",Active,Actif,"2023-02-27 22:50:03"
N2530AM,"[""HS""]","Wheel, Solid Rubber, for Tracked and Wheeled Vehicles, Except Ground Effect and Armoured Fighting Vehicles","Roue, caoutchouc plein, pour véhicules à chenilles et à roues, sauf véhicules à effet de sol et blindés de combat",Active,Actif,"2023-02-27 22:50:03"
N2590D,"[""HS""]","Vehicular Components, Miscellaneous, N.E.S. (By Company)","Composants de véhicules, divers, N.E.A., par compagnie",Active,Actif,"2023-02-27 22:50:03"
N2590DCA,"[""HS""]","Vehicular Components, Miscellaneous, N.E.S. - Ford","Composants de véhicules divers, N.E.A. - Ford",Active,Actif,"2023-02-27 22:50:03"
N2540G,"[""HS""]","Vehicular Tire Chain Assembly (Standard Commercial)","Chaînes antidérapantes de pneus de véhicules, commerciales standard",Active,Actif,"2023-02-27 22:50:03"
N2590,"[""HS""]","Vehicular Components, Miscellaneous","Composants divers de véhicule",Active,Actif,"2023-02-27 22:50:03"
N2590A,"[""HS""]","Vehicular Components, Miscellaneous, for Tracked and Wheeled Vehicles, Except Ground Effect and Armoured Fighting Vehicles","Composants de véhicules divers, pour véhicules à chenilles et à roues, sauf véhicules à effet de sol et blindés de combat",Active,Actif,"2023-02-27 22:50:03"
N2805B,"[""HS""]","Engines, Gasoline (Except Aircraft, Marine and Outboard Motors)","Moteurs à essence sauf d'aéronefs, marins et moteurs hors-bord",Active,Actif,"2023-02-27 22:50:03"
N2610,"[""HS""]","Tires and Tubes, Pneumatic, Except Aircraft","Pneumatiques et chambres à air, sauf pour aéronefs",Active,Actif,"2023-02-27 22:50:03"
N2620,"[""HS""]","Tires and Tubes, Pneumatic, Aircraft","Pneumatiques et chambres à air d'aéronefs",Active,Actif,"2023-02-27 22:50:03"
N2630,"[""HS""]","Tires, Solid and Cushion","Bandages pleins et pneumatiques",Active,Actif,"2023-02-27 22:50:03"
N2640,"[""HS""]","Tire Rebuilding and Tire and Tube Repair Materials","Produits de rechapage et de réparation des pneumatiques et des chambres à air",Active,Actif,"2023-02-27 22:50:03"
N2640004,"[""HS""]","Tire Fill","Bandage pour pneumatique",Active,Actif,"2023-02-27 22:50:03"
N2815DB,"[""HS""]","Engine Valve Assemblies and Seats, Marine","Montages pour valves de moteur et sièges, marin",Active,Actif,"2023-02-27 22:50:03"
N2815BRB,"[""HS""]","Diesel Engines and Components, N.E.S. - Detroit","Moteurs diesel et composants, N.E.A., Détroit",Active,Actif,"2023-02-27 22:50:03"
N2815BRP,"[""HS""]","Diesel Engines and Components - Caterpillar","Moteurs diesel et composants, Caterpillar",Active,Actif,"2023-02-27 22:50:03"
N2910006,"[""HS""]","Injectors, Fuel, Diesel Engine","Injecteurs, carburant, moteur diesel",Active,Actif,"2023-02-27 22:50:03"
N2910007,"[""HS""]","Conversion Systems, Natural Gas, Vehicle","Systèmes de conversion au gaz naturel, véhicule",Active,Actif,"2023-02-27 22:50:03"
N2850,"[""HS""]","Gasoline Rotary Engines and Components","Moteurs rotatifs à essence et composants",Active,Actif,"2023-02-27 22:50:03"
N2895,"[""HS""]","Miscellaneous Engines and Components","Moteurs divers et composants",Active,Actif,"2023-02-27 22:50:03"
N2895C,"[""HS""]","Turbines, Wind Driven","Turbines, entraînées par vent",Active,Actif,"2023-02-27 22:50:03"
N2920,"[""HS""]","Engine Electrical System Components, Non-Aircraft","Composants du système électrique des moteurs, sauf pour aéronefs",Active,Actif,"2023-02-27 22:50:03"
N2920A,"[""HS""]","Engine Electrical System Components","Composants du système électrique des moteurs",Active,Actif,"2023-02-27 22:50:03"
N2920AA,"[""HS""]","Cable Assembly, Electrical, for Tracked and Wheeled Vehicles","Câble équipé, électrique, pour véhicules à chenilles et à roues",Active,Actif,"2023-02-27 22:50:03"
N2920AAA,"[""HS""]","Cable Assembly, Electrical, for Tracked and Wheeled Vehicles, Except Marine, Ground Effect and Armoured Fighting Vehicles","Câble équipé, électrique, pour véhicules à chenilles et à roues, sauf véhicules marins, à effet de sol et blindé de combat",Active,Actif,"2023-02-27 22:50:03"
N2940,"[""HS""]","Engine Air and Oil Filters, Strainers and Cleaners, Non-Aircraft","Filtres à air et à huile des moteurs, tamis et nettoyeurs, sauf pour aéronefs",Active,Actif,"2023-02-27 22:50:03"
N2990,"[""HS""]","Engine Accessories, Miscellaneous, Non-Aircraft","Accessoires divers de moteurs, sauf pour aéronefs",Active,Actif,"2023-02-27 22:50:03"
N2990A,"[""HS""]","Engine Accessories, Miscellaneous","Accessoires divers de moteurs",Active,Actif,"2023-02-27 22:50:03"
N2990B,"[""HS""]","Mufflers, Exhaust","Silencieux d'échappement",Active,Actif,"2023-02-27 22:50:03"
N2990C,"[""HS""]","Heaters, Engine, Gasoline or Diesel Operated","Réchauffeurs, moteur, à gaz ou diesel",Active,Actif,"2023-02-27 22:50:03"
N2990D,"[""HS""]","Exhaust Pipes and Tail Pipes","Tuyaux d'échappement et tuyaux arrière",Active,Actif,"2023-02-27 22:50:03"
N3030,"[""HS""]","Belting, Drive Belts and Accessories","Courroies de transmission, de commande, de ventilateurs et accessoires",Active,Actif,"2023-02-27 22:50:03"
N3010AA,"[""HS""]","Couplings, Flexible","Accouplements flexibles",Active,Actif,"2023-02-27 22:50:03"
N3010AB,"[""HS""]","Couplings, Mechanical, N.E.S.","Accouplements mécaniques, N.E.A.",Active,Actif,"2023-02-27 22:50:03"
N3010CA,"[""HS""]","Gear Assemblies, Reduction and Reverse","Ensembles d'engrenages de multiplicateurs et de marché arrière",Active,Actif,"2023-02-27 22:50:03"
N3010CB,"[""HS""]","Variable Speed Gear Assemblies, Mechanical","Ensembles d'engrenages de changement de vitesse variable mécaniques",Active,Actif,"2023-02-27 22:50:03"
N3010D,"[""HS""]","Hydraulic Power Components","Composants à puissance hydraulique",Active,Actif,"2023-02-27 22:50:03"
N3010E,"[""HS""]","Hydraulic Power System","Système à puissance hydraulique",Active,Actif,"2023-02-27 22:50:03"
N3020A,"[""HS""]","Gears, Pulleys, Sprockets and Transmission Chain, Non-Standard","Engrenages, poulies, pignons et chaînes de transmission, non standard",Active,Actif,"2023-02-27 22:50:03"
N3020B,"[""HS""]",Sheaves,Rouets,Active,Actif,"2023-02-27 22:50:03"
N3710,"[""HS""]","Soil Preparation Equipment","Équipement pour la préparation du sol",Active,Actif,"2023-02-27 22:50:03"
N3730,"[""HS""]","Dairy, Poultry and Livestock Equipment","Équipements de laiterie, de basse-cour, et pour l'élevage du bétail",Active,Actif,"2023-02-27 22:50:03"
N3740,"[""HS""]","Pest, Disease and Frost Control Equipment","Matériel de lutte contre les fleaux, les épidermes, le gel",Active,Actif,"2023-02-27 22:50:03"
N3710V,"[""HS""]","Sprayer, Field (Agricultural)","Pulvérisateur, champs (agricole)",Active,Actif,"2023-02-27 22:50:03"
N3720C,"[""HS""]","Combine, Harvester",Moissonneuse-batteuse,Active,Actif,"2023-02-27 22:50:03"
N3740B,"[""HS""]",Sprayer,Pulvérisateur,Active,Actif,"2023-02-27 22:50:03"
N3740BE,"[""HS""]","Sprayer, Insecticide, Electric (Institutional)","Pulvérisateur, pesticide, électrique (institut)",Active,Actif,"2023-02-27 22:50:03"
N3740BF,"[""HS""]","Sprayer, Insecticide, Skid Mounted, Electric and Gas","Pulvérisateur, pesticide, plate-forme, électrique et gaz",Active,Actif,"2023-02-27 22:50:03"
N3740BL,"[""HS""]","Sprayer, Wheel Mounted Type, Gas and Electric Power","Pulvérisateur, type sur roue, à gaz et électrique",Active,Actif,"2023-02-27 22:50:03"
N3740E,"[""HS""]","Bird Control Devices","Dispositifs pour le contrôle des oiseaux",Active,Actif,"2023-02-27 22:50:03"
N3750,"[""HS""]","Gardening Implements and Tools","Instruments et outils de jardinage",Active,Actif,"2023-02-27 22:50:03"
N3750A,"[""HS""]","Brushcutter, Edger, Renovator, Sweeper and Tiller","Débroussailleuse, coupe-bordure, aérateur, balayeuse et cultivateur",Active,Actif,"2023-02-27 22:50:03"
N3750E,"[""HS""]","Mowers, Lawn","Tondeuses à gazon",Active,Actif,"2023-02-27 22:50:03"
N3805F,"[""HS""]","Loaders, Front End","Chargeuses, frontales",Active,Actif,"2023-02-27 22:50:03"
N3810,"[""HS""]","Cranes and Crane-Shovels","Grues et pelles-grues",Active,Actif,"2023-02-27 22:50:03"
N3750S,"[""HS""]","Sprinklers, Garden, Lawn","Diffuseurs, jardin, gazon",Active,Actif,"2023-02-27 22:50:03"
N3750TD,"[""HS""]","Shredders, Leaves, Brush, Etc.","Broyeurs, feuilles, arbrisseau, etc.",Active,Actif,"2023-02-27 22:50:03"
N3770,"[""HS""]","Saddlery, Harness, Whips and Related Animal Furnishings","Sellerie, harnachements, fouets et autres équipements se rapportant aux animaux",Active,Actif,"2023-02-27 22:50:03"
N3770A,"[""HS""]","Cages, Animal","Cages, animaux",Active,Actif,"2023-02-27 22:50:03"
N3805,"[""HS""]","Earthmoving and Excavating Equipment","Équipement de terrassement et d'excavation",Active,Actif,"2023-02-27 22:50:03"
N3825,"[""HS""]","Road Clearing and Cleaning Equipment","Équipements pour nettoyer et dégager les routes",Active,Actif,"2023-02-27 22:50:03"
N3815,"[""HS""]","Crane and Crane-Shovel Attachments","Accessoires de grues et de pelles-grues",Active,Actif,"2023-02-27 22:50:03"
N3820,"[""HS""]","Mining, Rock Drilling, Earch Boring and Related Equipment","Équipement de mine, de forage, de sondage et autres matériaux",Active,Actif,"2023-02-27 22:50:03"
N3825QB,"[""HS""]","Airblower, Tractor/Loader Attachment","Ventilateur de soufflage, accessoire pour tracteur, chargeur",Active,Actif,"2023-02-27 22:50:03"
N3825S,"[""HS""]","Scrubbers, Floor, Riding Type, Self-Propelled","Laveuses, plancher, à siège, automotrices",Active,Actif,"2023-02-27 22:50:03"
N3825T,"[""HS""]","Brush, Sweeper, Road and Runway","Brosses, balayeuse, route et piste d'aéroport",Active,Actif,"2023-02-27 22:50:03"
N3830,"[""HS""]","Truck and Tractor Attachments","Dispositifs annexes pour camions et tracteurs",Active,Actif,"2023-02-27 22:50:03"
N3830A,"[""HS""]","Truck and Tractor Attachments, N.E.S.","Équipement pour camions et tracteurs, N.E.A.",Active,Actif,"2023-02-27 22:50:03"
N3830D,"[""HS""]","Blades, Vehicle Mounting","Lames, pour véhicule",Active,Actif,"2023-02-27 22:50:03"
N3830DA,"[""HS""]","Blades, Dozer, Earth Moving","Lames, Bulldozer",Active,Actif,"2023-02-27 22:50:03"
N3830DB,"[""HS""]","Blades, Snowplow","Lames, chasse-neige",Active,Actif,"2023-02-27 22:50:03"
N3830E,"[""HS""]","Cutting Edges, Moldboard","Couteaux, lame de bulldozer",Active,Actif,"2023-02-27 22:50:03"
N3830G,"[""HS""]","Deicing Equipment, Truck Mounted","Équipement pour dégivrage, sur camion",Active,Actif,"2023-02-27 22:50:03"
N3830H,"[""HS""]","Dozers, Angle","Bulldozers, dirigés",Active,Actif,"2023-02-27 22:50:03"
N3830J,"[""HS""]","Loaders, Scoop Type, Tractor Mounting","Chargeuses-pelleteuses, pour tracteur",Active,Actif,"2023-02-27 22:50:03"
N3825G,"[""HS""]","Sweepers, Airport, Runway","Balayeuses, piste d'aéroport",Active,Actif,"2023-02-27 22:50:03"
N3825L,"[""HS""]","Sweepers, Warehouse, Riding Type, Self-Propelled","Balayeuses, entrepôt, à siège, automotrices",Active,Actif,"2023-02-27 22:50:03"
N3825N,"[""HS""]","Trucks, Snow Removal, Equipment","Camions, équipement pour déblayage de la neige",Active,Actif,"2023-02-27 22:50:03"
N3825P,"[""HS""]","Snowblowers, Self-Propelled","Souffleuses, automotrices",Active,Actif,"2023-02-27 22:50:03"
N3825PC,"[""HS""]","Snowblower, Spare Parts","Souffleuses, pièces de rechange",Active,Actif,"2023-02-27 22:50:03"
N3895,"[""HS""]","Miscellaneous Construction Equipment","Équipement divers pour travaux de construction",Active,Actif,"2023-02-27 22:50:03"
N3830L,"[""HS""]","Spreaders, Sand/Salt, Truck Mounting","Épandeuses, sable et sel, pour montage sur camion",Active,Actif,"2023-02-27 22:50:03"
N3830M,"[""HS""]","Snowplows, Moldboard","Chasse-neige, à lame de bulldozer",Active,Actif,"2023-02-27 22:50:03"
N3830ND,"[""HS""]","Snowplow Replacement Parts","Pièces de rechange pour chasse-neige",Active,Actif,"2023-02-27 22:50:03"
N3830T,"[""HS""]","Tailgates, Hydraulic Lifting","Hayons, levage hydraulique",Active,Actif,"2023-02-27 22:50:03"
N3830U,"[""HS""]","Winches, Drum, Vehicle Mounting","Treuils à tambour, pour véhicule",Active,Actif,"2023-02-27 22:50:03"
N3835,"[""HS""]","Petroleum Production and Distribution Equipment","Équipements pour la production et la distribution des produits du pétrole",Active,Actif,"2023-02-27 22:50:03"
N3910,"[""HS""]",Conveyors,"Appareils transporteurs",Active,Actif,"2023-02-27 22:50:03"
N3920,"[""HS""]","Materials Handling Equipment/NonSelf -Propelled","Équipements pour la manutention à bras des matériels",Active,Actif,"2023-02-27 22:50:03"
N3910G,"[""HS""]","Conveyors, Towlines and Monorail","Transporteurs, remorques et monorail",Active,Actif,"2023-02-27 22:50:03"
N3915,"[""HS""]","Materials Feeders","Distributeurs-doseurs de matériaux",Active,Actif,"2023-02-27 22:50:03"
N3930E,"[""HS""]","Truck, Forklift","Chariot, élévateur à fourche",Active,Actif,"2023-02-27 22:50:03"
N3930EC,"[""HS""]","Truck, Forklift, Electric","Chariot, élévateur à fourche, électrique",Active,Actif,"2023-02-27 22:50:03"
N3930EH,"[""HS""]","Truck, Forklift, Parts","Chariot, élévateur à fourche, pièces",Active,Actif,"2023-02-27 22:50:03"
N3940,"[""HS""]","Blocks, Tackle, Rigging and Slings","Poulies, palans, mécanismes de manoeuvres et élingues",Active,Actif,"2023-02-27 22:50:03"
N3930,"[""HS""]","Warehouse Trucks and Tractors, Self-Propelled","Camions et tracteurs automoteurs, d'entrepôts",Active,Actif,"2023-02-27 22:50:03"
N3930D,"[""HS""]","Truck, Aircraft Cargo Loading/Unloading, Self-Propelled","Camion, automoteur, pour chargement et déchargement de marchandise à bord d'aéronefs",Active,Actif,"2023-02-27 22:50:03"
N3950BJ,"[""HS""]","Cranes, Shipboard","Grues à bord d'un navire",Active,Actif,"2023-02-27 22:50:03"
N3950BK,"[""HS""]","Cranes, Floor, Portable","Grues d'atelier",Active,Actif,"2023-02-27 22:50:03"
N3950BL,"[""HS""]","Cranes, Jib","Grues à potence",Active,Actif,"2023-02-27 22:50:03"
N3950BM,"[""HS""]","Cranes, Hydraulic, Stationary or Mobile, Not Truck Mounted","Grues, hydrauliques, fixes ou mobiles, non montées sur un camion",Active,Actif,"2023-02-27 22:50:03"
N3950C,"[""HS""]",Derricks,Derricks,Active,Actif,"2023-02-27 22:50:03"
N3950D,"[""HS""]",Hoists,Palans,Active,Actif,"2023-02-27 22:50:03"
N3940E,"[""HS""]","Sling, Endless","Élingue, fermée",Active,Actif,"2023-02-27 22:50:03"
N3940EC,"[""HS""]","Sling, Non-Metallic","Élingue, non métallique",Active,Actif,"2023-02-27 22:50:03"
N3950,"[""HS""]","Winches, Hoists, Cranes and Derricks","Treuils, monte-charge, grues, tours et derricks",Active,Actif,"2023-02-27 22:50:03"
N3950A,"[""HS""]",Capstans,Cabestans,Active,Actif,"2023-02-27 22:50:03"
N3950B,"[""HS""]",Cranes,Grues,Active,Actif,"2023-02-27 22:50:03"
N3950G,"[""HS""]",Windlass,Guindeau,Active,Actif,"2023-02-27 22:50:03"
N3960,"[""HS""]","Freight Elevators",Monte-charge,Active,Actif,"2023-02-27 22:50:03"
N3960A,"[""HS""]","Dumbwaiter, Shipboard","Monte-plat, bord de navire",Active,Actif,"2023-02-27 22:50:03"
N3960B,"[""HS""]",Elevators,Élévateurs,Active,Actif,"2023-02-27 22:50:03"
N3950F,"[""HS""]",Winches,Treuils,Active,Actif,"2023-02-27 22:50:03"
N3950FBC,"[""HS""]","Winches, Powered, General Purpose","Treuils, motorisés, usage général",Active,Actif,"2023-02-27 22:50:03"
N3950FD,"[""HS""]","Winches, Marine","Treuils, marins",Active,Actif,"2023-02-27 22:50:03"
N3950FE,"[""HS""]","Winches, Oceanographic","Treuils, océanographiques",Active,Actif,"2023-02-27 22:50:03"
N3950FG,"[""HS""]","Winches, Worm Gear Drive","Treuils, entraînement par engrenage à vis sans fin",Active,Actif,"2023-02-27 22:50:03"
N3950FH,"[""HS""]","Winches, Truck and Trailer","Treuils, camion et remorque",Active,Actif,"2023-02-27 22:50:03"
N3990N,"[""HS""]","Containers, Cargo Handling, Metal Non-Refrigerated (For Container Shipping Method)","Conteneurs, manutention de marchandises, métal, non réfrigérés, pour méthode d'expédition de conteneurs",Active,Actif,"2023-02-27 22:50:03"
N3990Q,"[""HS""]","Lift, Hydraulic, Aerial Work","Monte-charge, hydraulique, travail aérien",Active,Actif,"2023-02-27 22:50:03"
N3990R,"[""HS""]","Lift Platform, Load Dock","Plate-forme de chargement, embarcadère",Active,Actif,"2023-02-27 22:50:03"
N4010,"[""HS""]","Chain and Wire Rope","Chaînes et câbles métalliques",Active,Actif,"2023-02-27 22:50:03"
N4010A,"[""HS""]","Chain, Steel Link, Welded, Brass and Bronze (Except Anchor Chain)","Chaîne, maillons en acier, soudée, laiton et bronze (sauf chaîne d'ancre)",Active,Actif,"2023-02-27 22:50:03"
N4010AD,"[""HS""]","Chain (Except Anchor Chain) Assembly","Chaîne équipée (sauf chaîne d'ancre)",Active,Actif,"2023-02-27 22:50:03"
N4010C,"[""HS""]","Wire Rope-Cable Assembly, Multiapplication","Câble métallique, câble équipé",Active,Actif,"2023-02-27 22:50:03"
N4010DA,"[""HS""]","Wire Rope, Stainless Steel, Nonmagnetic","Câble métallique, acier inoxydable, non magnétique",Active,Actif,"2023-02-27 22:50:03"
N4010DB,"[""HS""]","Wire Rope, Steel, Flameseal","Câble métallique, acier, ininflammable",Active,Actif,"2023-02-27 22:50:03"
N4010DC,"[""HS""]","Wire Rope, Galvanized, for Safety Belts","Câble métallique, galvanisé, pour filets de sécurité",Active,Actif,"2023-02-27 22:50:03"
N3990,"[""HS""]","Materials Handling Equipment, Miscellaneous","Équipement général pour la manutention du matériel",Active,Actif,"2023-02-27 22:50:03"
N3990B,"[""HS""]","Compacting Unit, Refuse, Stationary, Standard Commercial","Unité compacte, rebut, fixe, commercial standard",Active,Actif,"2023-02-27 22:50:03"
N3990E,"[""HS""]","Pallets, Material Handling","Palettes, manutention",Active,Actif,"2023-02-27 22:50:03"
N3990EB,"[""HS""]","Pallets, Material Handling, Steel","Palettes, manutention, acier",Active,Actif,"2023-02-27 22:50:03"
N3990ED,"[""HS""]","Pallets, Material Handling, Plastic","Palettes, manutention, plastique",Active,Actif,"2023-02-27 22:50:03"
N3990F,"[""HS""]","Ramp, Loading, General Purpose","Rampe, chargement, usage général",Active,Actif,"2023-02-27 22:50:03"
N3990G,"[""HS""]","Skid, Platform, General Purpose","Plate-forme, manutention, usage général",Active,Actif,"2023-02-27 22:50:03"
N4020G,"[""HS""]","Tape, Lacing and Tying","Ruban, laçage et liage",Active,Actif,"2023-02-27 22:50:03"
N4010E,"[""HS""]","Cable, Anchor and Chain","Câbles, ancre et chaîne",Active,Actif,"2023-02-27 22:50:03"
N4010F,"[""HS""]","Chain, Anchor and Mooring","Chaînes, ancrage et amarrage",Active,Actif,"2023-02-27 22:50:03"
N4020,"[""HS""]","Fibre Rope, Cordage and Twine","Câbles de fibre, cordage et ficelles",Active,Actif,"2023-02-27 22:50:03"
N4020A,"[""HS""]","Cord, Fibrous","Corde de fibre",Active,Actif,"2023-02-27 22:50:03"
N4020D,"[""HS""]","Rope, Fibrous","Cordage, fibre",Active,Actif,"2023-02-27 22:50:03"
N4030,"[""HS""]","Fittings for Rope, Cable and Chain","Agencements pour cordes, câbles et chaînes",Active,Actif,"2023-02-27 22:50:03"
N4210A,"[""HS""]","Alarm, Automatic Sprinkler","Avertisseur, extinction automatique par aspersion",Active,Actif,"2023-02-27 22:50:03"
N4210B,"[""HS""]","Ground Fire Fighting Equipment","Équipement de lutte contre l'incendie, au sol",Active,Actif,"2023-02-27 22:50:03"
N4210E,"[""HS""]","Hydrants, Fire","Borne d'incendie",Active,Actif,"2023-02-27 22:50:03"
N4210H,"[""HS""]","Extinguisher, Fire and Recharges, Except Marine, Armoured Fighting Vehicles and Aircraft","Extincteur, et groupes de recharge, sauf véhicules marins, blindés de combat et aéronefs",Active,Actif,"2023-02-27 22:50:03"
N4210K,"[""HS""]","Pumping Equipment, Portable (Firefighting, Ground)","Matériel de pompage, portatif - lutte contre l'incendie, au sol",Active,Actif,"2023-02-27 22:50:03"
N4210N,"[""HS""]","Extinguisher Agents","Agents extincteurs",Active,Actif,"2023-02-27 22:50:03"
N4210W,"[""HS""]","Firefighting Equipment, Special, Customer or Systems Engineered Products","Équipement de lutte contre l'incendie, spécial, produits conçus pour le client ou pour les systèmes",Active,Actif,"2023-02-27 22:50:03"
N4250,"[""HS""]","Recycling and Reclamation Equipment","Matériel de recyclage et de regénération",Active,Actif,"2023-02-27 22:50:03"
N4710,"[""HS""]","Pipe, Tube and Rigid Tubing","Conduites, tubes et tubes rigides",Active,Actif,"2023-02-27 22:50:03"
N4710A,"[""HS""]","Pipe (Except Aircraft)","Tuyau, sauf aéronef",Active,Actif,"2023-02-27 22:50:03"
N4710AA,"[""HS""]","Pipe Brass (Except Aircraft)","Tuyau, laiton, sauf aéronef",Active,Actif,"2023-02-27 22:50:03"
N4710AB,"[""HS""]","Pipe, Culvert, Except Nestable","Buse de drainage, sauf demi coquilles",Active,Actif,"2023-02-27 22:50:03"
N4710AE,"[""HS""]","Pipe, Galvanized and Black (Except Aircraft)","Tuyau, galvanisé et noir, sauf aéronef",Active,Actif,"2023-02-27 22:50:03"
N4710AF,"[""HS""]","Pipe, Hydraulic (Except Aircraft)","Tuyau, hydraulique, sauf aéronef",Active,Actif,"2023-02-27 22:50:03"
N4710AH,"[""HS""]","Pipe, Plastic (Except Aircraft)","Tuyau, plastique, sauf aéronef",Active,Actif,"2023-02-27 22:50:03"
N4710AJ,"[""HS""]","Pipe, Soil, Cast Iron","Tuyau, sol, fonte",Active,Actif,"2023-02-27 22:50:03"
N4720,"[""HS""]","Hose and Flexible Tubing","Tubes et tuyaux, flexibles",Active,Actif,"2023-02-27 22:50:03"
N4720A,"[""HS""]","Hose, Flexible (Except Fire Hose)","Sauf tuyau d'incendie",Active,Actif,"2023-02-27 22:50:03"
N4720AA,"[""HS""]","Hose, Air Breathing, Multiapplication","Tuyau flexible, inhalateur, usage multiple",Active,Actif,"2023-02-27 22:50:03"
N4720AB,"[""HS""]","Hose, Air Duck, Ventilating","Conduite d'aération",Active,Actif,"2023-02-27 22:50:03"
N4720AC,"[""HS""]","Hose, Hydraulic Multiapplication","Tuyau flexible, hydraulique usage multiple",Active,Actif,"2023-02-27 22:50:03"
N4720AD,"[""HS""]","Hose, Hydraulic and Pneumatic, High Pressure","Tuyau flexible, hydraulique et pneumatique, haute pression",Active,Actif,"2023-02-27 22:50:03"
N4720AF,"[""HS""]","Hose, Metallic, Flexible","Tuyau flexible, métallique",Active,Actif,"2023-02-27 22:50:03"
N4720AHB,"[""HS""]","Hose, Plastic, Tetrafluoroethylene, High Temperature, Medium Pressure","Tuyau flexible, plastique, tétrafluoroéthylène, haute température, pression moyenne",Active,Actif,"2023-02-27 22:50:03"
N4720AJ,"[""HS""]","Hose, Rubber","Tuyau flexible, caoutchouc",Active,Actif,"2023-02-27 22:50:03"
N4710AK,"[""HS""]","Pipe, Stainless Steel (Except Aircraft)","Tuyau, acier inoxydable, sauf aéronef",Active,Actif,"2023-02-27 22:50:03"
N4710AL,"[""HS""]","Pipe, Welded Steel (Except Aircraft)","Tuyau, acier corroyé, sauf aéronef",Active,Actif,"2023-02-27 22:50:03"
N4710AM,"[""HS""]","Pipe, Steel, Polyurethane Insulated","Tuyau, acier isolé de polyuréthane",Active,Actif,"2023-02-27 22:50:03"
N4710AN,"[""HS""]","Pipe, Copper, Polyurethane Insulated","Tuyau, cuivre isolé de polyuréthane",Active,Actif,"2023-02-27 22:50:03"
N4710B,"[""HS""]","Piping, Prefabricated Steel and Iron","Tuyauterie, préfabriquée, acier et fer",Active,Actif,"2023-02-27 22:50:03"
N4710C,"[""HS""]","Tube, Metallic and Nonmetallic (Except Special Purpose)","Tube, métallique et non métallique, sauf usage spécial",Active,Actif,"2023-02-27 22:50:03"
N4710DE,"[""HS""]","Tube Assemblies, Aircraft","Tuyauterie, aéronef",Active,Actif,"2023-02-27 22:50:03"
N4710E,"[""HS""]","Pipe, Sewer","Tuyau d'égout",Active,Actif,"2023-02-27 22:50:03"
N4720BK,"[""HS""]","Hose Assemblies, Rubber, Fuel, Collapsible","Tuyaux flexibles, caoutchouc, carburant, pliant, équipés",Active,Actif,"2023-02-27 22:50:03"
N4720C,"[""HS""]","Tubing Rubber","Tuyau, caoutchouc",Active,Actif,"2023-02-27 22:50:03"
N4720E,"[""HS""]","Hose Aircraft","Tuyau flexible, aéronef",Active,Actif,"2023-02-27 22:50:03"
N4720EA,"[""HS""]","Hose, Aircraft, All Pressures (Approved)","Tuyau flexible, aéronef, tous pressions, approuvé",Active,Actif,"2023-02-27 22:50:03"
N4720F,"[""HS""]","Hose Assemblies, Aircraft","Tuyaux flexibles, aéronef, équipés",Active,Actif,"2023-02-27 22:50:03"
N4720H,"[""HS""]","Tubing, polyethylene","Tuyau, polyéthylène",Active,Actif,"2023-02-27 22:50:03"
N4720J,"[""HS""]","Tubing, Polyvinylchloride","Tuyau, chlorure de polyvinyle",Active,Actif,"2023-02-27 22:50:03"
N4720K,"[""HS""]","Hose, Flotation, Oil Resistant","Tuyau flexible, flottant, résistant à l'huile",Active,Actif,"2023-02-27 22:50:03"
N4730,"[""HS""]","Hose, Pipe, Tube, Lubrication, and Railing Fittings","Raccords pour tuyaux souples, tuyaux, tubes, et rampes et balustrades et raccords de graissage",Active,Actif,"2023-02-27 22:50:03"
N4720B,"[""HS""]","Hose Assemblies","Tuyaux flexibles, équipés",Active,Actif,"2023-02-27 22:50:03"
N4720BB,"[""HS""]","Hose Assemblies, Corrugated Steel","Tuyaux flexibles, acier ondulé, équipés",Active,Actif,"2023-02-27 22:50:03"
N4720BC,"[""HS""]","Hose Assemblies, Fuel","Tuyaux flexibles équipés, carburant",Active,Actif,"2023-02-27 22:50:03"
N4730F,"[""HS""]","Joints, Expansion","Joints d'expansion",Active,Actif,"2023-02-27 22:50:03"
N4730J,"[""HS""]","Traps, Steam (Except Marine)","Purgeurs, vapeur, sauf marins",Active,Actif,"2023-02-27 22:50:03"
N4730M,"[""HS""]","Fittings, Pipe, Cast Iron and Steel (Underground Use)","Raccords, tuyaux, fonte et acier, usage souterrain",Active,Actif,"2023-02-27 22:50:03"
N4730A,"[""HS""]","Clamp, Hose","Collier, tuyau flexible",Active,Actif,"2023-02-27 22:50:03"
N4730B,"[""HS""]","Couplings, Hose-Pipe","Raccords, à filet rond et pour tuyaux",Active,Actif,"2023-02-27 22:50:03"
N4730BB,"[""HS""]","Couplings, Pipe","Raccords, tuyaux",Active,Actif,"2023-02-27 22:50:03"
N4730BC,"[""HS""]","Coupling, Assemblies, Quick Disconnect, Non-Airborne","Raccord, débranchement rapide, sauf aéronef",Active,Actif,"2023-02-27 22:50:03"
N4730C,"[""HS""]","Fittings, Hose, Pipe and Tube (Except Aircraft)","Raccords, tuyaux flexibles, tuyaux et tubes, sauf aéronef",Active,Actif,"2023-02-27 22:50:03"
N4730CA,"[""HS""]","Fittings, Hose","Raccords, tuyaux flexibles",Active,Actif,"2023-02-27 22:50:03"
N4730CB,"[""HS""]","Fittings, Hose, Tetrafluoroethylene, Medium Pressure","Raccords de boyau, tétrafluoroéthylène, pression moyenne",Active,Actif,"2023-02-27 22:50:03"
N4730CD,"[""HS""]","Fittings, Pressure","Raccords, pression",Active,Actif,"2023-02-27 22:50:03"
N4730CF,"[""HS""]","Fittings, Pipe, Plastic, PVC","Raccord, tube, matière plastique, PVC",Active,Actif,"2023-02-27 22:50:03"
N4910L,"[""HS""]","Lifts, Motor Vehicle","Ponts élévateurs, véhicule",Active,Actif,"2023-02-27 22:50:03"
N4910M,"[""HS""]","Mounters and Demounters, Tire",Monte-pneus,Active,Actif,"2023-02-27 22:50:03"
N4910N,"[""HS""]","Jacks, Automotive","Crics, automobiles",Active,Actif,"2023-02-27 22:50:03"
N4910P,"[""HS""]","Spreader, Tire",Ouvre-pneus,Active,Actif,"2023-02-27 22:50:03"
N4910,"[""HS""]","Motor Vehicle Maintenance and Repair Shop Specialized Equipment","Équipement spécialisé pour atelier de réparations et d'entretien de véhicules-moteur",Active,Actif,"2023-02-27 22:50:03"
N4910B,"[""HS""]","Balancers, Automotive","Équilibreuses, automobiles",Active,Actif,"2023-02-27 22:50:03"
N4910D,"[""HS""]","Bead Breakers, Tire","Décolleuse de talons, pneus, à main",Active,Actif,"2023-02-27 22:50:03"
N4910E,"[""HS""]","Brake Service Equipment","Équipement pour l'entretien et la réparation des freins",Active,Actif,"2023-02-27 22:50:03"
N4910H,"[""HS""]","Dynamometer, Automotive","dynamomètre, automobiles",Active,Actif,"2023-02-27 22:50:03"
N4910RB,"[""HS""]","Testers, Diesel Fuel Injection","Contrôleur, injecteur diesel",Active,Actif,"2023-02-27 22:50:03"
N4910V,"[""HS""]","Vehicle Washing Systems","Systèmes pour lavage de véhicule",Active,Actif,"2023-02-27 22:50:03"
N4940,"[""HS""]","Maintenance and Repair Shop Specialized Equipment, Miscellaneous","Équipement spécialisé divers d'ateliers de réparation et d'entretien",Active,Actif,"2023-02-27 22:50:03"
N4940B,"[""HS""]","Auger Machines, Pipe and Sewer, Power Operated","Furets à moteur, canalisations et égouts",Active,Actif,"2023-02-27 22:50:03"
N4940C,"[""HS""]","Blast Cleaning Cabinets","Sableuses, cabine",Active,Actif,"2023-02-27 22:50:03"
N4940D,"[""HS""]","Blast Cleaning Machines",Sableuses,Active,Actif,"2023-02-27 22:50:03"
N4940E,"[""HS""]","Blowers, Electrical, Portable","Ventilateurs, soufflants, électriques, portatifs",Active,Actif,"2023-02-27 22:50:03"
N4940F,"[""HS""]","Booths, Spraying","Cabines, pulvérisation",Active,Actif,"2023-02-27 22:50:03"
N4940G,"[""HS""]","Cleaner, Chassis","Nettoyeur, châssis",Active,Actif,"2023-02-27 22:50:03"
N4940J,"[""HS""]","Cleaning Machines, Small Parts","Nettoyeuses, petites pièces",Active,Actif,"2023-02-27 22:50:03"
N4940K,"[""HS""]","Cleaning Machines, Ultrasonic","Nettoyeuses, ultrasoniques",Active,Actif,"2023-02-27 22:50:03"
N4940L,"[""HS""]",Degreasers,"Postes de dégraissage",Active,Actif,"2023-02-27 22:50:03"
U099N,"[""ZH""]","Pre-Retirement Related Training Courses","Cours de formation relatif à la pré-retraite",Active,Actif,"2023-02-27 22:50:03"
AJ119088,"[""SC""]","SOLID STATE/SEMICONDUCTOR PHYSICS","PHYSIQUE DES SEMI-CONDUCTEURS, SOLIDES",Active,Actif,"2023-02-27 22:50:03"
AJ119096,"[""SC""]","SPECTROMETRIC/SPECTROSCOPIC TECHNOLOGY","TECHNOLOGIE SPECTROMETRIQUE ET SPECTROSCOPIQUE",Active,Actif,"2023-02-27 22:50:03"
AJ119028,"[""SC""]","CRYOGENIC PHYSICS","PHYSIQUE CRYOGENIQUE",Active,Actif,"2023-02-27 22:50:03"
AJ212508,"[""SL""]","ARTIFICIAL INTELLIGENCE/INFERENCE SYSTEMS (R&D)","SYSTEMES D'INTELLIGENCE ARTIFICIELLE ET D'INFERENCE - R&D",Active,Actif,"2023-02-27 22:50:03"
JX6300,"[""HN""]","Alarm and Signal Systems - Repair","Systèmes d'alarme et de signalisation - réparation",Active,Actif,"2023-02-27 22:50:03"
N6350999,"[""HN""]","Miscellaneous Alarm and Signal Systems Electrical and Electronic Components and Spares","Systèmes divers de signalisation et d alarme, composants et rechanges électriques et électroniques",Active,Actif,"2023-02-27 22:50:03"
N6300,"[""HN""]","Alarm and Signal Systems","Systèmes d'alarme et de signalisation",Active,Actif,"2023-02-27 22:50:03"
N1550,"[""BB""]","Unmanned Aircraft","Aéronef sans pilote",Active,Actif,"2023-02-27 22:50:03"
N4920,"[""BB""]","Aircraft Maintenance and Repair Shop Specialized Equipment","Équipement spécialisé pour ateliers de réparations et d'entretien d'aéronefs",Active,Actif,"2023-02-27 22:50:03"
C219BF,"[""BG""]","Engineering and Technical Services - Aerospace Related, Military","Services techniques - relatifs à l'aérospatial, militaires",Active,Actif,"2023-02-27 22:50:03"
G103A,"[""ZH""]","Welfare Services","Services de bien-être social",Active,Actif,"2023-02-27 22:50:03"
N5841,"[""BB"",""QF""]","Radar Equipment, Airborne","Équipement de radar aéroporte",Active,Actif,"2023-02-27 22:50:03"
N8960ZA,"[""PR""]","Beverage Base Assortments (nonalcoholic)","Assortiments de boisson soluble, non alcoolisée",Active,Actif,"2023-02-27 22:50:03"
N1710A,"[""BB"",""ML""]","Aircraft Arresting Barrier and Barricade Equipment, N.E.S.","Équipement de freinage et d'arrêt des aéronefs, barrières d'arrêt, N.E.A.",Active,Actif,"2023-02-27 22:50:03"
AG717644,"[""SL""]","SOLAR COLLECTOR SYSTEMS (R&D)","SYSTEMES DE CAPTEURS SOLAIRES - R&D",Active,Actif,"2023-02-27 22:50:03"
T099G,"[""ZH""]","Restoration of Works of Art","Restauration d'oeuvres d'art",Active,Actif,"2023-02-27 22:50:03"
AJ119072,"[""SC""]","Optics Technology (R&D)","Technologie optique (R&D)",Active,Actif,"2023-02-27 22:50:03"
N2835,"[""USW""]","Gas Turbines and Jet Engines; Non-Aircraft Prime Mover, Aircraft Non-Prime Mover, and Components","Turbines à gaz et moteurs à réaction; appareil moteur non-aéronef, appareil non-moteur d'aéronefs, et composants",Active,Actif,"2023-02-27 22:50:03"
K199HA,"[""RH""]","WINDOW CLEANING SERVICES","SERVICES DE LAVAGE DE FENETRES",Active,Actif,"2023-02-27 22:50:03"
B504A,"[""RH""]","Educational Studies","Étude éducative",Active,Actif,"2023-02-27 22:50:03"
S003DA,"[""RH""]","SEPTIC TANK AND LATRINE SERVICE","SERVICE DE FOSSE SEPTIQUE ET DE LATRINES",Active,Actif,"2023-02-27 22:50:03"
AJ110730,"[""SC""]",BIOPHYSICS,BIOPHYSIQUE,Active,Actif,"2023-02-27 22:50:03"
AJ119100,"[""SC""]","SUPER-CONDUCTOR TECHNOLOGY","TECHNOLOGIE DES SUPERCONDUCTEURS",Active,Actif,"2023-02-27 22:50:03"
N4470,"[""QA""]","Nuclear Reactors","Réacteurs nucléaires",Active,Actif,"2023-02-27 22:50:03"
N4470A,"[""QA""]","Nuclear Reactors and Associated Equipment","Réacteurs nucléaires et équipement connexe",Active,Actif,"2023-02-27 22:50:03"
5131B,"[""FG""]","ROADS, RUNWAYS AND PARKING AREAS","ROUTES, PISTES D ATTERRISSAGE ET PARCS DE STATIONNEMENT",Active,Actif,"2023-02-27 22:50:03"
JX3610,"[""VAN""]","Printing, Duplicating and Bookbinding Equipment - Repair and Overhaul","Équipement d'impression, de duplication et de reliure - réparation et révision",Active,Actif,"2023-02-27 22:50:03"
D301BB0,"[""CAU""]","Cloud Technology","Cloud Technology",Active,Actif,"2023-02-27 22:50:03"
R105D,"[""RH""]","Internal Mail Distribution Services","Services de distribution de courrier Interne",Active,Actif,"2023-02-27 22:50:03"
N4940M,"[""HS""]","Maintenance Platforms, Industrial","Plates-formes d'entretien, industrielles",Active,Actif,"2023-02-27 22:50:03"
N4940N,"[""HS""]","Sprayer, Paint","Pulvérisateur, peinture",Active,Actif,"2023-02-27 22:50:03"
N4930,"[""HS""]","Lubrication and Fuel Dispensing Equipment","Équipement de lubrification et de distribution de carburant",Active,Actif,"2023-02-27 22:50:03"
N4940P,"[""HS""]","Tube and Flue Cleaners, Boiler","Décapeurs, tube, chaudière",Active,Actif,"2023-02-27 22:50:03"
N4940R,"[""HS""]","Cleaner, Pressure, Solvent-Water","Postes de lavage, sous pression, véhicule",Active,Actif,"2023-02-27 22:50:03"
N4940S,"[""HS""]","Tank Cleaning Machines","Nettoyeuses pour réservoir",Active,Actif,"2023-02-27 22:50:03"
N4940T,"[""HS""]","Cleaner, Steam, Trailer Mounted","Lavage vapeur, sur remorque",Active,Actif,"2023-02-27 22:50:03"
N4940W,"[""HS""]","Enclosures, Prefabricated, Special Purpose, Electromagnetic Shielding","Enceintes, préfabriquées, usage spécial, blindage électromagnétique",Active,Actif,"2023-02-27 22:50:03"
N7910,"[""HS""]","Floor Polishers and Vacuum Cleaning Equipment","Cireuses à parquets et aspirateurs de poussière",Active,Actif,"2023-02-27 22:50:03"
N7920BL,"[""HS""]","BRUSH, CLEANING, TOOLS AND PARTS, NYLON BRISTLES","Brosse, nettoyage de pièces et outils, en nylon",Active,Actif,"2023-02-27 22:50:03"
N7920,"[""HS""]","Brooms, Brushes, Mops and Sponges","Balais, brosses, balais à franges et éponges",Active,Actif,"2023-02-27 22:50:03"
N7930,"[""HS""]","Cleaning and Polishing Compounds and Preparations","Produits et préparations pour nettoyer et polir",Active,Actif,"2023-02-27 22:50:03"
N7930A,"[""HS""]","ABSORBENT MATERIAL, OIL AND WATER","Absorbant, huile et eau",Active,Actif,"2023-02-27 22:50:03"
N7930D,"[""HS""]","CLEANING AND POLISHING COMPOUND","Produit de nettoyage et polissage",Active,Actif,"2023-02-27 22:50:03"
N7930E,"[""HS""]","DETERGENT, GENERAL PURPOSE","Détergent, tout usage",Active,Actif,"2023-02-27 22:50:03"
N7930G,"[""HS""]","DISHWASHING COMPOUND","Détergent, vaisselle",Active,Actif,"2023-02-27 22:50:03"
N7930J,"[""HS""]","LAUNDRY SUPPLIES (N.E.S.)","Fournitures de blanchissage (N.E.A.)",Active,Actif,"2023-02-27 22:50:03"
N7930S,"[""HS""]","SWEEPING COMPOUND","Mélange, abat-poussière",Active,Actif,"2023-02-27 22:50:03"
N8010,"[""HS""]","Paints, Dopes, Varnishes and Related Products","Peintures, enduits, vernis et produits connexes",Active,Actif,"2023-02-27 22:50:03"
N8010A,"[""HS""]","Aerosols, Paint Lacquer, etc","Aérosols, peinture, vernis, etc.",Active,Actif,"2023-02-27 22:50:03"
N8010BC,"[""HS""]","ALUMINUM PIGMENT FOR PAINT, POWDER","Pigment à l'aluminium pour peinture, poudre",Active,Actif,"2023-02-27 22:50:03"
N8010DE,"[""HS""]","Coatings, Epoxy","Revêtements, aux résines époxydiques",Active,Actif,"2023-02-27 22:50:03"
N8010DF,"[""HS""]","COATINGS, FIRE RETARDANT","Revêtements, ignifuges",Active,Actif,"2023-02-27 22:50:03"
N8010DG,"[""HS""]","COATINGS, INORGANIC ZINC","Revêtements au zinc minéral",Active,Actif,"2023-02-27 22:50:03"
N8010F,"[""HS""]",Enamels,Peintures-émail,Active,Actif,"2023-02-27 22:50:03"
N8010DH,"[""HS""]","COATINGS, INTERNAL, FOR FRESH WATER STORAGE TANK","Revêtement intérieurs de réservoirs à emmagasiner l'eau potable",Active,Actif,"2023-02-27 22:50:03"
N8010DJ,"[""HS""]","COATINGS, POLYURETHANE","Revêtements aux résines de polyuréthanne",Active,Actif,"2023-02-27 22:50:03"
N8010DLB,"[""HS""]","COATING SYSTEM, POLYURETHANE FOR AEROSPACE APPLICATION","Système de revêtement de polyuréthanne pour application d' aviation",Active,Actif,"2023-02-27 22:50:03"
N8010DMC,"[""HS""]","PAINT ANTIFOULING ABLATIVE LONG HULL COATING FOR SHIPS BOTTOMS FOR ALUMINUM STEEL FIBREGLASS WOOD AND CEMENT BOATS","Peinture antisalissure auto-polissante pour fonds de bateaux, aluminium, acier, fibre de verre, bois et béton",Active,Actif,"2023-02-27 22:50:03"
N8010L,"[""HS""]","MARKING MATERIAL, BLACK, QUICK DRYING (PAINT STENCIL)","Produit de marque, noir, à séchage rapide, pochoir à peinture",Active,Actif,"2023-02-27 22:50:03"
N8010M,"[""HS""]",Paint,Peinture,Active,Actif,"2023-02-27 22:50:03"
N8010FH,"[""HS""]","Paint, Powder, Polyester Enamel","Peinture, émail en poudre, polyester",Active,Actif,"2023-02-27 22:50:03"
N8010J,"[""HS""]",Lacquer,Vernis-laque,Active,Actif,"2023-02-27 22:50:03"
N8010N,"[""HS""]","Paint Remover","Décapant pour peinture",Active,Actif,"2023-02-27 22:50:03"
N8020B,"[""HS""]","BRUSH, PAINT","Pinceau de peintre",Active,Actif,"2023-02-27 22:50:03"
N8030,"[""HS""]","Preservative and Sealing Compounds","Produits de protection et d'étanchéité",Active,Actif,"2023-02-27 22:50:03"
N8030AB,"[""HS""]","COATINGS, PROTECTIVE","Revêtement, de protection",Active,Actif,"2023-02-27 22:50:03"
N8030AC,"[""HS""]","COATING SYSTEM, BRIDGING, STRIPPABLE, SPRAYABLE","Système de revêtement, pour pont, peut être décapé, vaporisable",Active,Actif,"2023-02-27 22:50:03"
N8010V,"[""HS""]",Varnish,Vernis,Active,Actif,"2023-02-27 22:50:03"
N8020,"[""HS""]","Paint and Artists' Brushes","Pinceaux et brosses de peintres",Active,Actif,"2023-02-27 22:50:03"
N8030B,"[""HS""]","COATING COMPOUND",Enduit,Active,Actif,"2023-02-27 22:50:03"
N8030CA,"[""HS""]","COMPOUND, CAULKING, OIL BASE","Mastic de calfeutrage à base d'huile",Active,Actif,"2023-02-27 22:50:03"
N8030CB,"[""HS""]","COMPOUND, CURING AND SEALING CONCRETE","Retardateur de prise, béton",Active,Actif,"2023-02-27 22:50:03"
N3720,"[""HS""]","Harvesting Equipment","Équipements pour moissonner",Active,Actif,"2023-02-27 22:50:03"
N3760,"[""HS""]","Animal Drawn Vehicles and Farm Trailers","Véhicules à traction animale et remorques de ferme",Active,Actif,"2023-02-27 22:50:03"
N8030E,"[""HS""]","PRESERVATIVE COATING","Enduit protecteur",Active,Actif,"2023-02-27 22:50:03"
N8030F,"[""HS""]","PRESERVATIVE COMPOUND","Composé de protection",Active,Actif,"2023-02-27 22:50:03"
N8030G,"[""HS""]",PUTTY,"Enduit gras",Active,Actif,"2023-02-27 22:50:03"
N8030H,"[""HS""]","SEALING COMPOUND","Composé d'étanchéité",Active,Actif,"2023-02-27 22:50:03"
N8030HA,"[""HS""]","SEALING COMPOUND, BATTERY, AIRCRAFT","Composé d'étanchéité, batterie, aéronef",Active,Actif,"2023-02-27 22:50:03"
N8030CK,"[""HS""]","COMPOUND, REPAIR, PLASTIC, CERAMIC FILLED AND/OR METALLIZED","Composé, réparation, plastique, masquage sur céramique et/ou métaux",Active,Actif,"2023-02-27 22:50:03"
N8030CM,"[""HS""]","COMPOUND, ANTISEIZE","Composé antigrippage",Active,Actif,"2023-02-27 22:50:03"
N8030D,"[""HS""]","CORROSION PREVENTIVE COMPOUND","Composé, anticorrosion",Active,Actif,"2023-02-27 22:50:03"
N8030HG,"[""HS""]","SEALING COMPOUND, ALL PURPOSE","Composé d'étanchéité, tout usage",Active,Actif,"2023-02-27 22:50:03"
N8030HMA,"[""HS""]","SEALING COMPOUND, JET-FUEL-RESISTANT","Composé d'étanchéité résistant aux carburéacteurs",Active,Actif,"2023-02-27 22:50:03"
N8040,"[""HS""]",Adhesives,Adhésifs,Active,Actif,"2023-02-27 22:50:03"
N8040AC,"[""HS""]","ADHESIVE, GLUE","Adhésif, colle",Active,Actif,"2023-02-27 22:50:03"
N8105D,"[""HS""]","BAG, AIRSICKNESS","Sac, mal de l'air",Active,Actif,"2023-02-27 22:50:03"
N8105EC,"[""HS""]","BAG, PAPER, MULTIWALL","Sac en papier, plusieurs parois",Active,Actif,"2023-02-27 22:50:03"
N8105F,"[""HS""]","BAG, PLASTIC","Sac en plastique",Active,Actif,"2023-02-27 22:50:03"
N8105,"[""HS""]","Bags and Sacks","Sacs divers",Active,Actif,"2023-02-27 22:50:03"
N8105C,"[""HS""]","BAG, TEXTILE","Sac, textile",Active,Actif,"2023-02-27 22:50:03"
N8110B,"[""HS""]","Tubes, Mailing and Filing","Tubes à documents et classement",Active,Actif,"2023-02-27 22:50:03"
N8110C,"[""HS""]","Drums, Kegs, Barrels, Wooden","Fûts, tonnelets, tonneaux, en bois",Active,Actif,"2023-02-27 22:50:03"
N8110D,"[""HS""]","DRUMS, SHIPPING AND STORAGE","Fûts, transport et entreposage",Active,Actif,"2023-02-27 22:50:03"
N8115,"[""HS""]","Boxes, Cartons and Crates","Boîtes, cartons et caisses à claire-voie",Active,Actif,"2023-02-27 22:50:03"
N8115A,"[""HS""]","BOX, SHIPPING","Boîte d'expédition",Active,Actif,"2023-02-27 22:50:03"
N8105H,"[""HS""]","BAG, SAND","Sac à sable",Active,Actif,"2023-02-27 22:50:03"
N8105M,"[""HS""]","SACK, SHIPPING, CUSHIONED","Sac de transport, rembourré",Active,Actif,"2023-02-27 22:50:03"
N8105Q,"[""HS""]","BAG, FOOD PRODUCTS","Sac, produits alimentaires",Active,Actif,"2023-02-27 22:50:03"
N8105R,"[""HS""]","Bags and Liners, Plastic, Degradable","Sacs et doublures, plastiques, dégradables",Active,Actif,"2023-02-27 22:50:03"
N8115AD,"[""HS""]","BOX, SHIPPING, WOOD","Boîte d'expédition, bois",Active,Actif,"2023-02-27 22:50:03"
N8115B,"[""HS""]","BOXES PAPERBOARD","Boîtes en carton",Active,Actif,"2023-02-27 22:50:03"
N8115D,"[""HS""]","BOX, PLASTIC","Boîte, plastique",Active,Actif,"2023-02-27 22:50:03"
N8135AB,"[""HS""]","ALUMINUM FOIL, COMMERCIAL PACKAGING","Feuille d'aluminium, conditionnement commercial",Active,Actif,"2023-02-27 22:50:03"
N8135B,"[""HS""]","BARRIER MATERIAL","Matériau barrière",Active,Actif,"2023-02-27 22:50:03"
N8135C,"[""HS""]","CUSHIONING MATERIAL, PACKAGING","Matériau amortisseur, emballage",Active,Actif,"2023-02-27 22:50:03"
N8135CF,"[""HS""]","CUSHIONING MATERIAL, PACKAGING, POLYSTYRENE, POLYURETHANE OR POLYETHYLENE FOAM","Matériau amortisseur, emballage, mousse de polystyrène, de polyuréthanne ou de polyéthylène",Active,Actif,"2023-02-27 22:50:03"
N8115M,"[""HS""]","CRATES, WOOD","Caisses à claire-voie, bois",Active,Actif,"2023-02-27 22:50:03"
N8120,"[""HS""]","Commercial and Industrial Gas Cylinders","Cylindre de gaz commerciales et industrielles",Active,Actif,"2023-02-27 22:50:03"
N8120B,"[""HS""]","CYLINDERS, COMPRESSED GASES (EMPTY)","Cylindre de gaz, vides",Active,Actif,"2023-02-27 22:50:03"
N8125,"[""HS""]","Bottles and Jars","Bouteilles et bocaux",Active,Actif,"2023-02-27 22:50:03"
N8130,"[""HS""]","Reels and Spools","Tourets et bobines",Active,Actif,"2023-02-27 22:50:03"
N8130A,"[""HS""]","REELS AND SPOOLS (N.E.S.)","Tourets et bobines (N.E.A)",Active,Actif,"2023-02-27 22:50:03"
N8135,"[""HS""]","Packaging and Packing Bulk Materials","Matériaux d'empaquetage et d'emballage, en vrac",Active,Actif,"2023-02-27 22:50:03"
N8135JE,"[""HS""]","PAPER, WRAPPING (PACKAGING)","Papier Kraft, emballage",Active,Actif,"2023-02-27 22:50:03"
N8135K,"[""HS""]","PLASTIC SHEET/TUBING, PLASTIC (PACKAGING)","Matière plastique, feuille, tubage, plastique, emballage",Active,Actif,"2023-02-27 22:50:03"
N8135L,"[""HS""]","PLASTIC FILM","Pellicule de plastique",Active,Actif,"2023-02-27 22:50:03"
N8135N,"[""HS""]","SEAL, STRAPPING AND PACKAGING","Attache, feuillard et emballage",Active,Actif,"2023-02-27 22:50:03"
N8135E,"[""HS""]","FIBERBOARD, SOLID, HARD PRESSED","Carton compact, embouti",Active,Actif,"2023-02-27 22:50:03"
N8135H,"[""HS""]","LINER, CASE, WATERPROOF, CGSB 43-GP-10547","Doublure de caisse imperméable, ONGC 43-GP-10547",Active,Actif,"2023-02-27 22:50:03"
N8135R,"[""HS""]","TAPE (PACKAGING)","Ruban, emballage",Active,Actif,"2023-02-27 22:50:03"
N8135V,"[""HS""]","WRAPPER, COIN, TUBULAR","Emballage, pièce de monnaie, tubulaire",Active,Actif,"2023-02-27 22:50:03"
N8140,"[""HS""]","Ammunition and Nuclear Ordnance Boxes, Packages and Special Containers","Boîtes, emballages et conteneurs spéciaux pour munitions classiques et nucléaires",Active,Actif,"2023-02-27 22:50:03"
N8135P,"[""HS""]","STRAPPING (PACKAGING)","Feuillard (emballage)",Active,Actif,"2023-02-27 22:50:03"
N8135Q,"[""HS""]",TAG,"Étiquette mobile",Active,Actif,"2023-02-27 22:50:03"
N8140A,"[""HS""]","AMMUNITION BOXES, PACKAGES AND SPECIAL CONTAINERS","Boîtes à munitions, emballages et conteneurs spéciaux",Active,Actif,"2023-02-27 22:50:03"
N8145,"[""HS""]","Specialized Shipping and Storage Containers","Conteneurs spéciaux pour le transport et le stockage",Active,Actif,"2023-02-27 22:50:03"
N8145A,"[""HS""]","SHIPPING CONTAINERS, FOOD, BULK, INSULATED PLASTIC CONSTRUCTION","Conteneurs de transport, aliments, en vrac, construction en plastique isolée",Active,Actif,"2023-02-27 22:50:03"
N8145B,"[""HS""]","SPECIALIZED SHIPPING AND STORAGE CONTAINERS, WOOD, PLASTIC OR METAL (N.E.S)","Conteneurs spéciaux pour le transport et le stockage, bois, plastique ou métal",Active,Actif,"2023-02-27 22:50:03"
N8145C,"[""HS""]","CASE, SHIPPING WITH MOULDED FOAM INSERTS","Caisse, transport, avec garnitures intérieures en mousse moulée",Active,Actif,"2023-02-27 22:50:03"
N8145D,"[""HS""]","CONTAINER, SHIPPING, FIBREBOARD, PALLETIZED","Conteneur de transport, carton dur, palettisé",Active,Actif,"2023-02-27 22:50:03"
N8145F,"[""HS""]","CONTAINER, STEEL, SHIPPING AND STORAGE, FOR DRUMS CONTAINING PCB AND OTHER DANGEROUS GOODS","Conteneur en acier, transport et entreposage de fûts contenant du déphényle polychlore et d'autres produits dangereux",Active,Actif,"2023-02-27 22:50:03"
N8145G,"[""HS""]","Specialized Containers, Flood Barrier","Sacs spéciaux conçus pour freiner les inondations",Active,Actif,"2023-02-27 22:50:03"
N8520,"[""HS""]","Toilet Soap, Shaving Preparations, and Dentifrices","Savons de toilette, préparations pour la barbe et dentifrices",Active,Actif,"2023-02-27 22:50:03"
N8540,"[""HS""]","Toiletry Paper Products","Produits en papier pour la toilette",Active,Actif,"2023-02-27 22:50:03"
N8540C,"[""HS""]","PAPER, TOILET","Papier, hygiénique, N.E.A.",Active,Actif,"2023-02-27 22:50:03"
N9450,"[""HS""]","Nonmetallic Scrap, Except Textile","Débris non métalliques, sauf textiles",Active,Actif,"2023-02-27 22:50:03"
N9505,"[""HS""]","Wire, Nonelectrical","Fil, non électriques",Active,Actif,"2023-02-27 22:50:03"
N9515D,"[""HS""]","SHIMSTOCK, STEEL","Tôle, cales, acier",Active,Actif,"2023-02-27 22:50:03"
N9515E,"[""HS""]","STEEL STRIP","Ruban en acier",Active,Actif,"2023-02-27 22:50:03"
N9515F,"[""HS""]","FLOOR PLATE, STEEL, DOUBLE DECK","Plaque de plancher, acier, deux ponts",Active,Actif,"2023-02-27 22:50:03"
N9515G,"[""HS""]","IRON SHEETS, CORRUGATED","Tôles de fer, ondulées",Active,Actif,"2023-02-27 22:50:03"
N9520,"[""HS""]","Structural Shapes",Profilés,Active,Actif,"2023-02-27 22:50:03"
N9520A,"[""HS""]","Piling, Steel","Pilotis, acier",Active,Actif,"2023-02-27 22:50:03"
N9505CB,"[""HS""]","WIRE, STAINLESS STEEL, (NONELECTRICAL)","Fil, acier inoxydable (non électrique)",Active,Actif,"2023-02-27 22:50:03"
N9505CC,"[""HS""]","WIRE, GALVANIZED STEEL, (NONELECTRICAL)","Fil, acier galvanisé (non électrique)",Active,Actif,"2023-02-27 22:50:03"
N9510,"[""HS""]","Bars and Rods","Barres et tiges",Active,Actif,"2023-02-27 22:50:03"
N9510A,"[""HS""]","Metal Bar (steel)","Barre métallique (acier)",Active,Actif,"2023-02-27 22:50:03"
N9510B,"[""HS""]","Metal Rod/Bar, Stainless Steel","Tringle/barre métalliques, acier inoxydable",Active,Actif,"2023-02-27 22:50:03"
N9510CA,"[""HS""]","Metal Rod, Drill Rod (tool steel)","Tringle métallique, tige de sonde (acier à outils)",Active,Actif,"2023-02-27 22:50:03"
N9515,"[""HS""]","Plate, Sheet, Strip, Foil and Leaf","Plaques, feuilles, lames, bandes et feuillards",Active,Actif,"2023-02-27 22:50:03"
N9515A,"[""HS""]","STEEL PLATES, SHEETS AND STRIPS","Plaques, feuilles et rubans en acier",Active,Actif,"2023-02-27 22:50:03"
N9515B,"[""HS""]","STEEL SHEET","Feuille en acier",Active,Actif,"2023-02-27 22:50:03"
N9530H,"[""HS""]","ALUMINUM, BARS AND RODS","Aluminium, barres et tiges",Active,Actif,"2023-02-27 22:50:03"
N9535,"[""HS""]","Plates, Sheet, Strip and Foil, Nonferrous Base Metal","Plaques, feuilles, rubans et lames, en métaux non ferreux",Active,Actif,"2023-02-27 22:50:03"
N9535A,"[""HS""]","ALUMINUM SHEET","Feuilles d'aluminium",Active,Actif,"2023-02-27 22:50:03"
N9535E,"[""HS""]","LEAD ALLOY SHEET","Feuille en alliage de plomb",Active,Actif,"2023-02-27 22:50:03"
N9535F,"[""HS""]","SHEET, NICKEL, MONEL, INCONEL AND INCOLOY","Feuille, nickel, monel, inconel et incoloy",Active,Actif,"2023-02-27 22:50:03"
N9540,"[""HS""]","Structural Shapes, Nonferrous Base Metal","Profiles, en métaux non ferreux",Active,Actif,"2023-02-27 22:50:03"
N9540A,"[""HS""]","ALUMINUM ANGLES, CHANNELS AND SECTIONS","Angles en aluminium, cannelures et sections",Active,Actif,"2023-02-27 22:50:03"
N9520B,"[""HS""]","STEEL ANGLES","Angles en acier",Active,Actif,"2023-02-27 22:50:03"
N9520D,"[""HS""]","STEEL, STRUCTURAL","Acier, de construction",Active,Actif,"2023-02-27 22:50:03"
N9520E,"[""HS""]","STEEL SECTION, ROLL FORMED, (SPECIAL SHAPES)","Section en acier, en rouleau (formes spéciales)",Active,Actif,"2023-02-27 22:50:03"
N9525,"[""HS""]","Wire, Nonelectrical, Nonferrous Base Metal","Fils, non électriques, en métal non ferreux",Active,Actif,"2023-02-27 22:50:03"
N9525A,"[""HS""]","WIRE, ALUMINUM","Fil en aluminium",Active,Actif,"2023-02-27 22:50:03"
N9525D,"[""HS""]","WIRE, COPPER","Fil en cuivre",Active,Actif,"2023-02-27 22:50:03"
N9530,"[""HS""]","Bars and Rods, Nonferrous Base Metal","Barres et ronds, en métaux non ferreux",Active,Actif,"2023-02-27 22:50:03"
N9530A,"[""HS""]","COPPER AND BRASS ROD","Baguette en cuivre et en laiton",Active,Actif,"2023-02-27 22:50:03"
N9530E,"[""HS""]","BAR, NICKEL, MONEL, INCONEL AND INCOLOY","Barre, nickel, monel, inconel et incoloy",Active,Actif,"2023-02-27 22:50:03"
N9540C,"[""HS""]","EXTRUSION ALUMINUM","Aluminium de refoulage",Active,Actif,"2023-02-27 22:50:03"
N9540E,"[""HS""]","SECTION, ROLL FORMED (SPECIAL SHAPES) NONFERROUS METAL","Section, en rouleau (formes spéciales) en métal non ferreux",Active,Actif,"2023-02-27 22:50:03"
N9545,"[""HS""]","Plates, Sheet, Strip, Foil and Wire, Precious Metal","Plaques, feuilles, rubans, lames et fils, en métaux précieux",Active,Actif,"2023-02-27 22:50:03"
N9545B,"[""HS""]","PLATES, SHEET, STRIP, FOIL AND WIRE, PRECIOUS METAL (N.E.S.)","Plaque, feuille, ruban, papier et fil, en métal précieux non classifiés ailleurs",Active,Actif,"2023-02-27 22:50:03"
N9610,"[""HS""]",Ores,Minéraux,Active,Actif,"2023-02-27 22:50:03"
N9620,"[""HS""]","Minerals, Natural and Synthetics","Minéraux, naturels et synthétiques",Active,Actif,"2023-02-27 22:50:03"
N9630,"[""HS""]","Additive Metal Materials","Métaux additifs",Active,Actif,"2023-02-27 22:50:03"
N9640,"[""HS""]","Iron and Steel Primary and Semifinished Products","Produits primaires et semi-finis, en fer et en acier",Active,Actif,"2023-02-27 22:50:03"
N9905H,"[""HS""]",PLAQUES,Plaques,Active,Actif,"2023-02-27 22:50:03"
N9905J,"[""HS""]",PLATES,Plaques,Active,Actif,"2023-02-27 22:50:03"
N9660,"[""HS""]","Precious Metals, Primary Forms","Formes primaires de métaux précieux",Active,Actif,"2023-02-27 22:50:03"
N9670,"[""HS""]","Iron and Steel Scrap","Déchets de fer et d'acier",Active,Actif,"2023-02-27 22:50:03"
N9680,"[""HS""]","Nonferrous Metal Scrap","Déchets de métal non ferreux",Active,Actif,"2023-02-27 22:50:03"
N9905,"[""HS""]","Signs and Identification Plates","Enseignes et plaques d'identification",Active,Actif,"2023-02-27 22:50:03"
N9905MB,"[""HS""]","TAGS, METAL","Étiquettes, métal",Active,Actif,"2023-02-27 22:50:03"
N9905MD,"[""HS""]","TAGS, PLASTIC, LAMINATED, PRINTED, FISH IDENTIFICATION","Étiquettes en plastique, laminées, imprimées, identification du poisson",Active,Actif,"2023-02-27 22:50:03"
N9905N,"[""HS""]","TITLE LETTERS, PHOTOGRAPHIC","Lettres titre, photograhiques",Active,Actif,"2023-02-27 22:50:03"
N9905P,"[""HS""]","ADVERTISING DISPLAYS","Étalages publicitaires",Active,Actif,"2023-02-27 22:50:03"
N9905K,"[""HS""]",SIGNS,Écriteaux,Active,Actif,"2023-02-27 22:50:03"
N9905KP,"[""HS""]","SIGNS, PLASTIC (N.E.S.)","Écriteaux, plastique (N.E.A.)",Active,Actif,"2023-02-27 22:50:03"
N9925,"[""HS""]","Ecclesiastical Equipment, Furnishings and Supplies","Ameublement et articles de cultes",Active,Actif,"2023-02-27 22:50:03"
N9930,"[""HS""]","Memorials, Cemeterial and Mortuary Equipment and Supplies","Monuments, matériel et articles funéraires",Active,Actif,"2023-02-27 22:50:03"
N9930A,"[""HS""]","GRAVE MARKERS, BRONZE, FLAT","Plaques commémoratives, plates en bronze",Active,Actif,"2023-02-27 22:50:03"
N9930D,"[""HS""]","Caskets, Burial",Cercueils,Active,Actif,"2023-02-27 22:50:03"
N9905Q,"[""HS""]","ADVERTISING AND PROMOTIONAL BALLOONS","Ballons publicitaires et promotionnels",Active,Actif,"2023-02-27 22:50:03"
N9905QA,"[""HS""]","MARKER, CONE SHAPE, MAGNETIC BASE","Tube marqueur, en forme de cône, base aimantée",Active,Actif,"2023-02-27 22:50:03"
N9905R,"[""HS""]","Nameplates, Dials, etc.","Plaques nominatives, cadrans, etc.,",Active,Actif,"2023-02-27 22:50:03"
N9905S,"[""HS""]","DISPLAY FORMS, MANNEQUIN","Présentoirs, mannequin",Active,Actif,"2023-02-27 22:50:03"
N9915,"[""HS""]","Collectors Items","Articles de collectionneurs",Active,Actif,"2023-02-27 22:50:03"
N9920,"[""HS""]","Smokers, Articles and Matches","Articles de fumeurs et allumettes",Active,Actif,"2023-02-27 22:50:03"
R008B,"[""HS""]","Mobility Equipment Minor Engineering Tasks (MEMET) related to vehicular equipment","Travaux techniques mineurs pour équipement mobile reliés aux véhicules",Active,Actif,"2023-02-27 22:50:03"
WL2340,"[""HS""]","MOTORCYCLES, MOTOR SCOOTERS AND BICYCLES - LEASING","Motocyclettes, vélomoteurs et bicyclettes - location à bail",Active,Actif,"2023-02-27 22:50:03"
WL2410,"[""HS""]","TRACTORS, FULL TRACK, LOW SPEED, LEASING OF EQUIPMENT","Tracteurs à chenille, lents - location (à bail)",Active,Actif,"2023-02-27 22:50:03"
WL2420,"[""HS""]","TRACTORS, WHEELED - LEASING","Tracteurs sur roues - location à bail",Active,Actif,"2023-02-27 22:50:03"
WL2610,"[""HS""]","TIRES AND TUBES, PNEUMATIC, EXCEPT AIRCRAFT - LEASING","Pneumatiques et chambres à air, sauf pour aéronefs - location à bail",Active,Actif,"2023-02-27 22:50:03"
WL3720,"[""HS""]","HARVESTING EQUIPMENT - LEASING","Équipements pour moissonner - location à bail",Active,Actif,"2023-02-27 22:50:03"
WL3805,"[""HS""]","EARTHMOVING AND EXCAVATING EQUIPMENT - LEASING","Équipement de terrassement et d'excavation - location à bail",Active,Actif,"2023-02-27 22:50:03"
WL3810,"[""HS""]","CRANES AND CRANE SHOVELS - LEASING","Grues et pelles-grues - location à bail",Active,Actif,"2023-02-27 22:50:03"
WL3820,"[""HS""]","MINING, ROCK DRILLING, EARTH BORING AND ASSOCIATED EQUIPMENT - LEASING","Équipement de minage, de forage, de sondage et autres matériaux - location à bail",Active,Actif,"2023-02-27 22:50:03"
WL3895,"[""HS""]","MISCELLANEOUS CONSTRUCTION EQUIPMENT - LEASING","Équipement divers pour travaux de construction - location à bail",Active,Actif,"2023-02-27 22:50:03"
WL3910,"[""HS""]","CONVEYORS - LEASING","Appareils transporteurs - location",Active,Actif,"2023-02-27 22:50:03"
WL3920,"[""HS""]","MATERIALS HANDLING EQUIPMENT/NON SELF PROPELLED - LEASING","Équipements pour la manutention à bras des matériels - location à bail",Active,Actif,"2023-02-27 22:50:03"
WL3930,"[""HS""]","WAREHOUSE TRUCKS AND TRACTORS, SELF-PROPELLED - LEASING","Camions et tracteurs automoteurs, d'entrepôts - location",Active,Actif,"2023-02-27 22:50:03"
WL3990,"[""HS""]","MATERIALS HANDLING EQUIPMENT, MISCELLANEOUS - LEASING","Équipement général pour la manutention du matériel - location à bail",Active,Actif,"2023-02-27 22:50:03"
WR1730,"[""HS""]","AIRCRAFT GROUND SERVICING EQUIPMENT - RENTAL","Matériel de services au sol des aéronefs - location",Active,Actif,"2023-02-27 22:50:03"
WR2240,"[""HS""]","LOCOMOTIVE AND RAIL CAR ACCESSORIES AND COMPONENTS - RENTAL","Parties constitutives des locomotives, des wagons et les accessoires - location",Active,Actif,"2023-02-27 22:50:03"
WL7920,"[""HS""]","BROOMS, BRUSHES, MOPS AND SPONGES - LEASING","Balais, brosses, balais à franges et éponges - location à bail",Active,Actif,"2023-02-27 22:50:03"
WL8120,"[""HS""]","COMMERCIAL AND INDUSTRIAL GAS CYLINDERS - LEASING","Bouteilles à gaz commerciales et industrielles - location à bail",Active,Actif,"2023-02-27 22:50:03"
WL8145,"[""HS""]","SPECIALIZED SHIPPING AND STORAGE CONTAINERS - LEASING","Conteneurs spéciaux pour le transport et le stockage - location à bail",Active,Actif,"2023-02-27 22:50:03"
WL9905,"[""HS""]","Signs and Identification Plates - Leasing","Enseignes et plaques d'identification - location à bail",Active,Actif,"2023-02-27 22:50:03"
WR2430,"[""HS""]","TRACTORS, TRACK LAYING, HIGH SPEED - RENTAL","Tracteurs à chenilles, rapides - location",Active,Actif,"2023-02-27 22:50:03"
WR2610,"[""HS""]","TIRES AND TUBES, PNEUMATIC, EXCEPT AIRCRAFT - RENTAL","Pneumatiques et chambres à air, sauf pour aéronefs - location",Active,Actif,"2023-02-27 22:50:03"
WR2895,"[""HS""]","MISCELLANEOUS ENGINES AND COMPONENTS - RENTAL","Moteurs divers et composants - location",Active,Actif,"2023-02-27 22:50:03"
WR3030,"[""HS""]","BELTING, DRIVE BELTS, FAN BELTS AND ACCESSORIES - RENTAL","Courroies de transmissions, courroies de commande, courroies de ventilateurs et accessoires - location",Active,Actif,"2023-02-27 22:50:03"
WR2340,"[""HS""]","MOTORCYCLES, MOTOR SCOOTERS AND BICYCLES - RENTAL","Motocyclettes, vélomoteurs et bicyclettes - location",Active,Actif,"2023-02-27 22:50:03"
WR2350A,"[""HS""]","SNOWMOBILE - RENTAL","Autoneige (motoneige) - location",Active,Actif,"2023-02-27 22:50:03"
WR2410,"[""HS""]","TRACTORS, FULL-TRACK, LOW SPEED - RENTAL","Tracteurs à chenilles, lents - location",Active,Actif,"2023-02-27 22:50:03"
WR2420,"[""HS""]","TRACTORS WHEELED - RENTAL","Tracteurs sur roues - location",Active,Actif,"2023-02-27 22:50:03"
WR3710,"[""HS""]","SOIL PREPARATION EQUIPMENT - RENTAL","Équipement pour la préparation du sol - location",Active,Actif,"2023-02-27 22:50:03"
WR3720,"[""HS""]","HARVESTING EQUIPMENT - RENTAL","Équipements pour moissonner - location",Active,Actif,"2023-02-27 22:50:03"
WR3750,"[""HS""]","GARDENING IMPLEMENTS AND TOOLS - RENTAL","Instruments et outils de jardinage - location",Active,Actif,"2023-02-27 22:50:03"
WR3805,"[""HS""]","EARTHMOVING AND EXCAVATING EQUIPMENT - RENTAL","Équipement de terrassement et d'excavation - location",Active,Actif,"2023-02-27 22:50:03"
WR3805B,"[""HS""]","EXCAVATOR, HYDRAULIC, CRAWLER MOUNTED - RENTAL","Excavatrice hydraulique, montée sur tracteur à chenilles - location",Active,Actif,"2023-02-27 22:50:03"
WR3805C,"[""HS""]","LOADERS, FRONT END - RENTALS","Chargeuses, frontales - location",Active,Actif,"2023-02-27 22:50:03"
WR3805D,"[""HS""]","EARTH AND ROCK HAULING TRUCKS AND TRAILERS - RENTAL","Camions et remorques pour le transport de terre et de pierres - location",Active,Actif,"2023-02-27 22:50:03"
WR3810,"[""HS""]","CRANES AND CRANE SHOVELS - RENTAL","Grues et pelles de grues - location",Active,Actif,"2023-02-27 22:50:03"
WR3825,"[""HS""]","ROAD CLEARING AND CLEANING EQUIPMENT - RENTALS","Équipement pour le déblaiement et le nettoyage des routes - location",Active,Actif,"2023-02-27 22:50:03"
WR3830,"[""HS""]","TRUCK AND TRACTOR ATTACHMENTS - RENTAL","Dispositifs annexés pour camions et tracteurs - location",Active,Actif,"2023-02-27 22:50:03"
WR3895,"[""HS""]","MISCELLANEOUS CONSTRUCTION EQUIPMENT - RENTAL","Équipement divers pour travaux de construction - location",Active,Actif,"2023-02-27 22:50:03"
WR3910,"[""HS""]","CONVEYORS - RENTAL","Appareils transporteurs - location",Active,Actif,"2023-02-27 22:50:03"
WR3920,"[""HS""]","MATERIALS HANDLING EQUIPMENT/NON SELF PROPELLED - RENTAL","Équipements pour la manutention à bras des matériels - location",Active,Actif,"2023-02-27 22:50:03"
WR3930,"[""HS""]","WAREHOUSE TRUCKS AND TRACTORS, SELF-PROPELLED - RENTAL","Camions et tracteurs automoteurs, d'entrepôts - location",Active,Actif,"2023-02-27 22:50:03"
WR3930A,"[""HS""]","TRUCK, FORKLIFT - RENTAL","Chariot, élévateur, à fourche - location",Active,Actif,"2023-02-27 22:50:03"
WR3930AA,"[""HS""]","TRUCK, FORKLIFT, ELECTRIC, NARROW AISLE - RENTAL","Chariot, élévateur à fourche, électrique, rang étroit - location",Active,Actif,"2023-02-27 22:50:03"
WR3950,"[""HS""]","WINCHES, HOISTS, CRANES, AND DERRICKS - RENTAL","Treuils, monte-charge, grues et tours (""derricks"") - location",Active,Actif,"2023-02-27 22:50:03"
WR3960,"[""HS""]","ELEVATORS AND ESCALATORS - RENTAL","Ascenseurs et élévateurs - location",Active,Actif,"2023-02-27 22:50:03"
WR3990,"[""HS""]","MATERIALS HANDLING EQUIPMENT, MISCELLANEOUS - RENTAL","Équipement général pour la manutention du matériel - location",Active,Actif,"2023-02-27 22:50:03"
WR4910,"[""HS""]","MOTOR VEHICLE MAINTENANCE AND REPAIR SHOP SPECIALIZED EQUIPMENT - RENTAL","Équipement spécialisé pour atelier de réparations et d'entretien de véhicules-moteur, location",Active,Actif,"2023-02-27 22:50:03"
WR4930,"[""HS""]","LUBRICATION AND FUEL DISPENSING EQUIPMENT - RENTAL","Équipement de lubrification et de distribution de carburant - location",Active,Actif,"2023-02-27 22:50:03"
WR4940,"[""HS""]","MAINTENANCE AND REPAIR SHOP SPECIALIZED EQUIPMENT, MISCELLANEOUS - RENTAL","Équipement spécialisé divers pour ateliers de réparation et d'entretien - location",Active,Actif,"2023-02-27 22:50:03"
WR7910,"[""HS""]","FLOOR POLISHERS AND VACUUM CLEANING EQUIPMENT - RENTAL","Cireuses à parquets et aspirateurs de poussière - location",Active,Actif,"2023-02-27 22:50:03"
WR7920,"[""HS""]","BROOMS, BRUSHES, MOPS AND SPONGES - RENTAL","Balais, brosses, balais à franges et éponges - location",Active,Actif,"2023-02-27 22:50:03"
WR8120,"[""HS""]","COMMERCIAL AND INDUSTRIAL GAS CYLINDERS - RENTAL","Bouteilles à gaz commerciales et industrielles - location",Active,Actif,"2023-02-27 22:50:03"
WR8135,"[""HS""]","PACKAGING AND PACKING BULK MATERIALS - RENTAL","Matériaux d'empaquetage et d'emballage, en vrac - location",Active,Actif,"2023-02-27 22:50:03"
WR8145,"[""HS""]","SPECIALIZED SHIPPING AND STORAGE CONTAINERS - RENTAL","Conteneurs spéciaux pour le transport et le stockage - location",Active,Actif,"2023-02-27 22:50:03"
WR9905,"[""HS""]","SIGNS AND IDENTIFICATION PLATES - RENTAL","Enseignes et plaques d'identification - location",Active,Actif,"2023-02-27 22:50:03"
N8110,"[""HS""]","Drums and Cans","Fûts et bidons",Active,Actif,"2023-02-27 22:50:03"
N2340,"[""HS""]","Motorcycles, Motor Scooters and Bicycles","Motocyclettes, vélomoteur et bicyclettes",Active,Actif,"2023-02-27 22:50:03"
N9650,"[""HS""]","Nonferrous Base Metal Refinery and Intermediate Forms","Métaux non ferreux en lingots ou en formes intermédiaires",Active,Actif,"2023-02-27 22:50:03"
N8150A,"[""HS""]","Containers, Freight","Conteneurs de fret",Active,Actif,"2023-02-27 22:50:03"
N8150,"[""HS""]","Freight Containers","Conteneurs de fret",Active,Actif,"2023-02-27 22:50:03"
JD2310,"[""HP""]","PASSENGER MOTOR VEHICLES - PRODUCTION DESIGN","Véhicules à moteur de tourisme - dessin de production",Active,Actif,"2023-02-27 22:50:03"
JD2320,"[""HP""]","TRUCKS AND TRUCK TRACTORS, WHEELED - PRODUCTION DESIGN","Camions et tracteurs routiers pour semi-remorques, sur roues - dessin de production",Active,Actif,"2023-02-27 22:50:03"
JI9330,"[""HP""]","Plastics Fabricated Materials - Installation","Matières usinées, en matière plastique - installation",Active,Actif,"2023-02-27 22:50:03"
JX2310,"[""HP""]","Passenger Motor Vehicles - Repair","Véhicules à moteur de tourisme - réparation",Active,Actif,"2023-02-27 22:50:03"
JX2310C,"[""HP""]","Passenger Motor Vehicles - Repair and Overhaul - Ford Motors","Véhicules à moteur de tourisme - réparation et révision - Ford Motors",Active,Actif,"2023-02-27 22:50:03"
JX2310D,"[""HP""]","Passenger Motor Vehicles - Repair and Overhaul - General Motors","Véhicules à moteur de tourisme - réparation et révision - General Motors",Active,Actif,"2023-02-27 22:50:03"
JX2310E,"[""HP""]","Buses, Repairs and Service","Autobus - réparations et service",Active,Actif,"2023-02-27 22:50:03"
JX2310F,"[""HP""]","Ambulances, Repair and Overhaul","Ambulances, réparation et révision",Active,Actif,"2023-02-27 22:50:03"
JX2320A,"[""HP""]","Vehicles, Wheeled, Standard Military Pattern - Repair and Overhaul","Véhicules, sur roues, modèle militaire standard - réparation et révision",Active,Actif,"2023-02-27 22:50:03"
JX2330,"[""HP""]","Trailers - Repair","Remorques et semi-remorques - réparation",Active,Actif,"2023-02-27 22:50:03"
JX2330A,"[""HP""]","Trailers, Repairs and Service","Remorques - réparations et service",Active,Actif,"2023-02-27 22:50:03"
JX3110,"[""HP""]","Bearings, Antifriction, Unmounted - Repair","Roulements nus - réparation",Active,Actif,"2023-02-27 22:50:03"
JX3130,"[""HP""]","Bearings, Mounted - Repair","Roulements et paliers équipes - réparation",Active,Actif,"2023-02-27 22:50:03"
JX4210B,"[""HP""]","Truck, Firefighting - Repair","Camion de lutte contre l'incendie - réparation",Active,Actif,"2023-02-27 22:50:03"
JX4310AA,"[""HP""]","Compressors - Repair, Overhaul, Modification and Maintenance (except Marine)","Compresseurs - réparation, révision, modification et entretien sauf marin",Active,Actif,"2023-02-27 22:50:03"
JX4110A,"[""HP""]","Refrigeration Equipment - Repair and Overhaul","Équipement de réfrigération - réparation et révision",Active,Actif,"2023-02-27 22:50:03"
JX4120,"[""HP""]","Air Conditioning Equipment - Repair and Overhaul","Équipement de climatisation - réparation et révision",Active,Actif,"2023-02-27 22:50:03"
JX4120A,"[""HP""]","Air Conditioning Equipment, Industrial - Repair","Équipement de climatisation industriel - réparation",Active,Actif,"2023-02-27 22:50:03"
JX4810,"[""HP""]","Valve, Powered - Repair and Overhaul","Soupape et robinet, à commande mécanique - réparation et révision",Active,Actif,"2023-02-27 22:50:03"
JX4820,"[""HP""]","Valves, Non-Powered - Repair and Overhaul","Soupapes et robinets, à commande directe - réparation et révision",Active,Actif,"2023-02-27 22:50:03"
JX4320A,"[""HP""]","Pumps, Repair, Overhaul, Modification and Maintenance","Pompes - réparation, révision, modification et entretien",Active,Actif,"2023-02-27 22:50:03"
JX4320B,"[""HP""]","Pump, Hydraulic - Repair","Pompe hydraulique - réparation",Active,Actif,"2023-02-27 22:50:03"
JX4320C,"[""HP""]","Pumps, Submersible or Floating - Repair and Overhaul","Pompes, submersibles ou flottantes - réparation et révision",Active,Actif,"2023-02-27 22:50:03"
JX4330,"[""HP""]","Centrifugals, Separators and Pressure and Vacuum Filters - Repair","Centrifugeurs, séparateurs et filtres à pression et à dépression - réparation",Active,Actif,"2023-02-27 22:50:03"
JX5220,"[""HP""]","Inspection Gages and Precision Layout Tools - Repair","Jauges de contrôle et instruments de précision - réparation",Active,Actif,"2023-02-27 22:50:03"
JX5280,"[""HP""]","Sets, Kits and Outfits of Measuring Tools - Repair","Ensembles, jeux et trousses d'instruments de mesure et de vérification - réparation",Active,Actif,"2023-02-27 22:50:03"
JX4820AB,"[""HP""]","Valves, Hydraulic - Repair","Valves hydrauliques - réparation",Active,Actif,"2023-02-27 22:50:03"
JX5110,"[""HP""]","Hand Tools, Edged, Non-powered - Repair","Outils à main tranchants, sans moteur - réparation",Active,Actif,"2023-02-27 22:50:03"
JX5120,"[""HP""]","Hand Tools, Nonedged, Nonpowered - Repair","Outils à main, non tranchants, sans moteur - réparation",Active,Actif,"2023-02-27 22:50:03"
JX5130,"[""HP""]","Hand Tools, Power-Driven - Repair","Outils à main, à moteur - réparation",Active,Actif,"2023-02-27 22:50:03"
JX5133,"[""HP""]","Drill Bits, Counterbores and Countersinks, Hand and Machine - Repair","Mèches et forêts, fraises à chanfreiner, fraises à lamer, à main et machines-outils - réparation",Active,Actif,"2023-02-27 22:50:03"
JX5136,"[""HP""]","Taps, Dies and Collets, Hand and Machine - Repair","Tarauds, matrices et mandrins à main et pour machines - réparation",Active,Actif,"2023-02-27 22:50:03"
JX5210,"[""HP""]","Measuring Tools, Craftsmen - Repair","Instruments de mesure et de vérification pour artisans - réparation",Active,Actif,"2023-02-27 22:50:03"
JX9330,"[""HP""]","Plastics Fabricated Materials - Repair","Matières usinées, en matière plastique - réparation",Active,Actif,"2023-02-27 22:50:03"
JX9330A,"[""HP""]","Plastic Materials, Fiberglass Reinforced, Repairs","Matière plastique, renforcée de fibre de verre, réparations",Active,Actif,"2023-02-27 22:50:03"
JX9350,"[""HP""]","Refractories and Fire Surfacing Materials - Repair","Matières réfractaires et de surface de chauffe - réparations",Active,Actif,"2023-02-27 22:50:03"
N2310,"[""HP""]","Passenger Motor Vehicles","Véhicules à moteur de tourisme",Active,Actif,"2023-02-27 22:50:03"
N2310005,"[""HP""]","Passenger Motor Vehicles - Exported","Véhicules d'exportation à moteur de tourisme",Active,Actif,"2023-02-27 22:50:03"
N2320B,"[""HP""]","Truck, Utility, 4 X 4, Military Configuration","Camion, utilitaire, à 4 roues motrices, configuration militaire",Active,Actif,"2023-02-27 22:50:03"
N2320D,"[""HP""]","Truck and Truck Tractor Wheeled, Diesel, Over 10,000 GVWR (Except Military Configuration)","Camion et tracteur de semi-remorque, sur roues, diesel, PNBV plus de 10,000 lbs, sauf modèle militaire",Active,Actif,"2023-02-27 22:50:03"
N2320DAA,"[""HP""]","Truck, (Dump, Stake, Van) Diesel Powered, to 27,499 lbs. GVWR","Camion, basculant à ridelles, fourgon, diesel, PNBV jusqu'à 27,499 lb",Active,Actif,"2023-02-27 22:50:03"
N2320DAB,"[""HP""]","Trucks (Dump, Stake, Van) Diesel-Powered, 27,500 lbs. GVWR and Up","Camions, à benne basculante, à ridelles, fourgon, diesel, PNBV 27,500 lb et plus",Active,Actif,"2023-02-27 22:50:03"
N2320DDB,"[""HP""]","Truck, Fuel Service, Diesel, 27,500 GVWR and Up","Camion-citerne, Diesel, 27,500 lb et plus",Active,Actif,"2023-02-27 22:50:03"
N2320DFB,"[""HP""]","Truck, Liquid Waste Disposal, Diesel, 27,500 GVWR and Up","Camion, destruction des déchets liquides, diesel, PNBV 27,500 lb et plus",Active,Actif,"2023-02-27 22:50:03"
N2320DGB,"[""HP""]","Truck, Maintenance, Diesel, 27,500 GVWR and Up","Camion, atelier non équipé, PNBV 27,500 lb et plus",Active,Actif,"2023-02-27 22:50:03"
N2310M,"[""HP""]","Passenger Motor Vehicles - Special Vehicles - Buses - Motor Homes","Véhicules à moteur de tourisme, autobus, autocaravanes",Active,Actif,"2023-02-27 22:50:03"
N2310MA,"[""HP""]",Buses,Autobus,Active,Actif,"2023-02-27 22:50:03"
N2310MAA,"[""HP""]","Buses, Highway Type","Autobus, type de route",Active,Actif,"2023-02-27 22:50:03"
N2310MAB,"[""HP""]","Buses, School - Special Type, 5 to 24 Passengers","Autobus, scolaires, type spécial, 5 à 24 passagers",Active,Actif,"2023-02-27 22:50:03"
N2310MAC,"[""HP""]","Buses School, Conventional Type, 25 Passenger and Up","Autobus scolaires, de type conventionnel, 25 passagers et plus",Active,Actif,"2023-02-27 22:50:03"
N2320,"[""HP""]","Trucks and Truck Tractors, Wheeled","Camions et tracteurs de semi-remorques, sur roues",Active,Actif,"2023-02-27 22:50:03"
N2320001,"[""HP""]","Trucks, Commercial, Light Duty (10,000 lbs. GVW or Under)","Camions, commerciaux, service léger, PNBV 10,000 lbs ou moins",Active,Actif,"2023-02-27 22:50:03"
N2320002,"[""HP""]","Camper Type Vehicles","Véhicules de camping",Active,Actif,"2023-02-27 22:50:03"
N2320003,"[""HP""]","Truck, Light, Utility-Line Maintenance","Camion, léger, bâche, entretien des lignes",Active,Actif,"2023-02-27 22:50:03"
N2320GG,"[""HP""]","Truck, Maintenance, Gasoline Powered","Camion, atelier non équipé, à essence",Active,Actif,"2023-02-27 22:50:03"
N2320GH,"[""HP""]","Truck, Refrigeration, Gasoline Powered","Camion, frigorifique, à essence",Active,Actif,"2023-02-27 22:50:03"
N2320GM,"[""HP""]","Truck, Tractor, Gasoline Powered","Camion-tracteur à essence",Active,Actif,"2023-02-27 22:50:03"
N2320GPM,"[""HP""]","Vehicles, All Terrain, Wheeled (6X6) Military Configuration, Diesel Powered","Véhicules tout-terrain, sur roues, 6X6, modèle militaire, à diesel",Active,Actif,"2023-02-27 22:50:03"
N2320GQ,"[""HP""]","Truck, Wrecker, Gasoline Powered","Camion, dépanneuse, à essence",Active,Actif,"2023-02-27 22:50:03"
N2320GR,"[""HP""]","Truck, Equipped with Hydraulic Crane","Camion, équipe d'une grue hydraulique",Active,Actif,"2023-02-27 22:50:03"
N2320GS,"[""HP""]","Truck, Sander (Hopper Body) Gasoline Powered","Camion à essence, épandeur de sable, caisse à trémie",Active,Actif,"2023-02-27 22:50:03"
N2320GT,"[""HP""]","Truck, Aircraft Servicing, Catering","Camion, entretien d'aéronef, approvisionnement",Active,Actif,"2023-02-27 22:50:03"
N2320GU,"[""HP""]","Truck, Equipped with Aerial Bucket","Camion, muni d'une benne élévatrice",Active,Actif,"2023-02-27 22:50:03"
N2320GV,"[""HP""]","Truck, Equipped with Aircraft Boarding Stairs","Camion, muni d'escalier d'embarquement, pour aéronefs",Active,Actif,"2023-02-27 22:50:03"
N2320DJA,"[""HP""]","Truck, Refuse Collection, Diesel, to 27,499 GVWR","Camion, à ordures, diesel, PNBV jusqu'à 27,499 lb",Active,Actif,"2023-02-27 22:50:03"
N2320DJB,"[""HP""]","Truck, Refuse Collection, diesel, 27,500 GVWR and Up","Camion, à ordures, diesel, PNBV 27,500 lb et plus",Active,Actif,"2023-02-27 22:50:03"
N2320DLA,"[""HP""]","Truck, Tanker, Diesel, to 27,499 GVWR","Camion-citerne, diesel, PNBV jusqu'à 27,499 lb",Active,Actif,"2023-02-27 22:50:03"
N2320DMA,"[""HP""]","Truck, Tractor, Diesel, to 27,499 GVWR","Camion-tracteur, diesel, PNBV jusqu'à 27,499 lb",Active,Actif,"2023-02-27 22:50:03"
N2320DMB,"[""HP""]","Truck, Tractor, Diesel, 27,500 GVWR and Up","Camion-tracteur, diesel, PNBV 27,500 lb et plus",Active,Actif,"2023-02-27 22:50:03"
N2320DRA,"[""HP""]","Truck, Sander (Hopper Body) Diesel, to 27,499 GVWR","Camion, épandeur de sable, caisse à trémie, diesel, PNBV jusqu'à 27,499 lb",Active,Actif,"2023-02-27 22:50:03"
N2320DRB,"[""HP""]","Truck, Sander (Hopper Body) Diesel, 27,500 GVWR and Up","Camion, épandeur de sable, caisse à trémie, diesel, PNBV de 27,500 lb et plus",Active,Actif,"2023-02-27 22:50:03"
N2320DX,"[""HP""]","Truck, Tractor, Yard, Trailers Spotter Off Highway, Diesel Powered","Camion-tracteur, cour de terminus, pour garer les remorques sur les chantiers à diesel",Active,Actif,"2023-02-27 22:50:03"
N2320G,"[""HP""]","Truck and Truck Tractor Wheeled, Gasoline Powered, Over 10,000 GVWR (Except Military Configuration)","Camion et tracteur de semi-remorque, sur roues, à essence, PNBV plus de 10,000 lbs, sauf modèle militaire",Active,Actif,"2023-02-27 22:50:03"
N2320GA,"[""HP""]","Truck, (Dump, Stake, Van) Gasoline Powered","Camion à essence, basculant, à ridelles, fourgon",Active,Actif,"2023-02-27 22:50:03"
N2320N21,"[""HP""]","Truck, Light, Pick-Up, Compact, Long, 4 X 4","Camion, léger, camionnette-plateau, compact, long, à 4 roues motrices",Active,Actif,"2023-02-27 22:50:03"
N2320N81,"[""HP""]","Truck, Light, Pick-Up, Min. 8000 lb GVWR, 4 X 4","Camion, léger, camionnette-plateau, PNBV 8000 lb min., à 4 roues motrices",Active,Actif,"2023-02-27 22:50:03"
N2320GY,"[""HP""]","Truck, Special Purpose Customized Body","Camion, carrosserie conçu sur commande, pour besoins spéciaux",Active,Actif,"2023-02-27 22:50:03"
N2320L51,"[""HP""]","Truck, Light, Utility, 4 X 4","Camion, léger, utilitaire, 4 roues motrices",Active,Actif,"2023-02-27 22:50:03"
N2320L61,"[""HP""]","Truck, Light, Utility, 4 X 4, 100 lb Pay Load","Camion, léger, utilitaire, 4 roues motrices, charge utile de 100 lb",Active,Actif,"2023-02-27 22:50:03"
N2320M60,"[""HP""]","Truck, Light, Passenger Van, Garageable, GMV Spec M60","Camion, léger, fourgon pour passagers, remisable, Spec VAG M60",Active,Actif,"2023-02-27 22:50:03"
N2320N01,"[""HP""]","Truck, Light, Pick-Up, Compact, 4 X 4","Camion, léger, camionnette-plateau, compact, à 4 roues motrices",Active,Actif,"2023-02-27 22:50:03"
N2330K,"[""HP""]","Trailer, Snowmobile","Remorque, motoneige",Active,Actif,"2023-02-27 22:50:03"
N2330L,"[""HP""]","Trailer, Stake","Remorque, à ridelles",Active,Actif,"2023-02-27 22:50:03"
N2330M,"[""HP""]","Trailer, Tank","Remorque, réservoir",Active,Actif,"2023-02-27 22:50:03"
N2330N,"[""HP""]","Trailer, Tent",Tente-roulotte,Active,Actif,"2023-02-27 22:50:03"
N2330P,"[""HP""]","Trailer, Tilt Deck","Remorque, tablier basculant",Active,Actif,"2023-02-27 22:50:03"
N2330Q,"[""HP""]","Trailer, Utility","Remorque, utilitaire",Active,Actif,"2023-02-27 22:50:03"
N2330R,"[""HP""]","Trailer, Wrecking","Remorque, dépanneuse",Active,Actif,"2023-02-27 22:50:03"
N2330S,"[""HP""]","Trailer, Auto","Remorque, automobile",Active,Actif,"2023-02-27 22:50:03"
N2330T,"[""HP""]","Trailer, Cable Reel","Remorque, à bobines",Active,Actif,"2023-02-27 22:50:03"
N2330U,"[""HP""]","Trailer, Travel","Roulotte, tourisme",Active,Actif,"2023-02-27 22:50:03"
N2330V,"[""HP""]","Trailer, Specially Equipped","Remorque spécialement équipée",Active,Actif,"2023-02-27 22:50:03"
N2330W,"[""HP""]","Trailer, Dump","Remorque, à bascule",Active,Actif,"2023-02-27 22:50:03"
N2330X,"[""HP""]","Trailer, Horse","Remorque, chevaux",Active,Actif,"2023-02-27 22:50:03"
N2330Y,"[""HP""]","Trailer, Live Stock","Remorque, bétail",Active,Actif,"2023-02-27 22:50:03"
N2320T00,"[""HP""]","Truck, Light, Cargo Van, Garageable, GMV Spec T00","Camion, léger, fourgon de marchandises, remisable, Spec VAG T00",Active,Actif,"2023-02-27 22:50:03"
N2320W00,"[""HP""]","Medium Truck Cab-Over-Engine","Camions poids moyen cabine avancée",Active,Actif,"2023-02-27 22:50:03"
N2330,"[""HP""]",Trailers,"Remorques et semi-remorques",Active,Actif,"2023-02-27 22:50:03"
N2330A,"[""HP""]","Trailers (Military Pattern Only)","Remorques, genre militaire seulement",Active,Actif,"2023-02-27 22:50:03"
N2330B,"[""HP""]","Trailer, Cargo Van","Remorque, fourgon à marchandises",Active,Actif,"2023-02-27 22:50:03"
N2330C,"[""HP""]","Trailer, Fuel Service","Remorque, camion-citerne",Active,Actif,"2023-02-27 22:50:03"
N2330D,"[""HP""]","Trailer, House","Maison mobile",Active,Actif,"2023-02-27 22:50:03"
N2330E,"[""HP""]","Trailer, Light, 5th Wheel","Remorque, légère, 5e roue",Active,Actif,"2023-02-27 22:50:03"
N2330F,"[""HP""]","Trailer, Low Bed","Remorque, plate-forme basse",Active,Actif,"2023-02-27 22:50:03"
N2330G,"[""HP""]","Trailer, Maintenance","Remorque, entretien",Active,Actif,"2023-02-27 22:50:03"
N2330H,"[""HP""]","Trailer, Pole","Chariot à poteaux",Active,Actif,"2023-02-27 22:50:03"
N3110,"[""HP""]","Bearings, Antifriction, Unmounted","Roulements anti-frottement, non-montés",Active,Actif,"2023-02-27 22:50:03"
N3110B,"[""HP""]","Bearings, Ball, Annular, Thrust Bearing, Roller Bearing and Multiapplication (Except Aircraft)","Roulements, à billes, annulaires, butée, roulement à rouleau et multiple application, sauf pour aéronef",Active,Actif,"2023-02-27 22:50:03"
N3110F,"[""HP""]","Bearings, Cups and Cones","Paliers, cuvettes et cônes",Active,Actif,"2023-02-27 22:50:03"
N3110G,"[""HP""]","Bearings, Roller, Tapered, FED. SPEC. FF-B-187A, DND QPL","Roulements, à rouleaux coniques, FED. SPEC. FF-B-187A, LPH du MDN",Active,Actif,"2023-02-27 22:50:03"
N3110H,"[""HP""]","Bearings, Roller, Cylindrical , FED. SPEC. FF-B-185, DND QPL","Roulements, à rouleaux cylindriques, FED. SPEC. FF-B-185, LPH du MDN",Active,Actif,"2023-02-27 22:50:03"
N3120,"[""HP""]","Bearings, Plain, Unmounted","Paliers lisses nus",Active,Actif,"2023-02-27 22:50:03"
N3130,"[""HP""]","Bearings, Mounted","Roulements et paliers équipés",Active,Actif,"2023-02-27 22:50:03"
N3130A,"[""HP""]","Bearings, Mounted, All Types","Coussinets, assemblés, tous les types",Active,Actif,"2023-02-27 22:50:03"
N4110CB,"[""HP""]","Water Chilling Equipment Systems","Systèmes d'équipement de réfrigération d'eau",Active,Actif,"2023-02-27 22:50:03"
N4110D,"[""HP""]","Machinery, Ice Making (Industrial)","Machinerie, fabrication de glace, industriel",Active,Actif,"2023-02-27 22:50:03"
N4110E,"[""HP""]","Plants, Refrigeration (Industrial)","Outillages, réfrigération, industriels",Active,Actif,"2023-02-27 22:50:03"
N4110F,"[""HP""]","Refrigeration and Air Conditioning Accessories (Industrial)","Accessoires de réfrigération et d'air climatisé, industriels",Active,Actif,"2023-02-27 22:50:03"
N4110G,"[""HP""]","Refrigerators and Freezers, Walk-In (Industrial)","Chambres frigorifiques et congélateurs, industriels",Active,Actif,"2023-02-27 22:50:03"
N4110H,"[""HP""]","Freezer, Ice Cream, Commercial","Congélateur, crème glacée, commercial",Active,Actif,"2023-02-27 22:50:03"
N4110J,"[""HP""]","Dispensers, Drinking Water, Mechanically Cooled","Distributeur, eau potable, refroidi mécaniquement",Active,Actif,"2023-02-27 22:50:03"
N4110JA,"[""HP""]","Dispensers, Drinking Water, Mechanically Cooled, Except Marine","Distributeur, eau potable, refroidi mécaniquement, sauf marins",Active,Actif,"2023-02-27 22:50:03"
N4110K,"[""HP""]","Containers, Cargo Handling, Refrigerated (For Container Shipping Method)","Conteneurs, manutention de marchandises, réfrigérés, pour méthode d'expédition de conteneurs",Active,Actif,"2023-02-27 22:50:03"
N4110M,"[""HP""]","Freezer, Deep, Commercial","Congélateur, profond, commercial",Active,Actif,"2023-02-27 22:50:03"
N4110N,"[""HP""]","Counters, Refrigerated","Comptoir, réfrigéré",Active,Actif,"2023-02-27 22:50:03"
N4110P,"[""HP""]","Refrigeration Equipment Components, Except Marine","Composants d'équipement de réfrigération, sauf marins",Active,Actif,"2023-02-27 22:50:03"
N4110Q,"[""HP""]","Refrigeration Units, Vehicular","Unités de réfrigération, véhicules",Active,Actif,"2023-02-27 22:50:03"
N4120,"[""HP""]","Air Conditioning Equipment","Équipement de climatisation",Active,Actif,"2023-02-27 22:50:03"
N4110,"[""HP""]","Refrigeration Equipment","Équipement de réfrigération",Active,Actif,"2023-02-27 22:50:03"
N4110AA,"[""HP""]","Freezer, Deep, Domestic","Congélateur, profond, domestique",Active,Actif,"2023-02-27 22:50:03"
N4110B,"[""HP""]","Refrigerator, Domestic","Réfrigérateur, domestique",Active,Actif,"2023-02-27 22:50:03"
N4110BA,"[""HP""]","Refrigerator, Electric, Domestic","Réfrigérateur, électrique, domestique",Active,Actif,"2023-02-27 22:50:03"
N4110BD,"[""HP""]","Refrigerator, Special, Small or Undercounter","Réfrigérateur, spécial, petit, ou à encastrer",Active,Actif,"2023-02-27 22:50:03"
N4110C,"[""HP""]","Chilling Equipment","Équipement de réfrigération",Active,Actif,"2023-02-27 22:50:03"
N4130,"[""HP""]","Refrigeration and Air Conditioning Components","Composants d'équipement pour la réfrigération et la climatisation",Active,Actif,"2023-02-27 22:50:03"
N4130A,"[""HP""]","Air Conditioning and Heating Combination Components (Domestic)","Composants de climatiseurs et de chauffage combinés, domestiques",Active,Actif,"2023-02-27 22:50:03"
N4130B,"[""HP""]","Air Conditioning Equipment Components (Industrial)","Composants d'équipement de climatisation, industriels",Active,Actif,"2023-02-27 22:50:03"
N4130C,"[""HP""]","Air Conditioning Heater Units (Industrial)","Chauffage, climatiseurs, industriels",Active,Actif,"2023-02-27 22:50:03"
N4130D,"[""HP""]","Compressors, Reciprocating, Power Driven, Air Conditioning Equipment (Industrial) Except Marine, Armoured Fighting Vehicles and Aircraft","Compresseurs, alternatifs à moteur, équipement de climatisation, industriels, sauf véhicules marins, blindé de combat et aéronefs",Active,Actif,"2023-02-27 22:50:03"
N4130E,"[""HP""]","Condensing Units, Refrigerating (Industrial)","Groupe compresseur-condensateur, frigorifique, industriels",Active,Actif,"2023-02-27 22:50:03"
N4130F,"[""HP""]","Cooling Tower Liquid (Industrial)","Tour de refroidissement, à liquide, industrielle",Active,Actif,"2023-02-27 22:50:03"
N4130G,"[""HP""]","Fan Coil Units (Industrial)","Bobines de ventilateurs, industriels",Active,Actif,"2023-02-27 22:50:03"
N4130H,"[""HP""]","Filter, Air (Industrial)","Filtres, à air, industriels",Active,Actif,"2023-02-27 22:50:03"
N4130HC,"[""HP""]","Filters, Air, Disposable","Filtres à air, jetables",Active,Actif,"2023-02-27 22:50:03"
N4130J,"[""HP""]","Heating Coils (Industrial)","Bobines thermiques, industrielles",Active,Actif,"2023-02-27 22:50:03"
N4130K,"[""HP""]","Refrigeration, A/C Supplies (Valves, Fittings, Etc.) (Industrial)","Réfrigération, fournitures de climatiseurs (valves, raccords, etc.) industriel",Active,Actif,"2023-02-27 22:50:03"
N4130L,"[""HP""]","Condensers, Refrigeration (Industrial)","Condenseurs, réfrigération, industriels",Active,Actif,"2023-02-27 22:50:03"
N4120A,"[""HP""]","Air Conditioning Equipment (Domestic Only)","Équipement de climatiseurs, domestiques seulement",Active,Actif,"2023-02-27 22:50:03"
N4120AA,"[""HP""]","Air Conditioning Room and Window Units (Domestic Only)","Climatiseurs pour chambres et fenêtres, domestique seulement",Active,Actif,"2023-02-27 22:50:03"
N4120B,"[""HP""]","Air Conditioning Equipment, Industrial","Équipement de climatisation industriel",Active,Actif,"2023-02-27 22:50:03"
N4120BA,"[""HP""]","Air Conditioning Equipment, Refrigeration (Industrial)","Équipement de climatisation, réfrigération, industriel",Active,Actif,"2023-02-27 22:50:03"
N4120BB,"[""HP""]","Air Conditioning Units (Industrial)","Climatiseurs, industriels",Active,Actif,"2023-02-27 22:50:03"
N4120BC,"[""HP""]","Air Conditioning System-Spray Cooled (Industrial)","Système d'air climatisé, vaporisateur refroidi industriel",Active,Actif,"2023-02-27 22:50:03"
N4120BD,"[""HP""]","Air Conditioning Units, Computer Room","Climatiseurs pour salles d'ordinateurs",Active,Actif,"2023-02-27 22:50:03"
N4120BDB,"[""HP""]","Air Conditioning Units, Computer Room, Upward Flow","Climatiseurs pour salles d'ordinateurs, débit vers le haut",Active,Actif,"2023-02-27 22:50:03"
N4120BF,"[""HP""]","Air Conditioning Equipment (Industrial) N.E.S.","Équipement de climatisation industriel, N.E.A.",Active,Actif,"2023-02-27 22:50:03"
N4120C,"[""HP""]","Air Handling Units (Industrial)","Déviateurs d'air, industriels",Active,Actif,"2023-02-27 22:50:03"
N4120D,"[""HP""]","Chillers (Industrial)","Réfrigérateurs, industriels",Active,Actif,"2023-02-27 22:50:03"
N4130LA,"[""HP""]","Condensers, Refrigeration, Water-Cooled (Industrial)","Condenseurs, réfrigération, refroidis à l'eau, industriels",Active,Actif,"2023-02-27 22:50:03"
N4130LB,"[""HP""]","Condenseurs, réfrigération, Air-Cooled (Industrial)","Condenseurs, réfrigération, refroidis à l'air, industriels",Active,Actif,"2023-02-27 22:50:03"
N4130M,"[""HP""]","Water Chillers, Except Marine, Armoured Fighting Vehicles and Aircraft","Refroidisseurs d'eau, sauf véhicules marins, blindés de combat et aéronefs",Active,Actif,"2023-02-27 22:50:03"
N4130N,"[""HP""]","Refrigeration and Air Conditioning Components, Armoured Fighting Vehicle, S.M.P.","Composants d'équipements pour la réfrigération et la climatisation de véhicule blindé de combat, modèle militaire standard",Active,Actif,"2023-02-27 22:50:03"
N4130P,"[""HP""]","Compressors, Refrigeration (Industrial) Except Marine, Armoured Fighting Vehicle, and Aircraft","Compresseurs rotatifs pour réfrigération, industriels, sauf marins, véhicules blindés de combat et aéronefs",Active,Actif,"2023-02-27 22:50:03"
N4130PA,"[""HP""]","Compressors, Refrigeration, Rotary (Industrial) Except Marine, Armoured Fighting Vehicle and Aircraft","Compresseurs rotatifs pour réfrigération, industriels, sauf marins, véhicules blindés de combat et aéronefs",Active,Actif,"2023-02-27 22:50:03"
N4140,"[""HP""]","Fans, Air Circulators and Blower Equipment","Équipement de ventilation, de circulation d'air et de souffleries",Active,Actif,"2023-02-27 22:50:03"
N4140A,"[""HP""]","Axial Fans (Industrial)","Ventilateurs axiaux, industriels",Active,Actif,"2023-02-27 22:50:03"
N4140C,"[""HP""]","Fans (Except Industrial) Except Marine, Armoured Fighting Vehicles and Aircraft","Ventilateurs, sauf industriels et véhicules marins, blindés de combat et aéronefs",Active,Actif,"2023-02-27 22:50:03"
N4140CA,"[""HP""]","Fans, Centrifugal, General Purpose (Air Circulation, Blower and for Cooling) (Domestic) Except Marine, Armoured Fighting Vehicles and Aircraft","Ventilateurs, centrifuges, usage général, brasseur d'air, souffleur et pour refroidissement, domestiques sauf véhicules marins, blindés de combat et aéronefs",Active,Actif,"2023-02-27 22:50:03"
N4140CE,"[""HP""]","Fans, Portable, Office Desk and Column","Ventilateurs, portatifs de bureau et à colonne",Active,Actif,"2023-02-27 22:50:03"
N4140CF,"[""HP""]","Fans, Tube and Vane, Axial, Except Marine, Armoured Fighting Vehicles and Aircraft","Ventilateurs, hélicoïdes, pour tuyauterie et à volets, sauf véhicules marins, blindés de combat et aéronefs",Active,Actif,"2023-02-27 22:50:03"
N4140G,"[""HP""]","Fans, Exhaust (Industrial)","Ventilateurs, aspirants, industriels",Active,Actif,"2023-02-27 22:50:03"
N4150,"[""HP""]","Vortex Tubes and Other Related Cooling Tubes","Tubes Vortex et tubes de refroidissement connexes",Active,Actif,"2023-02-27 22:50:03"
N4210P,"[""HP""]","Firefighting Equipment - Complete Fire Trucks and Trailers Only","Équipement de lutte contre l'incendie - camions et remorques de pompiers complets",Active,Actif,"2023-02-27 22:50:03"
N4210PA,"[""HP""]","Tracked Vehicle, Firefighting","Véhicule à chenilles, lutte contre l'incendie",Active,Actif,"2023-02-27 22:50:03"
N4210PB,"[""HP""]","Trailer, Fire Pumper","Remorque, pompe à incendie",Active,Actif,"2023-02-27 22:50:03"
N4210PC,"[""HP""]","Truck, Fire, Crash","Camion, incendie, antichoc",Active,Actif,"2023-02-27 22:50:03"
N4210PD,"[""HP""]","Truck, Firefighting","Camion de lutte contre l'incendie",Active,Actif,"2023-02-27 22:50:03"
N4310AA,"[""HP""]","Compressors, Portable or Mobile, Except Marine","Compresseurs, portatifs ou mobiles, sauf marins",Active,Actif,"2023-02-27 22:50:03"
N4310BA,"[""HP""]","Compressors, Reciprocating (Except Refrigeration) Except Marine","Compresseurs, alternatifs, sauf frigorifiques, sauf marins",Active,Actif,"2023-02-27 22:50:03"
N4310CG,"[""HP""]","Compressors, Rotary, Portable (Except Refrigeration) Except Marine","Compresseurs, rotatifs, portatifs, sauf frigorifiques et marins",Active,Actif,"2023-02-27 22:50:03"
N4310CH,"[""HP""]","Compressors, Rotary, Screw Type (Except Refrigeration) Except Marine","Compresseurs, rotatifs, type à vis, sauf frigorifiques et marins",Active,Actif,"2023-02-27 22:50:03"
N4310CHA,"[""HP""]","Compressors, Rotary, Screw Type, Less Than 150 CFM (Except Refrigeration) Except Marine","Compresseurs, rotatifs, type à vis, moins de 150 pieds cubes/min., sauf frigorifiques et marins",Active,Actif,"2023-02-27 22:50:03"
N4310CHB,"[""HP""]","Compressors, Rotary, Screw Type, 150 to 1500 CFM, (Except Refrigeration), Except Marine","Compresseurs, rotatifs, type à vis, 150 à 1500 pieds cubes/min., sauf frigorifiques et marins",Active,Actif,"2023-02-27 22:50:03"
N4310CHC,"[""HP""]","Compressors, Rotary, Screw Type, Greater Than 1500 CFM, (Except Refrigeration) Except Marine","Compresseurs, rotatifs, type à vis, plus de 1500 pieds cubes/min., sauf frigorifiques et marins",Active,Actif,"2023-02-27 22:50:03"
N4310DAB,"[""HP""]","Pumps, Vacuum, 10 to 100 CFM, Except Marine","Pompes à vide, 10 à 100 pieds cubes/min., sauf marines",Active,Actif,"2023-02-27 22:50:03"
N4310E,"[""HP""]","Compressors, Super Pressure","Compresseurs, super pression",Active,Actif,"2023-02-27 22:50:03"
N4310EA,"[""HP""]","Compressors, Super Pressure, Except Marine","Compresseurs, super pression, sauf marins",Active,Actif,"2023-02-27 22:50:03"
N4310F,"[""HP""]","Compressor, Accessories","Compresseurs, accessoires",Active,Actif,"2023-02-27 22:50:03"
N4310BD,"[""HP""]","Compressors, Reciprocating, Portable, Except Refrigeration, Except Marine","Compresseurs, alternatifs, portatifs, sauf frigorifiques et marins",Active,Actif,"2023-02-27 22:50:03"
N4310BG,"[""HP""]","Compressors, Reciprocating, Fixed Displacement, (Except Refrigeration) Except Marine","Compresseurs, alternatifs, fixes, sauf frigorifiques et marins",Active,Actif,"2023-02-27 22:50:03"
N4320AB,"[""HP""]","Pumps, Axial Flow, Turbine","Pompes, écoulement axial, turbine",Active,Actif,"2023-02-27 22:50:03"
N4320BA,"[""HP""]","Pumps, Centrifugal, Chemical Process","Pompes centrifuges, procédé chimique",Active,Actif,"2023-02-27 22:50:03"
N4320BB,"[""HP""]","Pumps, Centrifugal, Circulation/Distillation","Pompes centrifuges, de circulation et distillation",Active,Actif,"2023-02-27 22:50:03"
N4320BC,"[""HP""]","Pumps, Centrifugal, Condensate/Boiler Feed","Pompes centrifuges, eau de condensation et alimentation de chaudière",Active,Actif,"2023-02-27 22:50:03"
N4320BCA,"[""HP""]","Pumps, Centrifugal, Condensate/Boiler Feed, Less Than 5000 L/M, Except Marine","Pompes centrifuges, eau de condensation et alimentation de chaudière, moins de 5000 L/M, sauf marines",Active,Actif,"2023-02-27 22:50:03"
N4320A,"[""HP""]","Pumps, Axial Flow","Pompes, écoulement axial",Active,Actif,"2023-02-27 22:50:03"
N4320DB,"[""HP""]","Pumps, Hand Operated, Water Service","Pompes à main, service d'eau",Active,Actif,"2023-02-27 22:50:03"
N4320DBA,"[""HP""]","Pumps, Hand Operated, Water Service, Except Marine","Pompes à main, service d'eau, sauf marines",Active,Actif,"2023-02-27 22:50:03"
N4320BF,"[""HP""]","Pumps, Centrifugal, Fire Pumps","Pompes centrifuges, pompes à incendie",Active,Actif,"2023-02-27 22:50:03"
N4320BG,"[""HP""]","Pumps, Centrifugal, Regenerative Turbine","Pompes centrifuges, turbine à réaction",Active,Actif,"2023-02-27 22:50:03"
N4320BJ,"[""HP""]","Pumps, Centrifugal, Sump","Pompes d'assèchement, centrifuges",Active,Actif,"2023-02-27 22:50:03"
N4320BJB,"[""HP""]","Pumps, Centrifugal, Sump, 1000 to 10,000 L/M, Except Marine","Pompes d'assèchement, centrifuges, 1000 à 10,000 L/M, sauf marines",Active,Actif,"2023-02-27 22:50:03"
N4320EB,"[""HP""]","Pumps, Reciprocating, Portable","Pompes, alternatives, portatives",Active,Actif,"2023-02-27 22:50:03"
N4320FF,"[""HP""]","Pumps, Rotary Positive Displacement, Progressive Cavity","Pompes rotatives, déplacement positif, cavité progressive",Active,Actif,"2023-02-27 22:50:03"
N4320HA,"[""HP""]","Pumps, Submersible or Floating, Except Marine","Pompes submersibles ou flottantes, sauf marines",Active,Actif,"2023-02-27 22:50:03"
N4320J,"[""HP""]","Pumps, Super Pressure","Pompes, super pression",Active,Actif,"2023-02-27 22:50:03"
N4320PA,"[""HP""]","Pumps, Plastic","Pompes, en plastique",Active,Actif,"2023-02-27 22:50:03"
N4320QA,"[""HP""]","Pumps, Vertical Cantilever","Pompes, installation en porte-à-faux vertical",Active,Actif,"2023-02-27 22:50:03"
N4320RA,"[""HP""]","Pumps, Solar Powered","Pompes, à énergie solaire",Active,Actif,"2023-02-27 22:50:03"
N4330,"[""HP""]","Centrifugals, Separators, and Pressure and Vacuum Filters","Centrifugeurs, séparateurs et filtres à pression et à vide",Active,Actif,"2023-02-27 22:50:03"
N4330AA,"[""HP""]","Centrifuge, Oil, Except Laboratory","Centrifugeurs, huile, sauf laboratoire",Active,Actif,"2023-02-27 22:50:03"
N4330B,"[""HP""]","Filter, Centrifugal, Separator, Pressure and Vacuum","Filtres, centrifugeurs et séparateurs, à pression et dépression",Active,Actif,"2023-02-27 22:50:03"
N4330C,"[""HP""]","Oil Separators","Séparateurs d'huile",Active,Actif,"2023-02-27 22:50:03"
N4330D,"[""HP""]","Oil Treatment Unit","Unité de traitement d'huile",Active,Actif,"2023-02-27 22:50:03"
N4330E,"[""HP""]","Separators, Screen","Séparateurs, tamis",Active,Actif,"2023-02-27 22:50:03"
N4330F,"[""HP""]","Separators, Magnetic","Séparateurs, magnétiques",Active,Actif,"2023-02-27 22:50:03"
N4320K,"[""HP""]","Pumps, Deep Well Turbine","Pompes, turbine pour puits profonds",Active,Actif,"2023-02-27 22:50:03"
N4320KAB,"[""HP""]","Pumps, Deep Well Turbine, Greater Than 20,000 L/M, Except Marine","Pompes, turbine pour puits profonds, plus de 20,000 L/M, sauf marines",Active,Actif,"2023-02-27 22:50:03"
N4320LAA,"[""HP""]","Pumps, Metering, Less Than 60 L/M, Except Marine","Pompes à débit étalonné, moins de 60 L/M, sauf marines",Active,Actif,"2023-02-27 22:50:03"
N4320M,"[""HP""]","Pumps, Hydraulic, Multi-Application, N.E.S.","Pompes hydrauliques, usages multiples, N.E.A.",Active,Actif,"2023-02-27 22:50:03"
N4320N,"[""HP""]","Pumps, Mixed Flow","Pompes, écoulement mixte",Active,Actif,"2023-02-27 22:50:03"
N4810,"[""HP""]","Valves, Powered","Soupapes et robinets, à commande électromécanique ou hydraulique",Active,Actif,"2023-02-27 22:50:03"
N4810A,"[""HP""]","Valves, Angle and Cross, Powered","Robinets d'angle et à trois voies, à commande mécanique",Active,Actif,"2023-02-27 22:50:03"
N4810AL,"[""HP""]","Valve, Gate, Powered","Robinet, vanne, à commande mécanique",Active,Actif,"2023-02-27 22:50:03"
N4810AE,"[""HP""]","Valve, Butterfly, Powered","Robinet à papillon, à commande mécanique",Active,Actif,"2023-02-27 22:50:03"
N4810AY,"[""HP""]","Valve, Needle, Powered","Soupape, à pointeau, à commande mécanique",Active,Actif,"2023-02-27 22:50:03"
N4810BE,"[""HP""]","Valve, Rotary Cam, Directional Control, Powered","Robinet, came rotative, multidirections, à commande mécanique",Active,Actif,"2023-02-27 22:50:03"
N4810AN,"[""HP""]","Valve, Globe, Powered","Robinet, à soupape, à commande mécanique",Active,Actif,"2023-02-27 22:50:03"
N4810AU,"[""HP""]","Valve, Marine, Specially Designed, Powered","Soupape marine, conçue spécialement, à commande mécanique",Active,Actif,"2023-02-27 22:50:03"
N4810L,"[""HP""]","Valves, Solenoid, Powered","Robinets solénoïdes, à commande mécanique",Active,Actif,"2023-02-27 22:50:03"
N4820,"[""HP""]","Valves, Nonpowered","Soupapes et robinets, à commande directe",Active,Actif,"2023-02-27 22:50:03"
N4820AB,"[""HP""]","Valves, Automatic Regulating Blender, Expansion, Pressure, Temperature and Tempering, Non-Powered","Robinets, mélangeurs de réglage automatique, détendeurs, de pression, de température et de revenu, à commande directe",Active,Actif,"2023-02-27 22:50:03"
N4820AD,"[""HP""]","Valves, Bleeder Hydraulic System and Breather, Non-Powered","Robinets purgeurs à système hydraulique et reniflard, à commande directe",Active,Actif,"2023-02-27 22:50:03"
N4820AE,"[""HP""]","Valve, Air Pressure Relief, Non-Powered","Soupape de décharge, à commande directe",Active,Actif,"2023-02-27 22:50:03"
N4810BG,"[""HP""]","Valve, Solenoid, Powered","Vanne, électromagnétique, à commande mécanique",Active,Actif,"2023-02-27 22:50:03"
N4810D,"[""HP""]","Valves, Globe and Gate, Powered","Robinets-vannes et soupapes sphériques, à commande mécanique",Active,Actif,"2023-02-27 22:50:03"
N4810G,"[""HP""]","Valves, Miniature, Special Application (All Types) Powered","Soupapes-miniatures, usage spécial, tous les types, à commande mécanique",Active,Actif,"2023-02-27 22:50:03"
N4810J,"[""HP""]","Valves, Marine, Specially Designed, Powered","Soupapes marines, conçues spécialement, à commande mécanique",Active,Actif,"2023-02-27 22:50:03"
N4820AL,"[""HP""]","Valve, Ball Check, Non-Powered","Robinet de non retour à tournant sphérique, à commande directe",Active,Actif,"2023-02-27 22:50:03"
N4820AF,"[""HP""]","Valves, Check, Fire Check, Lift Check, Restriction Check and Dashpot, Non-Powered","Soupapes de retenue, avertisseur d'incendie, à levée, à diaphragme et dashpot, à commande directe",Active,Actif,"2023-02-27 22:50:03"
N4820AJ,"[""HP""]","Valve, Ball, Non-Powered","Robinet, à tournant sphérique, à commande directe",Active,Actif,"2023-02-27 22:50:03"
N4820AP,"[""HP""]","Valves, Globe, Y and Plastic, Non-Powered","Soupapes sphériques, en Y et plastique, à commande directe",Active,Actif,"2023-02-27 22:50:03"
N4820AS,"[""HP""]","Valve, Check, Non-Powered","Claret de non-retour, à commande directe",Active,Actif,"2023-02-27 22:50:03"
N4820AZ,"[""HP""]","Valves, Regulating Fluid Pressure and Temperature, Non-Powered","Robinets de réglage de la pression et température des fluides, à commande directe",Active,Actif,"2023-02-27 22:50:03"
N4820BE,"[""HP""]","Diaphragm Relief Valve, Non-Powered","Soupape, de sûreté, à membrane, à commande directe",Active,Actif,"2023-02-27 22:50:03"
N4820BN,"[""HP""]","Valve, Exhaust Control, Non-Powered","Robinet contrôleur de gaz d'échappement, à commande directe",Active,Actif,"2023-02-27 22:50:03"
N4820CE,"[""HP""]","Valve, Marine, Specially Designed, Non-Powered","Soupape marine, conçue spécialement, à commande directe",Active,Actif,"2023-02-27 22:50:03"
N4820CJ,"[""HP""]","Valve, Globe, Non-Powered","Robinet, à soupape, à commande directe",Active,Actif,"2023-02-27 22:50:03"
N4820CK,"[""HP""]","Valves, Hydraulic","Valves hydrauliques",Active,Actif,"2023-02-27 22:50:03"
N4820CN,"[""HP""]","Valve, Needle, Non-Powered","Soupape, à pointeau, à commande directe",Active,Actif,"2023-02-27 22:50:03"
N4820C,"[""HP""]","Valves, Flushing","Soupapes de curage",Active,Actif,"2023-02-27 22:50:03"
N4820CC,"[""HP""]","Valve, Gate, Non-Powered","Robinet, vanne, à commande directe",Active,Actif,"2023-02-27 22:50:03"
N4820DA,"[""HP""]","Valve, Regulating Fluid Pressure, Non-Powered","Soupape, régulatrice, pression fluide, à commande directe",Active,Actif,"2023-02-27 22:50:03"
N4820DC,"[""HP""]","Valve, Regulating Non-Fluid Pressure, Non-Powered","Soupape, régulatrice, pression non fluide, à commande directe",Active,Actif,"2023-02-27 22:50:03"
N4820CQ,"[""HP""]","Valve, Plug, Non-Powered","Robinet, à tournant conique, à commande directe",Active,Actif,"2023-02-27 22:50:03"
N4820DL,"[""HP""]","Valve, Relief, Pressure and Temperature, Non-Powered","Soupape de sûreté, pression et température, à commande directe",Active,Actif,"2023-02-27 22:50:03"
N4820DN,"[""HP""]","Valve, Relief, Safety, Non-Powered","Soupape de sûreté et de décharge, à commande directe",Active,Actif,"2023-02-27 22:50:03"
N4820DE,"[""HP""]","Valve, Regulating Temperature, Non-Powered","Robinet, régulateur de température, à commande directe",Active,Actif,"2023-02-27 22:50:03"
N4820DG,"[""HP""]","Valve, Relief, Non-Powered","Soupape de sûreté, à commande directe",Active,Actif,"2023-02-27 22:50:03"
N4820DQ,"[""HP""]","Valve, Relief, Vacuum, Non-Powered","Soupape de sûreté, à vide, à commande directe",Active,Actif,"2023-02-27 22:50:03"
N5110D,"[""HP""]","Cutters, Hand Powered","Cisaille, à main, motorisée",Active,Actif,"2023-02-27 22:50:03"
N5110DC,"[""HP""]","Cutters, Pipe and Tube, CGSB 39-GP-49","Coupe-tuyaux et coupe-tubes, ONGC 39-GP-49",Active,Actif,"2023-02-27 22:50:03"
N5110DE,"[""HP""]","Cutters, Wire Rope, Hand Operated","Coupe-câble métallique, à main",Active,Actif,"2023-02-27 22:50:03"
N5110GC,"[""HP""]","Handles, Wood, Tool, Small (Chisels, Files, etc.)","Manches, en bois, outil, petits, ciseaux, limes, etc.",Active,Actif,"2023-02-27 22:50:03"
N5110,"[""HP""]","Hand Tools, Edged, Nonpowered","Outils à main tranchants, sans moteur",Active,Actif,"2023-02-27 22:50:03"
N5110B,"[""HP""]","Blades, Hand, Hacksaw, CGSB 46-GP-1","Lames, scie à métaux à main, ONGC 46-GP-1",Active,Actif,"2023-02-27 22:50:03"
N5110C,"[""HP""]","Chisel,Metal and Woodworking","Ciseau, à froid et à bois",Active,Actif,"2023-02-27 22:50:03"
N5110P,"[""HP""]","Shears, Hand, Workshop Tools","Ciseaux, à main, outils d'atelier",Active,Actif,"2023-02-27 22:50:03"
N5110Q,"[""HP""]","Stamp, Marking, Steel (Die Set, Metal Stamping, Hand)","Poinçon à marquer, acier (bloc à colonnes, emboutissage de métal manuel)",Active,Actif,"2023-02-27 22:50:03"
N5110R,"[""HP""]","Stripper, Wire, Bench","Pinces a dénuder les fils, établi",Active,Actif,"2023-02-27 22:50:03"
N5120,"[""HP""]","Hand Tools, Nonedged, Nonpowered","Outils à main, non tranchants, sans moteur",Active,Actif,"2023-02-27 22:50:03"
N5120A,"[""HP""]","Shoptools and Equipment - General","Outillage et équipement - général",Active,Actif,"2023-02-27 22:50:03"
N5110J,"[""HP""]",Planes,Rabots,Active,Actif,"2023-02-27 22:50:03"
N5110L,"[""HP""]","Saws, Hand, Nonpowered, all Types","Scies, sans moteur, tous les genres",Active,Actif,"2023-02-27 22:50:03"
N5120E,"[""HP""]",Jacks,Vérins,Active,Actif,"2023-02-27 22:50:03"
N5120EA,"[""HP""]","Jacks, Hydraulic, Hand","Vérins, hydrauliques, à main",Active,Actif,"2023-02-27 22:50:03"
N5120EB,"[""HP""]","Jacks, Hydraulic, Lifting","Vérins hydrauliques, levage",Active,Actif,"2023-02-27 22:50:03"
N5120GB,"[""HP""]","Pliers, Retaining Ring","Pinces, anneau d'arrêt",Active,Actif,"2023-02-27 22:50:03"
N5120LH,"[""HP""]","Vises, Tool Room, Drill Press, Graduated","Étau, atelier, perceuse à colonne, gradué",Active,Actif,"2023-02-27 22:50:03"
N5120M,"[""HP""]",Wrenches,Clés,Active,Actif,"2023-02-27 22:50:03"
N5120MG,"[""HP""]","Wrenches, Combination, Open End and Box, CGSB 39-GP-11C, 39-GP-11M","Clés mixtes à oeil et à fourche, ONGC 39-GP-11C, 39-GP-11M",Active,Actif,"2023-02-27 22:50:03"
N5120MJ,"[""HP""]","Wrenches, Ratchet, Crow Foot, CGSB 39-GP-12B","Clés désaxées, a cliquet, ONGC 39-GP-12B",Active,Actif,"2023-02-27 22:50:03"
N5120ML,"[""HP""]","Wrenches, Torque","Clé dynamométrique",Active,Actif,"2023-02-27 22:50:03"
N5120H,"[""HP""]",Pullers,Extracteur,Active,Actif,"2023-02-27 22:50:03"
N5120J,"[""HP""]",Punches,Poinçons,Active,Actif,"2023-02-27 22:50:03"
N5130,"[""HP""]","Hand Tools, Power-Driven","Outils à main, à moteur",Active,Actif,"2023-02-27 22:50:03"
N5130A,"[""HP""]","Power Driven Hand Tool Accessories","Accessoires pour outils à main à moteur",Active,Actif,"2023-02-27 22:50:03"
N5130AB,"[""HP""]","Wheels, Abrasive and Buffing for Hand Power Tools","Meules abrasives et disques à lustrer pour outils à main à moteur",Active,Actif,"2023-02-27 22:50:03"
N5130BA,"[""HP""]","Cutters, Cable, Cartridge Actuated","Coupe-câble, à cartouche",Active,Actif,"2023-02-27 22:50:03"
N5130BB,"[""HP""]","Driver, Stud, Powder Actuated","Pistolet, scellement, à goujon, à cartouche",Active,Actif,"2023-02-27 22:50:03"
N5130C,"[""HP""]","Electric Portable Tools, All Types","Outils électriques portatifs, tous genres",Active,Actif,"2023-02-27 22:50:03"
N5130CA,"[""HP""]","Drills, Electric, Portable","Perceuses, électriques, portatives",Active,Actif,"2023-02-27 22:50:03"
N5130CB,"[""HP""]","Grinders, Electric, Portable","Meules, électriques, portatives",Active,Actif,"2023-02-27 22:50:03"
N5120MN,"[""HP""]","Wrenches, Tap and Reamer",Tourne-à-gauche,Active,Actif,"2023-02-27 22:50:03"
N5120N,"[""HP""]","Tradesman and Special Tasks Tools","Outils de chantiers et outils spéciaux",Active,Actif,"2023-02-27 22:50:03"
N5120NA,"[""HP""]","Alignment Tools, Electronic Equipment","Outils d'alignement, circuits électroniques",Active,Actif,"2023-02-27 22:50:03"
N5120ND,"[""HP""]","Mechanics Hand Tools (Canadian MFR)","Outils à main de mécanicien, (fabricant canadien)",Active,Actif,"2023-02-27 22:50:03"
N5120NE,"[""HP""]","Rivet Tools, Sheet Metal","Bouterolle, tôle",Active,Actif,"2023-02-27 22:50:03"
N5120NG,"[""HP""]","Logging Tools","Outils pour exploitation forestière",Active,Actif,"2023-02-27 22:50:03"
N5120NJ,"[""HP""]","Aircraft Tools, Special","Outils pour aéronef, spéciaux",Active,Actif,"2023-02-27 22:50:03"
N5120NL,"[""HP""]","Tools, Linesmen","Outils de poseur de lignes",Active,Actif,"2023-02-27 22:50:03"
N5120NN,"[""HP""]","Crimping, Installing and Removal Tools, Connector","Gaufrage, outils d'installation et de démontage, connecteur",Active,Actif,"2023-02-27 22:50:03"
N5130DE,"[""HP""]","Saw, Circular, Portable, Pneumatic","Scie, circulaire, portative, pneumatique",Active,Actif,"2023-02-27 22:50:03"
N5130DG,"[""HP""]","Tools, Pneumatic, Portable, N.E.S.","Outils, pneumatiques, portatifs, N.E.A.",Active,Actif,"2023-02-27 22:50:03"
N5130DH,"[""HP""]","Wrenches, Impact, Pneumatic","Clé, à choc, pneumatique",Active,Actif,"2023-02-27 22:50:03"
N5130DK,"[""HP""]","Socket, Socket Wrench, Impact Type","Douille, clé à douille, type à percussion",Active,Actif,"2023-02-27 22:50:03"
N5133,"[""HP""]","Drill Bits, Counterbores and Countersinks, Hand and Machine","Mèches et forêts, fraises à chanfreiner, fraises à lamer, à main et machines-outils",Active,Actif,"2023-02-27 22:50:03"
N5133A,"[""HP""]","Bits, Auger","Mèches, perçage",Active,Actif,"2023-02-27 22:50:03"
N5133B,"[""HP""]",Drillbits,Forets,Active,Actif,"2023-02-27 22:50:03"
N5136A,"[""HP""]","Die and Tap Set, Thread Cutting","Filières et tarauds, jeu",Active,Actif,"2023-02-27 22:50:03"
N5130CE,"[""HP""]","Polisher, Portable, Electric, Aircraft","Polisseuse, électrique, portative, aéronef",Active,Actif,"2023-02-27 22:50:03"
N5130CG,"[""HP""]","Sander, Belt, Electric, Portable","Ponceuse, à bande, électrique, portative",Active,Actif,"2023-02-27 22:50:03"
N5130CK,"[""HP""]","Saw, Circular, Portable, Electric","Scie, circulaire, portative, électrique",Active,Actif,"2023-02-27 22:50:03"
N5130CM,"[""HP""]","Tools, Electric, Portable, N.E.S.","Outils, électriques, portatifs, N.E.A.",Active,Actif,"2023-02-27 22:50:03"
N5130D,"[""HP""]","Pneumatic Portable Tools, All Types","Outils pneumatiques portatifs, tous genres",Active,Actif,"2023-02-27 22:50:03"
N5130DA,"[""HP""]","Drills Pneumatic, Portable","Perceuses, pneumatiques, portatives",Active,Actif,"2023-02-27 22:50:03"
N5130DB,"[""HP""]","Hammers, Chipping, Pneumatic","Marteau, à clivage, pneumatique",Active,Actif,"2023-02-27 22:50:03"
N5130DC,"[""HP""]","Nut Runner and Screwdriver, Pneumatic","Visseuse-boulonneuse, pneumatique",Active,Actif,"2023-02-27 22:50:03"
N5180B,"[""HP""]","Tool Kit, Body and Fender Repair","Lot d'outillage, carrosserie",Active,Actif,"2023-02-27 22:50:03"
N5180C,"[""HP""]","Tool Kit, Electricians","Lot d'outillage, électriciens",Active,Actif,"2023-02-27 22:50:03"
N5180D,"[""HP""]","Special Tools Automotive, Gasoline and Diesel","Outils spéciaux, automobile, à essence et diesel",Active,Actif,"2023-02-27 22:50:03"
N5210,"[""HP""]","Measuring Tools, Craftsmen","Instruments de mesure et de vérification pour artisans",Active,Actif,"2023-02-27 22:50:03"
N5210A,"[""HP""]","Gage (Measuring Tool)",Jauge,Active,Actif,"2023-02-27 22:50:03"
N5210AB,"[""HP""]","Gage, Blocks, Square, Cylindrical, Ring","Cales étalons, carrés, cylindriques, annulaires",Active,Actif,"2023-02-27 22:50:03"
N5210AE,"[""HP""]","Gage, Centre","Jauge à centrer",Active,Actif,"2023-02-27 22:50:03"
N5210B,"[""HP""]","Indicator, Dial","Comparateur à cadran",Active,Actif,"2023-02-27 22:50:03"
N5210C,"[""HP""]","Instruments, Measuring","Instruments de mesure",Active,Actif,"2023-02-27 22:50:03"
N5210D,"[""HP""]","Levels, Bench, Carpenter and Machinist","Niveaux, à semelle, menuisier et mécanicien",Active,Actif,"2023-02-27 22:50:03"
N5136B,"[""HP""]","Pipe Threader and Dies, Hand and Power Operated","Filières pour tuyau, à main et à moteur",Active,Actif,"2023-02-27 22:50:03"
N5136C,"[""HP""]","Die, Thread Cutting","Filière à tailler les filets",Active,Actif,"2023-02-27 22:50:03"
N5140,"[""HP""]","Tools and Hardware Boxes","Boîtes à outils et à quincaillerie",Active,Actif,"2023-02-27 22:50:03"
N5140B,"[""HP""]","Pouch, Mechanics Tools","Sac, outils mécaniques",Active,Actif,"2023-02-27 22:50:03"
N5140C,"[""HP""]","Tool Box, Portable","Boîte à outils, portative",Active,Actif,"2023-02-27 22:50:03"
N5140CA,"[""HP""]","Tool Box Portable, Metal","Boîte à outils, portative, métallique",Active,Actif,"2023-02-27 22:50:03"
N5140E,"[""HP""]","Bag, Tool, Satchel","Sac, sacoche à outils",Active,Actif,"2023-02-27 22:50:03"
N5180,"[""HP""]","Sets, Kits, and Outfits of Hand Tools","Ensembles, jeux et trousses d'outils à main",Active,Actif,"2023-02-27 22:50:03"
N5180A,"[""HP""]","Tool Kit, Automotic Mechanics","Lot d'outillage, mécaniciens automobile",Active,Actif,"2023-02-27 22:50:03"
N5220A,"[""HP""]","Gage, Precision","Jauge, précision",Active,Actif,"2023-02-27 22:50:03"
N5220B,"[""HP""]","Plates, Surface","Marbres de contrôle",Active,Actif,"2023-02-27 22:50:03"
N5220C,"[""HP""]","Plates, Surface and Angle","Plaques de contrôle et équerres",Active,Actif,"2023-02-27 22:50:03"
N5220D,"[""HP""]","Test Equipment and Inspection Gages","Équipement d'essai et jauges d'inspection",Active,Actif,"2023-02-27 22:50:03"
N5280,"[""HP""]","Sets, Kits, and Outfits of Measuring Tools","Ensembles, jeux et trousses d'instruments de mesure et de vérification",Active,Actif,"2023-02-27 22:50:03"
N5210E,"[""HP""]","Tape Measuring, Surveyor","Mesure à ruban, arpenteur",Active,Actif,"2023-02-27 22:50:03"
N5210F,"[""HP""]","Micrometers and Calipers, Inside and Outside","Micromètres d'intérieur et d'extérieur",Active,Actif,"2023-02-27 22:50:03"
N5220,"[""HP""]","Inspection Gages and Precision Layout Tools","Jauges de contrôle et instruments de précision",Active,Actif,"2023-02-27 22:50:03"
JX2320,"[""HP""]","Trucks and Truck Tractors, Wheeled - Repair","Camions et tracteurs routiers pour semi-remorques, sur roues - réparation",Active,Actif,"2023-02-27 22:50:03"
N5136,"[""HP""]","Taps, Dies and Collets, Hand and Machine","Tarauds, matrices et mandrins à main et pour machines",Active,Actif,"2023-02-27 22:50:03"
N9320,"[""HP""]","Rubber Fabricated Materials","Matières usinées, en caoutchouc",Active,Actif,"2023-02-27 22:50:03"
N9330AAG,"[""HP""]","PLASTIC SHEETS, RIGID, TEFLON","Matière plastique, feuilles rigides, téflon",Active,Actif,"2023-02-27 22:50:03"
N9330AAK,"[""HP""]","PLASTIC SHEETS, RIGID, POLYCARBONATE","Matière plastique, feuilles, rigide, polycarbonate",Active,Actif,"2023-02-27 22:50:03"
N9330AAL,"[""HP""]","PLASTIC SHEETS, RIGID, PLEXIGLASS","Matière plastique, feuilles, rigide, plexiglass",Active,Actif,"2023-02-27 22:50:03"
N9330AB,"[""HP""]","PLASTIC SHEETS (FILM) ROLLS","Matière plastique, feuilles (film), en rouleaux",Active,Actif,"2023-02-27 22:50:03"
N9330ABA,"[""HP""]","PLASTIC SHEETS (FILM) POLYVINYL, ROLLS","Matière plastique, feuilles de polyvinyle (film) en rouleaux",Active,Actif,"2023-02-27 22:50:03"
N9330ABB,"[""HP""]","PLASTIC SHEETS (FILM) POLYETHYLENE, ROLLS","Matière plastique, feuilles de polyéthylène (film ) en rouleaux",Active,Actif,"2023-02-27 22:50:03"
N9330ABC,"[""HP""]","PLASTIC SHEETS (FILM) POLYURETHANE, ROLLS","Matière plastique, feuilles de polyuréthanne (film) en rouleaux",Active,Actif,"2023-02-27 22:50:03"
N9330ABD,"[""HP""]","PLASTIC SHEETS (FILM) POLYESTER (MYLAR) ROLLS","Matière plastique, feuille (film) de polyester (Mylar) en rouleaux",Active,Actif,"2023-02-27 22:50:03"
N9330ABE,"[""HP""]","PLASTIC SHEET (FILM) PRESSURE SENSITIVE ADHESIVE COATED, ROLLS (EXCEPT SEALING TYPE)","Matière plastique, feuille (film) adhésive par pression, en rouleaux (sauf type scellement)",Active,Actif,"2023-02-27 22:50:03"
N9330ABG,"[""HP""]","PLASTIC SHEETS (FILM) POLYESTER, REFLECTIVE, SUN CONTROL FOR WINDOWS AND GLASS DOORS","Matière plastique, feuilles de polyester (film), contrôle du soleil pour fenêtres et portes en verre",Active,Actif,"2023-02-27 22:50:03"
N9330ABH,"[""HP""]","PLASTIC SHEETS (FILM) VINYL CHLORIDE-VINYL ACETATE COPOLYMER, ROLLS","Matière plastique, feuilles (pellicule), copolymère de chlorure de vinyle-acétate de vinyle, rouleaux",Active,Actif,"2023-02-27 22:50:03"
N9320A,"[""HP""]","EXTRUDED RUBBER PRODUCTS","Produits en caoutchouc repoussé",Active,Actif,"2023-02-27 22:50:03"
N9320B,"[""HP""]","FABRICATED RUBBER PRODUCTS (N.E.S)","Produits en caoutchouc usiné (N.E.A.)",Active,Actif,"2023-02-27 22:50:03"
N9320C,"[""HP""]","RUBBER SHEETS","Feuilles de caoutchouc",Active,Actif,"2023-02-27 22:50:03"
N9320CB,"[""HP""]","RUBBER SHEETS, REINFORCED, SOUND ABSORBING","Feuilles de caoutchouc, renforcées, insonorisantes",Active,Actif,"2023-02-27 22:50:03"
N9320F,"[""HP""]","MOULDINGS, RUBBER","Profilés en caoutchouc",Active,Actif,"2023-02-27 22:50:03"
N9330,"[""HP""]","Plastics, Fabricated Materials","Matières fabriquées, plastique",Active,Actif,"2023-02-27 22:50:03"
N9330A,"[""HP""]","PLASTIC SHEETS","Plastique en feuilles",Active,Actif,"2023-02-27 22:50:03"
N9330AA,"[""HP""]","PLASTIC SHEETS, RIGID","Matière plastique, feuilles rigides",Active,Actif,"2023-02-27 22:50:03"
N9330AAA,"[""HP""]","PLASTIC SHEETS, RIGID, ACRYLIC BASE","Matière plastique, feuilles rigides, à base d'acrylique",Active,Actif,"2023-02-27 22:50:03"
N9330AAC,"[""HP""]","PLASTIC SHEETS, RIGID, POLYETHYLENE","Matière plastique, feuilles, rigides, polyéthylène",Active,Actif,"2023-02-27 22:50:03"
N9340,"[""HP""]","Glass Fabricated Materials","Matières usinées, en verre",Active,Actif,"2023-02-27 22:50:03"
N9340A,"[""HP""]","GLASS LININGS AND FABRICATION (CUSTOM)","Garnitures et fabrication de verre (spéciales)",Active,Actif,"2023-02-27 22:50:03"
N9350,"[""HP""]","Refractories and Fire Surfacing Materials","Matières réfractaires et de surfaces de chauffe",Active,Actif,"2023-02-27 22:50:03"
N9350A,"[""HP""]","BRICKS, INSULATING AND REFRACTORY","Briques, isolantes et réfractaires",Active,Actif,"2023-02-27 22:50:03"
N9350B,"[""HP""]","MORTAR, REFRACTORY","Ciment réfractaire",Active,Actif,"2023-02-27 22:50:03"
N9350BB,"[""HP""]","MORTAR, REFRACTORY, HEAT SETTING, CAN/CGSB-10.6-92","Mortier réfractaire thermodurcissable, CAN/ONGC-10.6-92",Active,Actif,"2023-02-27 22:50:03"
N9330E,"[""HP""]","PLASTIC MATERIALS, FIBER GLASS REINFORCED","Matières plastiques, renforcées de fibre de verre",Active,Actif,"2023-02-27 22:50:03"
N9330F,"[""HP""]","PLASTIC EXTRUSIONS, ALL TYPES","Profiles en plastique, tous les types",Active,Actif,"2023-02-27 22:50:03"
N9330G,"[""HP""]","PLASTICS FABRICATED MATERIALS, N.E.S.","Matières fabriquées de plastiques, N.E.A.",Active,Actif,"2023-02-27 22:50:03"
N9330H,"[""HP""]","WINDOW, PLASTIC FRAMED OR SASH WITH GLASS PANE","Fenêtre, encadrement et châssis en plastique avec carreau en verre",Active,Actif,"2023-02-27 22:50:03"
N9330J,"[""HP""]","WINDOW, PLASTIC FRAMED OR SASH WITH PLASTIC PANE","Fenêtre, encadrement et châssis en plastique avec carreau en plastique",Active,Actif,"2023-02-27 22:50:03"
N9330M,"[""HP""]","FOAM, POLYURETHANE","Mousse de polyuréthane",Active,Actif,"2023-02-27 22:50:03"
N9330P,"[""HP""]","TAPE, BARRICADE WARNING, PLASTIC","Bande en plastique, avertissement de barricade",Active,Actif,"2023-02-27 22:50:03"
N9390,"[""HP""]","Miscellaneous Fabricated Nonmetallic Material","Matières usinées non métalliques diverses",Active,Actif,"2023-02-27 22:50:03"
N9390E,"[""HP""]","CORK, SHEETS","Feuilles de liège",Active,Actif,"2023-02-27 22:50:03"
N9390G,"[""HP""]","REFLECTIVE SHEETING","Toiles réfléchissantes",Active,Actif,"2023-02-27 22:50:03"
R115G,"[""HP""]","Fleet Management Services","Services de gestion du parc automobile",Active,Actif,"2023-02-27 22:50:03"
WL2310L,"[""HP""]","PASSENGER MOTOR VEHICLES (BUSES AND AMBULANCES) - LEASING (OVER 90 DAYS)","Véhicules à moteur de tourisme, autobus et ambulances - location à bail, plus de 90 jours",Active,Actif,"2023-02-27 22:50:03"
WL2320,"[""HP""]","TRUCKS AND TRUCK TRACTORS, WHEELED - LEASING","Camions et tracteurs routiers pour semi-remorques, sur roues - location à bail",Active,Actif,"2023-02-27 22:50:03"
WL2320AA,"[""HP""]","TRUCK, LIGHT, UTILITY, 4 X 4, LEASING - OVER 90 DAYS","Camion, léger, utilitaire, à 4 roues motrices, location à bail - plus de 90 jours",Active,Actif,"2023-02-27 22:50:03"
WL2320AB,"[""HP""]","TRUCK, LIGHT, UTILITY, 4 X 4, LONG, LEASING - OVER 90 DAYS","Camion, léger, utilitaire, à 4 roues motrices, long - location à bail, plus de 90 jours",Active,Actif,"2023-02-27 22:50:03"
WL2320D,"[""HP""]","TRUCK, LIGHT, PICK-UP, EXTENDED CAB, 5500 LB GVWR, LEASING - OVER 90 DAYS","Camion, léger, camionnette-plateau, cabine allongée, PNBV 5500 lb - location à bail, plus de 90 jours",Active,Actif,"2023-02-27 22:50:03"
WL2320DA,"[""HP""]","TRUCK, LIGHT, CREW CAB, 8100 LB GVWR, LEASING - OVER 90 DAYS","Camion, léger, à cabine d'équipage, PNBV 8100 lb - location à bail, plus de 90 jours",Active,Actif,"2023-02-27 22:50:03"
WL2310,"[""HP""]","PASSENGER MOTOR VEHICLES - LEASING","Véhicules à moteur de tourisme - location à bail",Active,Actif,"2023-02-27 22:50:03"
WL2320K,"[""HP""]","TRUCKS, MISCELLANEOUS - LEASING (OVER 90 DAYS)","Camions, divers - location à bail, plus de 90 jours",Active,Actif,"2023-02-27 22:50:03"
WL2330,"[""HP""]","TRAILERS - LEASING","Remorques et semi-remorques - location à bail",Active,Actif,"2023-02-27 22:50:03"
WL5180,"[""HP""]","SETS, KITS, AND OUTFITS OF HAND TOOLS - LEASING","Ensembles, jeux et trousses d'outils à main - location à bail",Active,Actif,"2023-02-27 22:50:03"
WR2320,"[""HP""]","TRUCKS AND TRUCK TRACTORS, WHEELED - RENTAL","Camions et tracteurs, pour semi-remorques, sur roues - location",Active,Actif,"2023-02-27 22:50:03"
WR2320A,"[""HP""]","TRUCK, DUMP, DIESEL, TO 27,499 GVWR - RENTAL","Camion basculant, diesel, PNBV jusqu'à 27 499 lb - location",Active,Actif,"2023-02-27 22:50:03"
WR2320AB,"[""HP""]","TRUCK, DUMP, DIESEL, 27,500 GVWR AND UP - RENTAL","Camion basculant, diesel, PNBV 27 500 lb et plus - location",Active,Actif,"2023-02-27 22:50:03"
WR2320B,"[""HP""]","TRUCK, REFRIGERATION, GASOLINE POWERED - RENTAL","Camion, frigorifique à essence - location",Active,Actif,"2023-02-27 22:50:03"
WR2320BA,"[""HP""]","TRUCK, TRACTOR, GASOLINE POWERED - RENTAL","Camion-tracteur, à essence - location",Active,Actif,"2023-02-27 22:50:03"
WR2320C,"[""HP""]","TRUCK, LIGHT, PERSONNEL CARRIER 6,000 LB GVWR - RENTAL (UNDER 90 DAYS)","Camion, léger, transport de personnel PNBV 6 000 lb - location, moins de 90 jours",Active,Actif,"2023-02-27 22:50:03"
WR2320CA,"[""HP""]","TRUCK, LIGHT, UTILITY 4 X 4, RENTAL - (UNDER 90 DAYS)","Camion, léger, utilitaire, 4 roues motrices - location, moins de 90 jours",Active,Actif,"2023-02-27 22:50:03"
WR2320D,"[""HP""]","TRUCK, LIGHT, PERSONNEL CARRIER, 7,500 LB GVWR - RENTAL (UNDER 90 DAYS)","Camion, léger, transport de personnel, PNBV 7 500 lb - location, moins de 90 jours",Active,Actif,"2023-02-27 22:50:03"
WR2320DA,"[""HP""]","TRUCK, LIGHT, PASSENGER VAN, GARAGEABLE, GMV SPEC M60 - RENTAL (UNDER 90 DAYS)","Camion, léger, fourgon pour passagers, remisable SPEC VAG M60 location, moins de 90 jours",Active,Actif,"2023-02-27 22:50:03"
WR2320E,"[""HP""]","TRUCK, LIGHT, PICK-UP, 5,300 LB GVWR - RENTAL (UNDER 90 DAYS)","Camion, léger, camionnette-plateau, PNBV 5 300 lb - location, moins de 90 jours",Active,Actif,"2023-02-27 22:50:03"
WR2320FA,"[""HP""]","TRUCK, LIGHT, CREW CAB, 8100 LB GVWR, RENTAL - UNDER 90 DAYS","Camion, léger, à cabine d'équipage, PNBV 8 100 lb - location, moins de 90 jours",Active,Actif,"2023-02-27 22:50:03"
WR2320G,"[""HP""]","TRUCK, LIGHT, CARGO VAN, GARAGEABLE, GMV SPEC T00 - RENTAL (UNDER 90 DAYS)","Camion, léger, fourgon de marchandises, remisable SPEC VAG T00, - location, moins de 90 jours",Active,Actif,"2023-02-27 22:50:03"
WR2310K,"[""HP""]","PASSENGER MOTOR VEHICLES (BUSES AND AMBULANCES) - RENTAL (UNDER 90 DAYS)","Véhicules à moteur de tourisme, autobus et ambulances - location, moins de 90 jours",Active,Actif,"2023-02-27 22:50:03"
WR2320L,"[""HP""]","TRUCK, HEAVY, 30,000 TO 60,000 LB GVWR - RENTAL (UNDER 90 DAYS)","Camion, lourd, PNBV 30 000 à 60 000 lb - location à bail, moins de 90 jours",Active,Actif,"2023-02-27 22:50:03"
WR2320M,"[""HP""]","TRUCKS, MISCELLANEOUS - RENTAL (UNDER 90 DAYS)","Camions, divers - location, moins de 90 jours",Active,Actif,"2023-02-27 22:50:03"
WR2330,"[""HP""]","TRAILERS - RENTAL","Remorques et semi-remorques - location",Active,Actif,"2023-02-27 22:50:03"
WR2330B,"[""HP""]","TRAILER, HOUSE - RENTAL","Caravane - location",Active,Actif,"2023-02-27 22:50:03"
WR2330C,"[""HP""]","TRAILER, LOW BED - RENTAL","Remorque, plate-forme basse - location",Active,Actif,"2023-02-27 22:50:03"
WR4310,"[""HP""]","COMPRESSORS AND VACUUM PUMPS - RENTAL","Compresseurs et pompes à vide - location",Active,Actif,"2023-02-27 22:50:03"
WR5120,"[""HP""]","HAND TOOLS, NONEDGED, NONPOWERED - RENTAL","Outils à main, non tranchants, sans moteur - location",Active,Actif,"2023-02-27 22:50:03"
WR5130,"[""HP""]","HAND TOOLS, POWER-DRIVEN - RENTAL","Outils à main, à moteur - location",Active,Actif,"2023-02-27 22:50:03"
WR5140,"[""HP""]","TOOL AND HARDWARE BOXES - RENTAL","Boîtes à outils et à quincaillerie - location",Active,Actif,"2023-02-27 22:50:03"
WR5210,"[""HP""]","MEASURING TOOLS, CRAFTSMEN - RENTAL","Instruments de mesure et de vérification pour artisans - location",Active,Actif,"2023-02-27 22:50:03"
WR5220,"[""HP""]","INSPECTION GAGES AND PRECISION LAYOUT TOOLS - RENTAL","Jauges de contrôle et instruments de précision - location",Active,Actif,"2023-02-27 22:50:03"
WR5280,"[""HP""]","SETS, KITS, AND OUTFITS OF MEASURING TOOLS - RENTAL","Ensembles, jeux et trousses d'instruments de mesure et de vérification - location",Active,Actif,"2023-02-27 22:50:03"
WR5110,"[""HP""]","HAND TOOLS, EDGED, NONPOWERED - RENTAL","Outils à main tranchants, sans moteur - location",Active,Actif,"2023-02-27 22:50:03"
N9340D,"[""HP""]","Glass, Window (Plate and Sheet)","Verre à vitre, laminé en feuille",Active,Actif,"2023-02-27 22:50:03"
N9340E,"[""HP""]","Glass, Building, Various Types, Except Window","Verre, types variés pour la construction, sauf pour fenêtre",Active,Actif,"2023-02-27 22:50:03"
N9330Q,"[""HP""]","Glass Security Film","Pellicule de protection pour le verre",Active,Actif,"2023-02-27 22:50:03"
B202A,"[""FE""]","Geotechnical Studies - Licensed Engineers","Études géotechniques -ingénieurs agréés",Active,Actif,"2023-02-27 22:50:03"
C119A,"[""FE""]","Architectual Services - Buildings","Services d'architecture - bâtiments",Active,Actif,"2023-02-27 22:50:03"
B219A,"[""FE""]","Other Engineering Studies","Autres études techniques",Active,Actif,"2023-02-27 22:50:03"
C119F,"[""FE""]","Engineering Services - Buildings","Services d'ingénierie - bâtiments",Active,Actif,"2023-02-27 22:50:03"
C122A,"[""FE""]","Architectural & Engineering Services - Highways, Roads, Railways,Bridges and Dams","Services d'architecture et d'ingénierie - Autoroutes, routes, ponts, voies ferrées, et barrages",Active,Actif,"2023-02-27 22:50:03"
C123A,"[""FE""]","Architectural & Engineering Services - Power Generation and Utilities","Services d'architecture et d'ingénierie - Production d'énergie et services publics",Active,Actif,"2023-02-27 22:50:03"
C129A,"[""FE""]","Architectural & Engineering Services - Other Non-Building Structures","Services d'architecture et d'ingénierie - Structures autres que celles du bâtiment",Active,Actif,"2023-02-27 22:50:03"
C130A,"[""FE""]","Architectural & Engineering Services - Restoration/Conservation Heritage Non-Building Structures","Services d'architecture et d'ingénierie - Restauration et conservation de structures autres que celles du bâtiment à valeur patrimoniale",Active,Actif,"2023-02-27 22:50:03"
C119C,"[""FE""]","Construction Supervision Services","Services de contrôle technique",Active,Actif,"2023-02-27 22:50:03"
C213C,"[""FE""]","Construction Materials - Inspection, Testing and Evaluation","Matériaux de construction - inspection, vérification et évaluation",Active,Actif,"2023-02-27 22:50:03"
C211DA,"[""FE""]","Interior Design Services including Functional Programming","Services de design d'intérieur, y compris la programmation fonctionnelle",Active,Actif,"2023-02-27 22:50:03"
C211E,"[""FE""]","Landscape Architecture Services","Services d'architecture paysagère",Active,Actif,"2023-02-27 22:50:03"
C213A,"[""FE""]","Architectural & Engineering Inspection Services","Services d'architecture et d'ingénierie - Inspection",Active,Actif,"2023-02-27 22:50:03"
C219D,"[""FE""]","Other Architectural and Engineering Services - Real Property","Autres services d'architecture et d'ingénierie - Immobilier",Active,Actif,"2023-02-27 22:50:03"
C219DA,"[""FE""]","Environmental Engineering Services - Real Property","Services de génie de l'environnement - Immobilier",Active,Actif,"2023-02-27 22:50:03"
C121A,"[""FE""]","Architectural & Engineering Services - Restoration/Conservation Heritage Building Structures","Services d'architecture et d'ingénierie - Restauration et conservation des structures du bâtiment à valeur patrimoniale",Active,Actif,"2023-02-27 22:50:03"
5129B,"[""FG""]","Construction of Other Buildings","Construction d'autres édifices",Active,Actif,"2023-02-27 22:50:03"
5131BB,"[""FG""]","Paving Contractor Services (except mud jacking)","Services d'entrepreneur en pavage (sauf injection de boue)",Active,Actif,"2023-02-27 22:50:03"
5131BG,"[""FG""]","Oil Road Spreading Services","Services de répandage d'huile sur les routes",Active,Actif,"2023-02-27 22:50:03"
5131BI,"[""FG""]","Asphalt and Joint Sealing Services","Services de scellement pour asphalte et joints",Active,Actif,"2023-02-27 22:50:03"
5131C,"[""FG""]","Highways, Roads, Railways, Airfield Runways","Autoroutes, rues, routes, voies ferrées, pistes d'aéroport",Active,Actif,"2023-02-27 22:50:03"
5139B,"[""FG""]","Engineering Works, Not Elsewhere Specified","Travaux d'ingénierie, non énumérés ailleurs",Active,Actif,"2023-02-27 22:50:03"
5139C,"[""FG""]","General Heavy Construction","Grands travaux généraux",Active,Actif,"2023-02-27 22:50:03"
5139D,"[""FG""]","General Marine Construction Work","Travaux généraux de construction maritime",Active,Actif,"2023-02-27 22:50:03"
5141A,"[""FG""]","Prefabricated Constructions, Supply and Erection","Constructions préfabriquées - fourniture et érection",Active,Actif,"2023-02-27 22:50:03"
5133B,"[""FG""]","Irrigation and Flood Control","Irrigation et contrôle des inondations",Active,Actif,"2023-02-27 22:50:03"
5133C,"[""FG""]","Waterways, Harbours, Dams and Other Water Works","Voies de navigation, ports, barrages et autres adductions d'eau",Active,Actif,"2023-02-27 22:50:03"
5133D,"[""FG""]","Sewers/ Drainage","Égouts / Drainage",Active,Actif,"2023-02-27 22:50:03"
5134A,"[""FG""]","Power Distribution and Transmission Lines","Distribution et transmission de l'électricité",Active,Actif,"2023-02-27 22:50:03"
5134B,"[""FG""]","Pipeline Construction","Construction de pipe-lines",Active,Actif,"2023-02-27 22:50:03"
5138A,"[""FG""]",Dredging,Dragage,Active,Actif,"2023-02-27 22:50:03"
5138B,"[""FG""]","Dredging Services - Land Based","Services de dragage - base terrestre",Active,Actif,"2023-02-27 22:50:03"
5138C,"[""FG""]","Dredging Services - Floating Plant","Services de dragage - installation flottante",Active,Actif,"2023-02-27 22:50:03"
5153A,"[""FG""]","Roofing, Siding and Sheet Metal Installation Services","Services d'installation - couvertures, parements et tôlerie",Active,Actif,"2023-02-27 22:50:03"
5153AB,"[""FG""]","Roofing, Asphalt and Shingle Services","Services - couvertures d'asphalte et de bardeaux",Active,Actif,"2023-02-27 22:50:03"
5153AE,"[""FG""]","Building Sheet Metal Services","Services - tôlerie de bâtiment",Active,Actif,"2023-02-27 22:50:03"
5153AF,"[""FG""]","Eavestroughing Services","Services - gouttières",Active,Actif,"2023-02-27 22:50:03"
5153AG,"[""FG""]","Industrial Waterproofing Membrane Systems (Roofing)","Systèmes de membrane d'imperméabilisation industriels (couvertures)",Active,Actif,"2023-02-27 22:50:03"
5153B,"[""FG""]","Roofing and Waterproofing","Travaux de couverture et d'imperméabilisation",Active,Actif,"2023-02-27 22:50:03"
5154A,"[""FG""]","Concrete Work","Travaux de bétonnage",Active,Actif,"2023-02-27 22:50:03"
5154AB,"[""FG""]","Concrete Cutting and Coring Services","Service de carottage et de découpage d'ouvrages en béton",Active,Actif,"2023-02-27 22:50:03"
5151A,"[""FG""]","Foundation Work","Travaux d'excavation",Active,Actif,"2023-02-27 22:50:03"
5151B,"[""FG""]","Pile Driving","Enforcement de pieux",Active,Actif,"2023-02-27 22:50:03"
5152A,"[""FG""]","Water Well Drilling","Forage de puits d'eau",Active,Actif,"2023-02-27 22:50:03"
5152AA,"[""FG""]","Water Well Services","Services de creusage de puits",Active,Actif,"2023-02-27 22:50:03"
5152B,"[""FG""]","Water Well Drilling","Forage de puits d'eau",Active,Actif,"2023-02-27 22:50:03"
5156B,"[""FG""]","Masonry Work","Travaux de maçonnerie",Active,Actif,"2023-02-27 22:50:03"
5159A,"[""FG""]","Rock, Stone Crushing Services","Services de concassage de roc et de pierre",Active,Actif,"2023-02-27 22:50:03"
5159B,"[""FG""]","Other Special Trade Construction Work","Travaux de construction d'autres corps de métiers",Active,Actif,"2023-02-27 22:50:03"
5159C,"[""FG""]","Chimney Repair Services","Services de réparation de cheminées",Active,Actif,"2023-02-27 22:50:03"
5159E,"[""FG""]","Smokestack Services","Services cheminées",Active,Actif,"2023-02-27 22:50:03"
5161A,"[""FG""]","Heating (except electric heating) and Air Conditioning","Chauffage (sauf le chauffage électrique) et climatisation",Active,Actif,"2023-02-27 22:50:03"
5154C,"[""FG""]","Paving - Parking Areas","Pavage - parcs de stationnement",Active,Actif,"2023-02-27 22:50:03"
5155B,"[""FG""]","Steel Bending and Erection","Pliage et montage d'éléments en acier",Active,Actif,"2023-02-27 22:50:03"
5155C,"[""FG""]","Structural Steel Work","Ouvrages de construction en acier",Active,Actif,"2023-02-27 22:50:03"
5155D,"[""FG""]","Welding for Construction","Soudage pour la construction",Active,Actif,"2023-02-27 22:50:03"
5156A,"[""FG""]","Masonry, Stonework","Ouvrages de maçonnerie, ouvrages de pierre",Active,Actif,"2023-02-27 22:50:03"
5162A,"[""FG""]","Water Plumbing and Drain Laying Work","Travaux de pose de drains et de plomberie (eau)",Active,Actif,"2023-02-27 22:50:03"
5162B,"[""FG""]","Sprinkler Systems, Installation and Repair","Systèmes de gicleurs - installation et réparation",Active,Actif,"2023-02-27 22:50:03"
5162C,"[""FG""]","Plumbing Contractor Services","Services d'entrepreneur en plomberie",Active,Actif,"2023-02-27 22:50:03"
5162D,"[""FG""]","Sewers and Drains","Égouts et drains",Active,Actif,"2023-02-27 22:50:03"
5163A,"[""FG""]","Gas Fitting Construction Work","Travaux d'installations au gaz",Active,Actif,"2023-02-27 22:50:03"
5163B,"[""FG""]","Building Gas System (Medical/Industrial) Contractors","Entrepreneurs en réseaux au gaz d'immeuble (installations médicales/industrielles)",Active,Actif,"2023-02-27 22:50:03"
5164A,"[""FG""]","Electrical Installations and Major Repairs","Installations électriques et réparations majeures",Active,Actif,"2023-02-27 22:50:03"
5164AB,"[""FG""]","Electrical Contractor Services, Class A Licence","Services d'entrepreneurs en électricité licencié de catégorie A",Active,Actif,"2023-02-27 22:50:03"
5164C,"[""FG""]","Building Fire Protection Systems","Systèmes de protection d'immeuble contre les incendies",Active,Actif,"2023-02-27 22:50:03"
5164CA,"[""FG""]","Building Lighting - Installation and Repair","Appareils d'éclairage d'édifice - installation et réparation",Active,Actif,"2023-02-27 22:50:03"
5161AC,"[""FG""]","Heating Contractor Services (except electrical heating)","Services d'entrepreneur en chauffage (sauf le chauffage électrique)",Active,Actif,"2023-02-27 22:50:03"
5161AE,"[""FG""]","Air Conditioning Contractor Services","Services d'entrepreneurs en climatisation",Active,Actif,"2023-02-27 22:50:03"
5161AF,"[""FG""]","Ventilating Services Contractors","Entrepreneurs en services de ventilation",Active,Actif,"2023-02-27 22:50:03"
5161AJ,"[""FG""]","Boilers, Repair and Cleaning Services","Services de réparation et de nettoyage des chaudières",Active,Actif,"2023-02-27 22:50:03"
5161AK,"[""FG""]","Pipe Insulations, Contractors","Isolation de tuyaux, entrepreneurs",Active,Actif,"2023-02-27 22:50:03"
5161AN,"[""FG""]","Boilers - Installation and Repair","Chaudières, installation et réparation",Active,Actif,"2023-02-27 22:50:03"
5161C,"[""FG""]","Air Distribution Systems - Installation and Repair","Systèmes de distribution d'air - installation et réparation",Active,Actif,"2023-02-27 22:50:03"
5165AB,"[""FG""]","Building Insulation Contractor Services","Services d'entrepreneur en isolation d'immeuble",Active,Actif,"2023-02-27 22:50:03"
5166A,"[""FG""]","Fence Construction","Construction de clôtures",Active,Actif,"2023-02-27 22:50:03"
5166B,"[""FG""]","Fencing and Railing Work","Clôtures, garde-corps et mains courantes",Active,Actif,"2023-02-27 22:50:03"
5169C,"[""FG""]","Elevator Installation","Installation des ascenseurs",Active,Actif,"2023-02-27 22:50:03"
5169DA,"[""FG""]","Building/Installation Special Trade Services, Not Elsewhere Specified","Services de corps de métiers spécialisés - construction/installation, non énumérés ailleurs",Active,Actif,"2023-02-27 22:50:03"
5169E,"[""FG""]","Doors and Windows Installation and Repair Services","Services d'installation et de réparation de portes et de fenêtres",Active,Actif,"2023-02-27 22:50:03"
5164CB,"[""FG""]","Power Generation System - Installation and Repair","Réseau de production d'énergie électrique - installation et réparation",Active,Actif,"2023-02-27 22:50:03"
5164CC,"[""FG""]","High Voltage Distribution System (above 600-Volt) - Installation and Repair","Réseau de distribution haute tension (plus de 600 volts) - installation et réparation",Active,Actif,"2023-02-27 22:50:03"
5164CE,"[""FG""]","Fire Alarm & Detection Systems - Installation and Repair","Systèmes de détection et d'alarme incendie - installation et réparation",Active,Actif,"2023-02-27 22:50:03"
5164CF,"[""FG""]","Uninterruptible Power Supply System - Installation and Repair","Bloc d'alimentation électrique sans coupure - installation et réparation",Active,Actif,"2023-02-27 22:50:03"
5164CG,"[""FG""]","Standby Power Generator Systems - Installation and Repair","Groupes électrogènes de secours - installation et réparation",Active,Actif,"2023-02-27 22:50:03"
5164CH,"[""FG""]","Building Intrusion Detection System - Installation and Repair","Systèmes de détection anti-effraction d'immeuble - installation et réparation",Active,Actif,"2023-02-27 22:50:03"
5164CJ,"[""FG""]","Security Control Systems - Installation and Repair","Systèmes de contrôle de la sécurité - installation et réparation",Active,Actif,"2023-02-27 22:50:03"
5164CK,"[""FG""]","Building Intercommunication System - Installation and Repair","Réseau d'intercommunication d'immeuble - installation et réparation",Active,Actif,"2023-02-27 22:50:03"
5164CN,"[""FG""]","Building Electrical Controls - Installation and Repair","Commandes électriques d'immeuble - installation et réparation",Active,Actif,"2023-02-27 22:50:03"
5164CP,"[""FG""]","Building Electronic Controls - Installation and Repair","Commandes électroniques d'immeuble - installation et réparation",Active,Actif,"2023-02-27 22:50:03"
5164CQ,"[""FG""]","Building Environmental Control Systems Servicing","Systèmes de contrôle de l'environnement d'immeuble - entretien",Active,Actif,"2023-02-27 22:50:03"
5169M,"[""FG""]","Fire Suppression/Extinguishing Systems - Dry Chemical","Installations d'extinction d'incendie - à poudre",Active,Actif,"2023-02-27 22:50:03"
5169P,"[""FG""]","Mechanical Contractor Services, Not Elsewhere Specified","Services d'entrepreneur en mécanique, non énumérés ailleurs",Active,Actif,"2023-02-27 22:50:03"
5171B,"[""FG""]","Glazing and Window Glass Installation","Installation de verre à vitres et de vitrage",Active,Actif,"2023-02-27 22:50:03"
5173B,"[""FG""]","Painting Work","Travaux de peinturage",Active,Actif,"2023-02-27 22:50:03"
5173BA,"[""FG""]","Painting Services - Interior","Services de peinturage d'intérieur",Active,Actif,"2023-02-27 22:50:03"
5169EA,"[""FG""]","Doors Metal Overhead, Installation and Repair","Portes relevables métalliques - installation et réparation",Active,Actif,"2023-02-27 22:50:03"
5169EB,"[""FG""]","Doors, Shielded, Maintenance and Repairs","Portes blindées - entretien et réparation",Active,Actif,"2023-02-27 22:50:03"
5169ED,"[""FG""]","Metal Doors and Frames, Installation and Repair","Portes et cadres métalliques - installation et réparation",Active,Actif,"2023-02-27 22:50:03"
5169EF,"[""FG""]","Door and Window Hardware, Installation and Replacement","Quincaillerie pour portes et fenêtres - installation et remplacement",Active,Actif,"2023-02-27 22:50:03"
5169FC,"[""FG""]","Carpet Laying/Installation","Tapis - moquettes - pose/installation",Active,Actif,"2023-02-27 22:50:03"
5169FD,"[""FG""]","Window Blinds - Installation and Repair","Stores - installation et réparation",Active,Actif,"2023-02-27 22:50:03"
5169G,"[""FG""]","Refrigeration Systems - Installation and Repair","Systèmes de réfrigération - installation et réparation",Active,Actif,"2023-02-27 22:50:03"
5169J,"[""FG""]","Chillers - Installation and Repair","Refroidisseurs - installation et réparation",Active,Actif,"2023-02-27 22:50:03"
5169K,"[""FG""]","Digital Control Systems - Installation and Repair","Systèmes de commandes numériques - installation et réparation",Active,Actif,"2023-02-27 22:50:03"
5176B,"[""FG""]","Wood and Metal Joinery and Carpentry","Travaux de menuiserie et de charpenterie (bois et métal)",Active,Actif,"2023-02-27 22:50:03"
5176C,"[""FG""]","Metal Fabricators (Iron and Steel)","Façonneurs de métal (fer et acier)",Active,Actif,"2023-02-27 22:50:03"
5176D,"[""FG""]","Ironwork Contractors","Entrepreneurs en ferronnerie",Active,Actif,"2023-02-27 22:50:03"
5173BB,"[""FG""]","Painting Services - Exterior","Services de peinturage d'extérieur",Active,Actif,"2023-02-27 22:50:03"
5173C,"[""FG""]","Traffic Line Marking","Marquage de bandes de séparation de la circulation",Active,Actif,"2023-02-27 22:50:03"
5174A,"[""FG""]","Floor and Wall Tiling Work","Travaux de pose de carreaux de sol et de mur",Active,Actif,"2023-02-27 22:50:03"
5175A,"[""FG""]","Other Floor Laying and Wall Papering Work","Autres travaux de pose de revêtement de sol et de papier peint",Active,Actif,"2023-02-27 22:50:03"
5175AA,"[""FG""]","Flooring Contractors","Entrepreneurs en revêtements de sol",Active,Actif,"2023-02-27 22:50:03"
5175AB,"[""FG""]","Floor Sanding and Refinishing Services","Services de ponçage et de refinition de planchers",Active,Actif,"2023-02-27 22:50:03"
5175AC,"[""FG""]","Epoxy Application Resurface Floors Service","Service d'application d'époxyde pour refaire le revêtement des planchers",Active,Actif,"2023-02-27 22:50:03"
5175AD,"[""FG""]","Tile Contractors, Vinyl and Linoleum","Entrepreneurs en carreaux de vinyle et de linoléum",Active,Actif,"2023-02-27 22:50:03"
5175B,"[""FG""]","Carpentry and Flooring","Services de charpenterie et de planchéiage",Active,Actif,"2023-02-27 22:50:03"
5176AB,"[""FG""]","Carpentry Services","Services - travaux de charpenterie",Active,Actif,"2023-02-27 22:50:03"
5177BA,"[""FG""]","Interior Fit-Up/Renovations","Aménagement intérieur/rénovations",Active,Actif,"2023-02-27 22:50:03"
5179CB,"[""FG""]","Sandblasting Services","Services de sablage par jet",Active,Actif,"2023-02-27 22:50:03"
5179I,"[""FG""]","Other Building Completion and Finishing","Autres travaux d'achèvement et de finition des bâtiments",Active,Actif,"2023-02-27 22:50:03"
C119B,"[""FG""]","Design Build Services - Real Property","Services de conception-construction - Biens immobiliers",Active,Actif,"2023-02-27 22:50:03"
E108A,"[""FG""]","Asbestos Removal Services","Enlèvement de l'amiante",Active,Actif,"2023-02-27 22:50:03"
E108C,"[""FG""]","Hazardous Chemicals Removal","Enlèvement de produits chimiques dangereux",Active,Actif,"2023-02-27 22:50:03"
H300AD,"[""FG""]","Inspection, Sewage Pipe","Inspection de tuyaux des faux usées",Active,Actif,"2023-02-27 22:50:03"
H900A,"[""FG""]","Other Construction Quality Control, Testing, Inspect. and Tech. Services","Autres services techniques et d'inspection, d'essai et de contrôle de la qualité en construction",Active,Actif,"2023-02-27 22:50:03"
5169D,"[""FG""]","Other Installation Work","Autres travaux d'installation",Active,Actif,"2023-02-27 22:50:03"
5165A,"[""FG""]","Insulation Work","Travaux d'isolation",Active,Actif,"2023-02-27 22:50:03"
5181A,"[""FG""]","Construction Equipment Rental, with Operator","Location d'équipement de construction avec opérateur",Active,Actif,"2023-02-27 22:50:03"
E109A,"[""FG""]","Leaking Underground Storage Tanks","Réservoirs souterrains non étanchés",Active,Actif,"2023-02-27 22:50:03"
H300E,"[""FG""]","Construction Inspection Services","Services d'inspection de construction",Active,Actif,"2023-02-27 22:50:03"
5112B,"[""FG""]","Demolition Work","Travaux de démolition",Active,Actif,"2023-02-27 22:50:03"
5113B,"[""FG""]","Rock Blasting Services","Services de dynamitage du roc",Active,Actif,"2023-02-27 22:50:03"
5114C,"[""FG""]","Excavating and Earthmoving Work","Excavation et terrassement",Active,Actif,"2023-02-27 22:50:03"
R201DF,"[""FG""]","Services of Individuals - Mechanical and Electronic Contractors","Services d'individus - entrepreneurs mécaniques et électroniques",Active,Actif,"2023-02-27 22:50:03"
S003A,"[""FG""]","Water Supply","Alimentation en eau",Active,Actif,"2023-02-27 22:50:03"
S003E,"[""FG""]","Water Treatment Services","Services d'épuration des eaux",Active,Actif,"2023-02-27 22:50:03"
S099A,"[""FG""]","Sanitary Services","Services sanitaires",Active,Actif,"2023-02-27 22:50:03"
5116A,"[""FG""]","Scaffolding Work",Échafaudage,Active,Actif,"2023-02-27 22:50:03"
5122A,"[""FG""]","Construction of Multi-Dwelling Buildings","Construction des édifices à logements multiples",Active,Actif,"2023-02-27 22:50:03"
5123B,"[""FG""]","Construction of Warehouses and Industrial Buildings","Construction d'entrepôts et de bâtiments industriels",Active,Actif,"2023-02-27 22:50:03"
5124B,"[""FG""]","Construction of Commercial Buildings","Construction d'édifices commerciaux",Active,Actif,"2023-02-27 22:50:03"
5128B,"[""FG""]","Construction of Health Buildings","Construction d'établissements de conditionnement physique",Active,Actif,"2023-02-27 22:50:03"
M190A,"[""GB""]","Property and Facilities Management - Buildings","Gestion des biens et des installations - Immeubles",Active,Actif,"2023-02-27 22:50:03"
G100A,"[""XF""]","Funeral Services","Services de pompes funèbres",Active,Actif,"2023-02-27 22:50:03"
L004CV,"[""XF""]","Claims Administration/Processing (insurance plans)","Administration et traitement des demandes de règlement - régimes d'assurance",Active,Actif,"2023-02-27 22:50:03"
L099F,"[""XF""]","Claims Processing Services","Services de traitement de réclamations",Active,Actif,"2023-02-27 22:50:03"
U099T,"[""ZH""]","First Aid Training Courses","Cours de formation en secourisme",Active,Actif,"2023-02-27 22:50:03"
T014R4A,"[""KCS""]",Negatives,Négatifs,Active,Actif,"2023-02-27 22:50:03"
D307AB,"[""XG""]","Informatics Systems Integration","Intégration de systèmes informatiques",Active,Actif,"2023-02-27 22:50:03"
D399A,"[""EF""]","Miscellaneous Communications Services","Services de communications divers",Active,Actif,"2023-02-27 22:50:03"
D304A,"[""EF""]","Data Transmission Service","Transmission de données",Active,Actif,"2023-02-27 22:50:03"
D399AA,"[""EF""]","Other Telecommunications Services","Autres services de télécommunications",Active,Actif,"2023-02-27 22:50:03"
D399B,"[""EF""]","Telecommunications - Voice Service",Télécommunications,Active,Actif,"2023-02-27 22:50:03"
N5805042,"[""EF""]","Telephones, Cellular","Téléphones, cellulaires",Active,Actif,"2023-02-27 22:50:03"
D399BE,"[""EF""]","Telecommunications - Voice Messaging","Télécommunications - communication vocale",Active,Actif,"2023-02-27 22:50:03"
D399BC,"[""EF""]","Telecommuncations - Teleconferencing","Télécommunications - téléconférence",Active,Actif,"2023-02-27 22:50:03"
D399BD,"[""EF""]","Telecommunications - Video Conferencing","Télécommunications - vidéoconférence",Active,Actif,"2023-02-27 22:50:03"
R199W,"[""EF""]","Cable Plant -Services","Services de l'installation des câbles",Active,Actif,"2023-02-27 22:50:03"
5153BA,"[""SRI""]","Building Waterproofing Services","Services d'imperméabilisation d'immeuble",Active,Actif,"2023-02-27 22:50:03"
5155E,"[""SRI""]","Welding Contractor Services","Services d'entrepreneurs en soudure",Active,Actif,"2023-02-27 22:50:03"
5164AF,"[""SRI""]","Electrical Inspections","Vérifications des circuits électriques",Active,Actif,"2023-02-27 22:50:03"
5165AA,"[""SRI""]","Pipe Insulations, Contractors","Entrepreneurs en isolation de tuyaux",Active,Actif,"2023-02-27 22:50:03"
5164CM,"[""SRI""]","Building Public Address Systems - Installation and Repair","Systèmes de sonorisation d'immeuble - installation et réparation",Active,Actif,"2023-02-27 22:50:03"
5172A,"[""SRI""]","Plastering Work","Travaux de plâtrage",Active,Actif,"2023-02-27 22:50:03"
5169L,"[""SRI""]","Building Computer Cabling Installation","Câblage de matériel informatique d'immeuble - installation",Active,Actif,"2023-02-27 22:50:03"
5179F,"[""SRI""]","Building/Installation Special Trade Services, Not Elsewhere Specified","Services professionnels spéciaux de construction et d'installation, non énumérés ailleurs",Active,Actif,"2023-02-27 22:50:03"
5179C,"[""SRI""]","Building Exterior Cleaning","Nettoyage extérieur des immeubles",Active,Actif,"2023-02-27 22:50:03"
AJ212500,"[""SRI""]","Computer Science (R&D)","Informatique (R&D)",Active,Actif,"2023-02-27 22:50:03"
AS319620,"[""SRI""]","Railway Locomotion Technology (R&D)","Technologie de la locomotion des chemins de fer (R&D)",Active,Actif,"2023-02-27 22:50:03"
B101B,"[""SRI""]","Environmental Studies - Construction Sites","Études environnementales - chantiers de construction",Active,Actif,"2023-02-27 22:50:03"
B314A,"[""SRI""]","Valuation Policies and Procedures","Politiques et procédures d'évaluation",Active,Actif,"2023-02-27 22:50:03"
B503B,"[""SRI""]","Medical and Health Studies / Modelling and Analysis","Études sur la médecine et la santé / Modélisation et analyse",Active,Actif,"2023-02-27 22:50:03"
C211A,"[""SRI""]","Drafting and Design Services","Services de dessins et de dessins schématiques",Active,Actif,"2023-02-27 22:50:03"
C212B,"[""SRI""]","Architectual & Engineering CADD Services","Services d'architecture et d'ingénierie - Conception et dessin assistés par ordinateur",Active,Actif,"2023-02-27 22:50:03"
C219BK,"[""SRI""]","Engineering Services - Construction Management","Services d'ingénierie - Gestion de chantier",Active,Actif,"2023-02-27 22:50:03"
C219CBA,"[""SRI""]","Energy Engineering: Building Energy Conservation","Génie Énergetique - Économies d'énergie dans les batiments",Active,Actif,"2023-02-27 22:50:03"
C219CBI,"[""SRI""]","Energy Engineering: Energy use Management","Génie Énergetique - Gestion de l'utilisation de l'énergie",Active,Actif,"2023-02-27 22:50:03"
C219CJ,"[""SRI""]","Engineering Services: Quantity Survey/Cost Estimating","Services d' ingénierie: Analyses quantitatives, devis estimatifs",Active,Actif,"2023-02-27 22:50:03"
E108E,"[""SRI""]","Medical Waste Disposal Services","Services d'élimination des déchets médicaux",Active,Actif,"2023-02-27 22:50:03"
H100B,"[""SRI""]","Quality Assurance Services","Services d'assurance de la qualité",Active,Actif,"2023-02-27 22:50:03"
H100BB,"[""SRI""]","Quality Assurance Project Management","Gestion de projets relatifs à l'assurance de la qualité",Active,Actif,"2023-02-27 22:50:03"
H100BF,"[""SRI""]","Vehicle Inspection","Inspection de véhicule",Active,Actif,"2023-02-27 22:50:03"
H200A,"[""SRI""]","Construction Materials Testing","Essai de matériaux de construction",Active,Actif,"2023-02-27 22:50:03"
H200C,"[""SRI""]","Equipment and Materials Testing","Essais d'equipement et de matériaux",Active,Actif,"2023-02-27 22:50:03"
K100B,"[""SRI""]","Building Services - Handyman Services","Services pour immeubles - services d'homme à tout faire",Active,Actif,"2023-02-27 22:50:03"
K106CA,"[""SRI""]","Insect/Rodent Control Services","Lutte contre les insectes/rongeurs",Active,Actif,"2023-02-27 22:50:03"
K111B,"[""SRI""]","Carpet Cleaning","Nettoyage de tapis",Active,Actif,"2023-02-27 22:50:03"
K199I,"[""SRI""]","Other Custodial and Related Services","Autres services d'entretien et activités connexes",Active,Actif,"2023-02-27 22:50:03"
M240A,"[""SRI""]","Property Management - Utilities Facilities","Gestion immobilière - installations de services publics",Active,Actif,"2023-02-27 22:50:03"
N4540G,"[""SRI""]","Disposal Equipment, Fluorescent Lamp (bulb)","Équipement d'élimination, lampe fluorescente (ampoule)",Active,Actif,"2023-02-27 22:50:03"
N6350050,"[""SRI""]","Electronic Identification Devices - RFID","Dispositifs d' indentification électronique - DIRF",Active,Actif,"2023-02-27 22:50:03"
N7110CDB,"[""SRI""]","CHAIR, STRAIGHT SIDE, WITH ARMS, METAL FRAME","Fauteuil, droit, à ossature métallique",Active,Actif,"2023-02-27 22:50:03"
N7110CCA,"[""SRI""]","CHAIR, ROTARY, OFFICE TYPE, EXECUTIVE HIGH BACK","Fauteuil, tournant, type bureau, de direction, à dossier haut",Active,Actif,"2023-02-27 22:50:03"
N7110JA,"[""SRI""]","FURNITURE, MODULAR 1, EXECUTIVE","Mobilier, modulaire 1, direction",Active,Actif,"2023-02-27 22:50:03"
N7110JC,"[""SRI""]","SHELF ASSEMBLY, MODULAR 1, DESK","Étagère, bureau, modulaire 1",Active,Actif,"2023-02-27 22:50:03"
N7110JD,"[""SRI""]","FURNITURE, MODULAR 1, TABLE, OCCASIONAL","Mobilier, modulaire 1, table ronde, petite",Active,Actif,"2023-02-27 22:50:03"
N7110JE,"[""SRI""]","FURNITURE, MODULAR II, OFFICE, GOVERNMENT DESIGN","Mobilier, modulaire II, bureau, à l'intérieur du gouvernement",Active,Actif,"2023-02-27 22:50:03"
N7125KD,"[""SRI""]","SHELVING, STORAGE AND DISPLAY, MODULAR, STEEL","Rayonnage modulaire, entreposage et présentation, en acier",Active,Actif,"2023-02-27 22:50:03"
N7530G,"[""SRI""]","Certificate, Retirement or Award","Certificat de retraite ou de mérite",Active,Actif,"2023-02-27 22:50:03"
N7240H,"[""SRI""]","Container, Recycling","Bacs de recyclage",Active,Actif,"2023-02-27 22:50:03"
JX6635C,"[""SRI""]","Mechanical Test Equipment, Calibration Services- Repair","Équipement d'essai mécanique, services d'étalonnage - réparation",Active,Actif,"2023-02-27 22:50:03"
JX6635D,"[""SRI""]","Electrical and Electronic Test Equipment, Calibration Services - Repair","Équipement d'essai électrique et électronique, services d'étalonnage - réparation",Active,Actif,"2023-02-27 22:50:03"
C219C,"[""SRI""]","Engineering Services","Services d'ingénierie",Active,Actif,"2023-02-27 22:50:03"
K000ED,"[""SRI""]","Clothing Alterations and Repairs","Retouches et réparations de vêtements",Active,Actif,"2023-02-27 22:50:03"
R019N,"[""SRI""]","Arbitration Services","Services d'arbitrage",Active,Actif,"2023-02-27 22:50:03"
N9905KSA,"[""SRI""]","Electronic Message Signs (LED,LCD,etc.)","Panneaux de messages électroniques (DEL,ACL,Etc.)",Active,Actif,"2023-02-27 22:50:03"
R003A,"[""SRI""]","Legal Services/Litigation/Lawyers","Services juridiques/litiges/avocats",Active,Actif,"2023-02-27 22:50:03"
R006A,"[""SRI""]","Technical Writing Services","Services de rédaction technique",Active,Actif,"2023-02-27 22:50:03"
R009AD,"[""SRI""]","General Ledger/Bookkeeping System","Système de comptabilié utilisant le grand livre général",Active,Actif,"2023-02-27 22:50:03"
R109A,"[""SRI""]","Language Translation and Interpretation","Traduction et interprétation",Active,Actif,"2023-02-27 22:50:03"
R118A,"[""SRI""]","Real Estate Broker Services","Services de courtier d'immeuble",Active,Actif,"2023-02-27 22:50:03"
R118AB,"[""SRI""]","Real Estate Advisory Services","Services consultatifs en emmobilier",Active,Actif,"2023-02-27 22:50:03"
R123AH,"[""XS""]","Project Management Services","Service de gestion de projets",Active,Actif,"2023-02-27 22:50:03"
R123A,"[""SRI""]","Organization Development","Développement de l'organisation",Active,Actif,"2023-02-27 22:50:03"
R123AB,"[""SRI""]","Organization Planning/Analysis","Planification et analyse de l'organisation",Active,Actif,"2023-02-27 22:50:03"
R199D,"[""SRI""]","Signage Design and Installation","Signalisation, conception et installation",Active,Actif,"2023-02-27 22:50:03"
R199H,"[""XS""]","Consulting Services, Change Management / Organizational Development (CM/OD)","Services de consultation en matière de gestion du changement et de développement organisationnel (GC/DO)",Active,Actif,"2023-02-27 22:50:03"
R199I,"[""SRI""]","Human Resources Support Services (HRSS): Organization and Classification, Staffing and Compensation","Services de soutien en ressources humaines (SSRH) : organisation et classification, dotation et rémunération",Active,Actif,"2023-02-27 22:50:03"
R199IP,"[""SRI""]","Personnel Management: Staffing","Gestion du personnel - dotation",Active,Actif,"2023-02-27 22:50:03"
S002A,"[""SRI""]","Telephone Services","Services téléphonique",Active,Actif,"2023-02-27 22:50:03"
R201DD,"[""SRI""]","Services of Individuals - Environment","Services d'individus - environnement",Active,Actif,"2023-02-27 22:50:03"
S099J,"[""SRI""]","Utilities (Electricity, Water, Gas, and Sanitary Services)","Services publics (énergie électrique, eau, gaz et services sanitaires)",Active,Actif,"2023-02-27 22:50:03"
T002GB,"[""SRI""]","Website Content Maintenance and Updating","Maintenance et mise à jour du contenu de site web",Active,Actif,"2023-02-27 22:50:03"
T002GF,"[""SRI""]","Internet Based Communications Research","Services de recherche en communication sur Internet",Active,Actif,"2023-02-27 22:50:03"
T002GJ,"[""SRI""]","Design of Graphics for Internet Application","Services de design pour Internet",Active,Actif,"2023-02-27 22:50:03"
T004N,"[""SRI""]","Language Adaptation","Adaptation des langages",Active,Actif,"2023-02-27 22:50:03"
T004AB,"[""SRI""]","Public Relations Planning and Development","Planification et développement des relations publiques",Active,Actif,"2023-02-27 22:50:03"
T004BA,"[""SRI""]","Conference Planning Services","Services de planification des conférences",Active,Actif,"2023-02-27 22:50:03"
T004F,"[""SRI""]","On-Site Live Entertainment","Spectacle vivant sur place",Active,Actif,"2023-02-27 22:50:03"
T006A,"[""SRI""]","Cartography Services","Services de cartographie",Active,Actif,"2023-02-27 22:50:03"
T007A,"[""SRI""]","Marine Cartography Services","Services de cartographie marine",Active,Actif,"2023-02-27 22:50:03"
T008AB,"[""SRI""]","Photo Finishing Services - Laminating","Services de développement de photo - laminage",Active,Actif,"2023-02-27 22:50:03"
T013BZ,"[""SRI""]","Visual Information System","Systèmes d'information visuelle",Active,Actif,"2023-02-27 22:50:03"
T014E5,"[""SRI""]","Promotional Items (Printed Only)","Articles promotionnels (Imprimés seulement)",Active,Actif,"2023-02-27 22:50:03"
T014D11,"[""SRI""]","Security Printing Exam Sheets","Impression à classification sécuritaire de feuilles d'examen",Active,Actif,"2023-02-27 22:50:03"
T014D12,"[""SRI""]","Security Printing Warrants","Impression à classification sécuritaire de mandats",Active,Actif,"2023-02-27 22:50:03"
T014D3,"[""SRI""]","Security Printing, Spirit / Tobacco Labels","Impression à classification sécuritaire, étiquettes pour alcool / tabac",Active,Actif,"2023-02-27 22:50:03"
T014H6,"[""SRI""]","Forms Flat Telephone Pads Etc.","Formulaires formules à feuille simple bloc-téléphone etc.",Active,Actif,"2023-02-27 22:50:03"
T014H8,"[""SRI""]","Forms Flat Complimentary Cards","Formulaires formules à feuille simple cartes d'accompagnement",Active,Actif,"2023-02-27 22:50:03"
T014H14,"[""SRI""]","Forms Flat Video Jacket Inserts","Formulaires formules à feuille simple encarts pour jaquette de vidéo",Active,Actif,"2023-02-27 22:50:03"
T014Q4,"[""SRI""]","Electronic Printing Direct Mail","Impression électronique publipostage",Active,Actif,"2023-02-27 22:50:03"
T014Q5,"[""SRI""]","Electronic Printing Cheques","Impression électronique chèques",Active,Actif,"2023-02-27 22:50:03"
T014N3,"[""SRI""]","Camera-Ready Art","Illustration prêtes pour la photographie",Active,Actif,"2023-02-27 22:50:03"
T014R1N,"[""SRI""]","Writing (Copy Writing, Tech Writing, Editorial, Translation Manual, Musicology)","Rédaction (conception-rédaction, rédaction technique, édition traduction manuel, musicologie)",Active,Actif,"2023-02-27 22:50:03"
T016B,"[""SRI""]","Mapping Services, N.E.S.","Services de cartographie, N.E.A.",Active,Actif,"2023-02-27 22:50:03"
T016D,"[""SRI""]","Map Production: Photogrammetric and Cartographic Reproduction","Production de cartes géographiques - reproduction photogrammétrique et cartographique",Active,Actif,"2023-02-27 22:50:03"
T018E,"[""SRI""]",Monitoring,Contrôle,Active,Actif,"2023-02-27 22:50:03"
U001C,"[""SRI""]","Negotiating Skills Training Courses","Cours de formation sur les techniques de négociation",Active,Actif,"2023-02-27 22:50:03"
U001M,"[""SRI""]","Problem Solving/Decision Making Training Courses","Cours de formation sur la résolution de problèmes et la prise de décisions",Active,Actif,"2023-02-27 22:50:03"
T099AA,"[""SRI""]","Co-Publishing of Books","Co-édition de livres",Active,Actif,"2023-02-27 22:50:03"
T099AB,"[""SRI""]","Publishing Support Services","Services de soutien de publication",Active,Actif,"2023-02-27 22:50:03"
T099C,"[""SRI""]","Desk Top Publishing Services","Services de publication assistée par ordinateur",Active,Actif,"2023-02-27 22:50:03"
U006A,"[""SRI""]","Secretarial and Stenographic Courses","Cours de secrétariat et de sténographie",Active,Actif,"2023-02-27 22:50:03"
U008B,"[""SRI""]","Evaluation Design (Training)","Conception de l'évaluation - formation",Active,Actif,"2023-02-27 22:50:03"
U008C,"[""SRI""]","Training Design","Conception de la formation",Active,Actif,"2023-02-27 22:50:03"
U008F,"[""SRI""]","Training Analysis and Design Courses","Cours d'analyse et de conception de la formation",Active,Actif,"2023-02-27 22:50:03"
U001T,"[""SRI""]","Time Management Training Courses","Cours de formation sur la gestion du temps",Active,Actif,"2023-02-27 22:50:03"
U001V,"[""SRI""]","Quality Assurance Training Courses","COURS DE FORMATION SUR L'ASSURANCE DE LA QUALITE",Active,Actif,"2023-02-27 22:50:03"
U099C,"[""SRI""]","Educational Services, N.E.S.","Services pédagogiques, N.E.A.",Active,Actif,"2023-02-27 22:50:03"
U099M,"[""SRI""]","Personal Health Related Training Courses","Cours de formation relatif a la santé personnelle",Active,Actif,"2023-02-27 22:50:03"
U099S,"[""SRI""]","Safety Training Courses","Cours de formation sur la prévention des accidents",Active,Actif,"2023-02-27 22:50:03"
U099SA,"[""SRI""]","Health and Safety Consultation and Training","Consultation et formation en santé et sécurité",Active,Actif,"2023-02-27 22:50:03"
U099U,"[""SRI""]","Career Path Planning Training Courses","Cours de formation sur la planification des carrières",Active,Actif,"2023-02-27 22:50:03"
V403B,"[""SRI""]","Transportation Services - Helicopter and Aircraft","Services de transport - hélicoptères et aéronefs",Active,Actif,"2023-02-27 22:50:03"
X111B,"[""SRI""]","Leasing of Office Space","Location d'espace de bureau",Active,Actif,"2023-02-27 22:50:03"
X113A,"[""SRI""]","Leasing of Hotel, Restaurant Buildings etc.","Location d'édifices hôteliers, de restauration, etc.",Active,Actif,"2023-02-27 22:50:03"
X130A,"[""SRI""]","Leasing of Educational Buildings","Location d'édifices scolaires",Active,Actif,"2023-02-27 22:50:03"
X170A,"[""SRI""]","Leasing of Warehouses","Location d'entrepôts",Active,Actif,"2023-02-27 22:50:03"
X190A,"[""SRI""]","Leasing of Other Buildings","Location d'autres édifices",Active,Actif,"2023-02-27 22:50:03"
X193A,"[""SRI""]","Leasing of Public Entertainment Buildings","Location d'édifices réservés au divertissement",Active,Actif,"2023-02-27 22:50:03"
5121A,"[""SRI""]","Construction of One and Two Dwelling Buildings","Construction d'un et deux édifices à logements",Active,Actif,"2023-02-27 22:50:03"
5127B,"[""SRI""]","Construction of Educational Buildings","Construction de bâtiments scolaires",Active,Actif,"2023-02-27 22:50:03"
K199Q,"[""SRI""]","Mattress Cleaning","Nettoyage de matelas",Active,Actif,"2023-02-27 22:50:03"
K199R,"[""SRI""]","Agricultural Cleaning Services","Services de nettoyage relatifs à l'agriculture",Active,Actif,"2023-02-27 22:50:03"
T004P,"[""SRI""]","Meeting Facilitator Services","Services d'animateur de réunion",Active,Actif,"2023-02-27 22:50:03"
N7195GD,"[""SRI""]","Plant, Flowering, Artificial","Plante,à fleurs, artificielle",Active,Actif,"2023-02-27 22:50:03"
N4235P,"[""SRI""]","Contaminant Containment Equipment","Matériel de confinement des contaminants",Active,Actif,"2023-02-27 22:50:03"
U099SB,"[""SRI""]","Pest Management Training","Formation sur la lutte antiparasitaire",Active,Actif,"2023-02-27 22:50:03"
U099SC,"[""SRI""]","Fitness Evaluation and Training","Évaluation de la condition physique et entraînement",Active,Actif,"2023-02-27 22:50:03"
U099SD,"[""SRI""]","Wilderness Training","Entraînement en milieu sauvage",Active,Actif,"2023-02-27 22:50:03"
U099BG,"[""SRI""]","Search and Rescue Training","Formation de recherche et de sauvetage",Active,Actif,"2023-02-27 22:50:03"
T003AH,"[""SRI""]","Public Relations Services Related to Advertising","Services de relations publiques reliés à la publicité",Active,Actif,"2023-02-27 22:50:03"
T014N1,"[""SRI""]","Graphic Design and Production","Conception et production graphique",Active,Actif,"2023-02-27 22:50:03"
U099Q,"[""SRI""]","Marketing Training Courses","Cours de formations en commercialisation",Active,Actif,"2023-02-27 22:50:03"
U005B,"[""SRI""]","Corporate Membership Subscription Fees","Frais d'abonnement collectif",Active,Actif,"2023-02-27 22:50:03"
D301C,"[""ZM""]","Computer Services, Not Elsewhere Specified","Services informatiques, non énumérés ailleurs",Active,Actif,"2023-02-27 22:50:03"
D302AAP,"[""ZM""]","Informatics Professional and Consulting Services, Software Development and Implementation","Services professionnels et d'experts-conseils en informatique, élaboration et mise en oeuvre de logiciel",Active,Actif,"2023-02-27 22:50:03"
D302AAR,"[""ZM""]","Informatics Professional and Consulting Services, Systems Management, Project Management, EDP Management Consulting","Services professionnels et d'experts-conseils, en informatique, gestion de systèmes, gestion de projets, conseil sur la gestion informatique",Active,Actif,"2023-02-27 22:50:03"
D302A,"[""ZT""]","Informatics Professional Services","Services professionnels, informatique",Active,Actif,"2023-02-27 22:50:03"
D302AAH,"[""ZM""]","Informatics Professional and Consulting Services - Maintenance Operations, Support","Services professionnels et d'expert-conseil en informatique - entretien des opérations de soutien",Active,Actif,"2023-02-27 22:50:03"
D302AAI,"[""ZM""]","Informatics, Professional and Consulting Services - Network Planning, Design, Implementation, Management, Etc.","Services professionnels et d'expert-conseil en informatique - planification des réseaux, conception, mise en place, gestion, etc.",Active,Actif,"2023-02-27 22:50:03"
D302AAJ,"[""ZM""]","Informatics Professional and Consulting Services, Requirements, Analysis, Feasibility Studies","Services professionnels et d'experts-conseils, en informatique, analyse des besoins, études de faisabilité FAISABILITE",Active,Actif,"2023-02-27 22:50:03"
D302D,"[""ZM""]","Multimedia Services","Services multimédia",Active,Actif,"2023-02-27 22:50:03"
D303AA,"[""ZM""]","Data Entry Services","Services d'introduction de données",Active,Actif,"2023-02-27 22:50:03"
D316B,"[""ZM""]","Telecommunications Network Services","Services de réseau de télécommunications",Active,Actif,"2023-02-27 22:50:03"
D317B,"[""ZM""]","Information Retrieval Services, Database","Services de recherche d'information, base de données",Active,Actif,"2023-02-27 22:50:03"
D317C,"[""EF""]","Electronic Mail Services","Services de messagerie électronique",Active,Actif,"2023-02-27 22:50:03"
D317D,"[""CY""]","Automated News Services","Service automatisé de nouvelles",Active,Actif,"2023-02-27 22:50:03"
D311A,"[""ZM""]","Data Conversion Services","Services de conversion de données",Active,Actif,"2023-02-27 22:50:03"
D312A,"[""ZM""]","Optical Scanning Services","Services de numérisation de documents",Active,Actif,"2023-02-27 22:50:03"
D399AB,"[""ZM""]","Professional Services, Telecommunications","Services professionnels en télécommunications",Active,Actif,"2023-02-27 22:50:03"
D399D,"[""ZM""]","Micrographic Services","Services micrographiques",Active,Actif,"2023-02-27 22:50:03"
D399C,"[""ZM""]","CD-Rom Services","Services de CD-Rom",Active,Actif,"2023-02-27 22:50:03"
T018A,"[""ZM""]","Archival Services: Preparation Cataloguing and Preservation","Services d'archives: préparation, catalogage et préservation",Active,Actif,"2023-02-27 22:50:03"
M190D,"[""PSD""]","Operations & Maintenance of a Military Base","Exploitation et entretien d'une base militaire",Active,Actif,"2023-02-27 22:50:03"
5161AP,"[""FK""]","Ductwork - Repair and Cleaning Services","Services de réparation et de nettoyage de gaines de ventilation",Active,Actif,"2023-02-27 22:50:03"
5161B,"[""FK""]","Heating, Ventilation and Air Conditioning Maintenance & Inspection Services","Services d'inspection et d'entretien des unités de chauffage, ventilation et de climatisation",Active,Actif,"2023-02-27 22:50:03"
5169CB,"[""FK""]","Elevator Maintenance (buildings)","Entretien des ascenseurs (immeubles)",Active,Actif,"2023-02-27 22:50:03"
5164CU,"[""FK""]","Low Voltage Electrical Equipment & Systems - Repairs, Testing, Verification & Alternatives","Équipement et systèmes électriques à bas voltage - réparations, essais, vérifications et options",Active,Actif,"2023-02-27 22:50:03"
5169EE,"[""FK""]","Overhead Door - Maintenance","Porte relevable - entretien",Active,Actif,"2023-02-27 22:50:03"
B206A,"[""FK""]","Energy Studies including Federal Buildings Initiative","Études sur l'énergie, y compris L'Initiative des bâtiments fédéraux",Active,Actif,"2023-02-27 22:50:03"
B500B,"[""FK""]","Archaeological Site Investigations","Fouilles de sites archéologiques",Active,Actif,"2023-02-27 22:50:03"
C211F,"[""FK""]","CADD Drafting and Technical Services - Building Systems","Conception et dessin assistés par ordinateur (CDAO), Services de dessin et services techniques - Systèmes des bâtiments",Active,Actif,"2023-02-27 22:50:03"
E107A,"[""FK""]","Hazardous Substance Analysis - Building Related","Analyse des substances dangereuses -Secteur construction",Active,Actif,"2023-02-27 22:50:03"
E108D,"[""FK""]","Hazardous Substance Removal and Disposal -Building Related","Enlèvement et élimination de substances dangereuses - Secteur construction",Active,Actif,"2023-02-27 22:50:03"
E199A,"[""FK""]","Waste Recycling Services","Services de recyclage des déchets",Active,Actif,"2023-02-27 22:50:03"
E101A,"[""FK""]","Air Quality Support Services","Services de soutien - qualité de l'air",Active,Actif,"2023-02-27 22:50:03"
E103A,"[""FK""]","Water Quality Support Services","Services de soutien - qualité de l'eau",Active,Actif,"2023-02-27 22:50:03"
F011A,"[""FK""]","Pesticides and Insecticides Support Services","Services de soutien - pesticides et insecticides",Active,Actif,"2023-02-27 22:50:03"
E199D,"[""FK""]","Environmental Services","Services environnementaux",Active,Actif,"2023-02-27 22:50:03"
JX4120B,"[""FK""]","Chillers, Maintenance","Refroidisseurs, entretien",Active,Actif,"2023-02-27 22:50:03"
K101A,"[""FK""]","Fire Protection Services - Buildings","Services de protection contre l'incendie - Immeubles",Active,Actif,"2023-02-27 22:50:03"
K104A,"[""FK""]","Trash/Garbage Collection Services","Services de ramassage des déchets",Active,Actif,"2023-02-27 22:50:03"
K100A,"[""FK""]","Cleaning and Maintenance, Janitorial","Nettoyage et entretien, conciergerie",Active,Actif,"2023-02-27 22:50:03"
K107A,"[""FK""]","Landscaping and Horticultural Services","Services d'aménagement paysagiste et d'horticulture",Active,Actif,"2023-02-27 22:50:03"
K107AB,"[""FK""]","Fireguard Plowing","Déblaiement des garde-feu",Active,Actif,"2023-02-27 22:50:03"
K107C,"[""FK""]","Lawn and Garden Services","Services d'entretien de pelouses et de jardins",Active,Actif,"2023-02-27 22:50:03"
K107CC,"[""FK""]","Soil Sterilization Services","Services de stérilisation des sols",Active,Actif,"2023-02-27 22:50:03"
K107CD,"[""FK""]","Fertilizer Spreading Services","Services d'épandage d'engrais",Active,Actif,"2023-02-27 22:50:03"
K113AB,"[""FK""]","Snow Removal - Roofs","Déneigement - toits",Active,Actif,"2023-02-27 22:50:03"
K113B,"[""FK""]","Snow Removal and Salt Service","Déneigement et salage des chaussées",Active,Actif,"2023-02-27 22:50:03"
K114A,"[""FK""]","Sewage Treatment","Traitement des eaux usées",Active,Actif,"2023-02-27 22:50:03"
K114B,"[""FK""]","Septic Tank/Latrine Service","Service de fosses septiques et de latrines",Active,Actif,"2023-02-27 22:50:03"
K107CE,"[""FK""]","Soil Analysis Services","Services d'analyse du sol",Active,Actif,"2023-02-27 22:50:03"
K107DA,"[""FK""]","Grounds Maintenance","Entretien des terrains",Active,Actif,"2023-02-27 22:50:03"
K112A,"[""FK""]","Interior Plantscaping","Aménagement paysager intérieur",Active,Actif,"2023-02-27 22:50:03"
K113A,"[""FK""]","Snow Plowing and Removal","Déblaiement et enlèvement de la neige",Active,Actif,"2023-02-27 22:50:03"
K199K,"[""FK""]","Chimney Cleaning Services","Services de ramonage",Active,Actif,"2023-02-27 22:50:03"
K199L,"[""FK""]","Road Sweeping Services","Services de balayage des routes",Active,Actif,"2023-02-27 22:50:03"
K199N,"[""FK""]","Window Cleaning","Nettoyage de fenêtres",Active,Actif,"2023-02-27 22:50:03"
M190B,"[""FK""]","Asset Management Plans (AMP)","Services d'élaboration de Plans de gestion des biens immobiliers",Active,Actif,"2023-02-27 22:50:03"
5161D,"[""FK""]","BACS - Building Automation Control Systems","SACI - Système d'automatisation et de contrôle des immeubles",Active,Actif,"2023-02-27 22:50:03"
JX4130A,"[""FK""]","Heat, Ventilation & Air Conditioning Maintenance","Entretien des systèmes de chauffage, de ventilation et de climatisation",Active,Actif,"2023-02-27 22:50:03"
H300F,"[""FK""]","Heating and Cooling Plant, Inspection Services","Installation de chauffage et de climatisation, services d'inspection",Active,Actif,"2023-02-27 22:50:03"
E199H,"[""FK""]","Environmental Professional Consulting Services - Real Property Related","Services consultatifs professionnels en environnement - Relatifs à l'immobilier",Active,Actif,"2023-02-27 22:50:03"
5164E,"[""FK""]","Security Systems Maintenance - Interior (built-in) Buildings","Entretien des systèmes de sécurité - Immeubles intérieurs (intégrés)",Active,Actif,"2023-02-27 22:50:03"
E199AB,"[""FK""]","Hazardous Waste Recycling - Real Property","Recyclage de déchets dangereux - Immobilier",Active,Actif,"2023-02-27 22:50:03"
E199AC,"[""FK""]","Non-Hazardous Waste Recycling - Real Property","Recyclage de déchets non dangereux - Immobilier",Active,Actif,"2023-02-27 22:50:03"
5164D,"[""FK""]","Fire Alarm System Maintenance (building related)","Entretien du système d'alarme incendie (immeubles)",Active,Actif,"2023-02-27 22:50:03"
5164CV,"[""FK""]","Generator Maintenance","Générator - entretien",Active,Actif,"2023-02-27 22:50:03"
5164CW,"[""FK""]","Uninterruptible Power Supply (UPS) System - Maintenance","Bloc d'alimentation électrique sans coupure - Entretien",Active,Actif,"2023-02-27 22:50:03"
S003F,"[""FK""]","Boiler, Chemical Water Treatment & Related Services","Traitement de la chaudière avec de l'eau chimique et services connexes",Active,Actif,"2023-02-27 22:50:03"
T019D,"[""FK""]","Survey Services, Interior and Exterior","Services d'arpentage, intérieur et extérieur",Active,Actif,"2023-02-27 22:50:03"
R006D,"[""FK""]","Manuals, Standard Operating Procedures for Building Controls and Systems","Manuels, procédures normalisées d'exploitation pour les contrôles et les systèmes d'immeubles",Active,Actif,"2023-02-27 22:50:03"
R019PA,"[""FK""]","Threat Risk Assessments - Base Building","Évaluation des menaces et des risques - Immeuble de base",Active,Actif,"2023-02-27 22:50:03"
N7530X,"[""CW""]",Envelopes,Enveloppes,Active,Actif,"2023-02-27 22:50:03"
N7540,"[""CW""]","Standard Forms","Cartes et imprimés normalisés",Active,Actif,"2023-02-27 22:50:03"
N7690,"[""CW""]","Miscellaneous Printed Matter","Imprimés divers",Active,Actif,"2023-02-27 22:50:03"
T001GB,"[""CW""]","Marketing Strategy","Stratégie de commercialisation",Active,Actif,"2023-02-27 22:50:03"
T002AA,"[""CW""]","Fabrication of Exhibits","Fabrication de matériels pour exposition",Active,Actif,"2023-02-27 22:50:03"
T002AB,"[""CW""]","Custom Exhibit Fabrication","Fabrication de matériels sur mesure pour exposition",Active,Actif,"2023-02-27 22:50:03"
T002AI,"[""CW""]","Graphic Production","Production graphique",Active,Actif,"2023-02-27 22:50:03"
T002AJ,"[""CW""]","Graphic Design and Exhibit Design","Conception graphique et conception de matériel d'exposition",Active,Actif,"2023-02-27 22:50:03"
T002AK,"[""CW""]","Research and Writing","Recherche et rédaction",Active,Actif,"2023-02-27 22:50:03"
T002GC,"[""CW""]","Website Analysis and Evaluation","Analyse et évaluation de site web",Active,Actif,"2023-02-27 22:50:03"
T002AP,"[""CW""]","Contractor Services for Furniture Rental, Electrical, Plumbing and Decorative Fixture (for Exhibits)","Services d'entrepreneur pour la location d'ameublement, l'électricité, la plomberie et les accessoires décoratifs (pour expositions)",Active,Actif,"2023-02-27 22:50:03"
T002B,"[""CW""]","Internal Communications Programs","Programmes de communications internes",Active,Actif,"2023-02-27 22:50:03"
T002D,"[""CW""]","Corporate Sponsorship","Parrainage collectif",Active,Actif,"2023-02-27 22:50:03"
T002G,"[""CW""]","Internet Communication Services","Services de communication sur Internet",Active,Actif,"2023-02-27 22:50:03"
T002GA,"[""CW""]","Website Communications Consultation and Design","Consultations et design en communication pour sites web",Active,Actif,"2023-02-27 22:50:03"
T011B,"[""CW""]","Photo-Map Production","Production de photocartes",Active,Actif,"2023-02-27 22:50:03"
T012A,"[""CW""]","Aerial Photography Other Than Survey and Mapping","Photographie aérienne, autre que pour la topographie et la cartographie",Active,Actif,"2023-02-27 22:50:03"
T0149H,"[""CW""]","Identification Printing (cards, laminated products) - Non-secure","Impression d' identification (cartes, produits laminés)",Active,Actif,"2023-02-27 22:50:03"
T0149J,"[""CW""]","Inserting - Direct Mail","Insertion - courrier direct",Active,Actif,"2023-02-27 22:50:03"
T014A,"[""CW""]",Publications,Publications,Active,Actif,"2023-02-27 22:50:03"
T014C2,"[""CW""]","Maps - Printing","Cartes géographiques -Impression",Active,Actif,"2023-02-27 22:50:03"
T014C4,"[""CW""]","Cheque Inserts",Chéquier,Active,Actif,"2023-02-27 22:50:03"
T014F1,"[""CW""]","File Folders - Printed","Chemises de classement -Imprimées",Active,Actif,"2023-02-27 22:50:03"
T014F3,"[""CW""]","Folders, Kit","Chemises, jeux",Active,Actif,"2023-02-27 22:50:03"
T014G1,"[""CW""]","Decals, Printed","Décalques imprimées",Active,Actif,"2023-02-27 22:50:03"
T014G2,"[""CW""]",Tags,Étiquettes,Active,Actif,"2023-02-27 22:50:03"
T014D1,"[""CW""]","Security Printing, Paper Documents (including bonds)","Impression, classification sécuritaire, documents papiers (incluant les obligations)",Active,Actif,"2023-02-27 22:50:03"
T014D10,"[""CW""]","Security ID Printing Passes/Cards","Impression à classification sécuritaire de laissez-passer",Active,Actif,"2023-02-27 22:50:03"
T014D2,"[""CW""]","Security Printing, Passports","Impression, classification sécuritaire, passeports",Active,Actif,"2023-02-27 22:50:03"
T014H5,"[""CW""]","Flat Printing","Formules à feuille simple d'impression",Active,Actif,"2023-02-27 22:50:03"
T014H7,"[""CW""]","Forms Flat Business","Formulaires formules à feuille simple d'affaires",Active,Actif,"2023-02-27 22:50:03"
T014G3,"[""CW""]","Labels, Printed","Étiquettes imprimées",Active,Actif,"2023-02-27 22:50:03"
T014H15,"[""CW""]","Flat Printing / Loose leaf Printing","Impression à plat",Active,Actif,"2023-02-27 22:50:03"
T014H2,"[""CW""]","Forms, Flat, Calling Cards","Formules à feuille simple, carte de visite",Active,Actif,"2023-02-27 22:50:03"
T014JK,"[""CW""]","Multipart Forms","Formulaires multifeuilles",Active,Actif,"2023-02-27 22:50:03"
T014KA,"[""CW""]","Forms, Continuous","Formules en continu",Active,Actif,"2023-02-27 22:50:03"
T014L5,"[""CW""]","Dividers - Printed","Intercalaires - Imprimées",Active,Actif,"2023-02-27 22:50:03"
T014Q10,"[""CW""]","Offset Printing and Variable Imaging","Impression offset et imagerie variable",Active,Actif,"2023-02-27 22:50:03"
T014Q8,"[""CW""]","Electronic Printing on Demand","Impression électronique, sur demande",Active,Actif,"2023-02-27 22:50:03"
T014Q9,"[""CW""]","Database/Variable Imaging","Base de données - imagerie variable",Active,Actif,"2023-02-27 22:50:03"
T014R4C,"[""CW""]","Forms Management","Gestion de formulaires",Active,Actif,"2023-02-27 22:50:03"
T014QB,"[""CW""]","Electronic Publishing","Publication électronique",Active,Actif,"2023-02-27 22:50:03"
T014R1C,"[""CW""]","Calligraphy, Design and Artwork","Calligraphie, dessin et illustration",Active,Actif,"2023-02-27 22:50:03"
T014V8A,"[""CW""]","Copying Services","Services de reproduction",Active,Actif,"2023-02-27 22:50:03"
T014SR,"[""CW""]","Printing of Envelopes","Impression d'enveloppes",Active,Actif,"2023-02-27 22:50:03"
T014U,"[""CW""]","Addressing, Distribution and Mailing Lists Management","Gestion d'adressage, de distribution et de listes d'envoi",Active,Actif,"2023-02-27 22:50:03"
T014V0A,"[""CW""]","White Printing","Impression diazo",Active,Actif,"2023-02-27 22:50:03"
T014V0C,"[""CW""]","Binders, Printed","Reliures, imprimées",Active,Actif,"2023-02-27 22:50:03"
T015AA,"[""CW""]","Photocopying Services","Services de photocopies",Active,Actif,"2023-02-27 22:50:03"
T015AC,"[""CW""]","Blue Printing and Engineering Drawing Reproduction","Services de tirage de bleus",Active,Actif,"2023-02-27 22:50:03"
T099A,"[""CW""]","Publishing, Co-Publishing and Support Services - Paper and Electronic Format","Services de publication, co-édition et de soutien - copies imprimées et supports électroniques",Active,Actif,"2023-02-27 22:50:03"
T099H,"[""CW""]","Communication Publications - Ordering, Warehousing and Distribution","Publications de communication - Commande, entreposage et distribution",Active,Actif,"2023-02-27 22:50:03"
T099J,"[""CW""]","Document Management and Printing","Gestion et impression de documents",Active,Actif,"2023-02-27 22:50:03"
T002AJA,"[""CW""]","Graphic Design Services","Services de conception graphique",Active,Actif,"2023-02-27 22:50:03"
T014P,"[""CW""]","Micrographic Services (Including Microfilming)","Services micrographiques (incluant le microfilmage)",Active,Actif,"2023-02-27 22:50:03"
T014V1,"[""CW""]","Alternate Format Printing (includes Braille, Large Print and Tactile Graphics)","Impression en braille/média substitut",Active,Actif,"2023-02-27 22:50:03"
T014RB,"[""CW""]","Forms Design","Conception des formules",Active,Actif,"2023-02-27 22:50:03"
R104A,"[""CY""]","Audio Tape Transcripts/Summary Services - Not Media Related","Texte écrit de ruban audio/services de récapitulation - non lié aux médias",Active,Actif,"2023-02-27 22:50:03"
R116A,"[""CY""]","Court Reporting Services","Services de reportage en cour",Active,Actif,"2023-02-27 22:50:03"
R116B,"[""CY""]","Verbatim Reporting Services","Services de comptes rendus exhaustifs",Active,Actif,"2023-02-27 22:50:03"
T000GA,"[""CY""]","Communication Promotional Material (including printing and identification)","Matériaux de promotion en communication (incluant l' impression et l' identification)",Active,Actif,"2023-02-27 22:50:03"
T001C,"[""CY""]","Public Opinion Research - Quantitative & Qualitative","Sondage d'opinion publique - étude quantitative et qualitative",Active,Actif,"2023-02-27 22:50:03"
T001D,"[""CY""]","Public Opinion Research - Syndicated Studies","Sondage d'opinion publique - études multi-intérêts",Active,Actif,"2023-02-27 22:50:03"
T001E,"[""CY""]","Public Opinion Research - other","Sondage d'opinion publique - autre",Active,Actif,"2023-02-27 22:50:03"
T001GA,"[""CY""]","Market Research","Étude du marché",Active,Actif,"2023-02-27 22:50:03"
T000K,"[""CY""]","Telephone Services / Contact Centre Services","Services d'orientation téléphonique / Services de centres d'appels",Active,Actif,"2023-02-27 22:50:03"
T001B,"[""CY""]","Public Opinion Research - Qualitative","Sondage d'opinion publique - qualitative",Active,Actif,"2023-02-27 22:50:03"
T001H,"[""CY""]","Stakeholder and Citizen Consultation and Engagement Services","Services de consultation et de participation des intervenants et des citoyens",Active,Actif,"2023-02-27 22:50:03"
T004JD,"[""CY""]","Press Release Distribution","Diffusion de communiqués de presse",Active,Actif,"2023-02-27 22:50:03"
T004K,"[""CY""]","Media Monitoring Services","Services de surveillance des médias",Active,Actif,"2023-02-27 22:50:03"
T004KA,"[""CY""]","Social Media Monitoring","Surveillance des médias sociaux",Active,Actif,"2023-02-27 22:50:03"
T004D,"[""CY""]","Media Analysis","Analyse des médias",Active,Actif,"2023-02-27 22:50:03"
T004J,"[""CY""]","Press Service","Services de presse",Active,Actif,"2023-02-27 22:50:03"
T099E,"[""CY""]","Surveys, Not Elsewhere Specified","Sondages, Non énumérés ailleurs",Active,Actif,"2023-02-27 22:50:03"
T099D,"[""CY""]","Newswire Services","Services de télénouvelle",Active,Actif,"2023-02-27 22:50:03"
T004Q,"[""CY""]","Transcription of Live Events","Transcription d'événements en direct",Active,Actif,"2023-02-27 22:50:03"
T004R,"[""CY""]","Online News Database","Base de donneés de nouvelles en ligne",Active,Actif,"2023-02-27 22:50:03"
R104B,"[""CY""]","Transcription Services","Services de transcription",Active,Actif,"2023-02-27 22:50:03"
T001A,"[""CY""]","Public Opinion Research - Quantitative","Sondage d'opinion publique - quantitative",Active,Actif,"2023-02-27 22:50:03"
T000M,"[""CY""]","Information Dissemination Service","Service de diffusion de l'information",Active,Actif,"2023-02-27 22:50:03"
T001HA,"[""CY""]","Stakeholder and Citizen Consultation and Engagement Services - In Person","Services de consultation et de participation des intervenants et des citoyens - en personne",Active,Actif,"2023-02-27 22:50:03"
T001HB,"[""CY""]","Stakeholder and Citizen Consultation and Engagement Services - Online","Services de consultation et de participation des intervenants et des citoyens - en-ligne",Active,Actif,"2023-02-27 22:50:03"
T003A,"[""CZ""]",Advertising,Publicité,Active,Actif,"2023-02-27 22:50:03"
T003AA,"[""CZ""]","Advertising Creative Services","Services de création en publicité",Active,Actif,"2023-02-27 22:50:03"
T003AC,"[""CZ""]","Public Notices Services","Services pour des avis publics",Active,Actif,"2023-02-27 22:50:03"
T003AF,"[""CZ""]","Advertising Media Planning/Buying","Planification/achat de média en publicité",Active,Actif,"2023-02-27 22:50:03"
T003AG,"[""CZ""]","Advertising Related Services","Services reliés à la publicité",Active,Actif,"2023-02-27 22:50:03"
K105A,"[""ZL""]","Commercial Security Guard and Related Services","Services de sécurité commerciaux et services connexes",Active,Actif,"2023-02-27 22:50:03"
K106A,"[""ZL""]","Disinfecting and Exterminating","Désinfection et extermination",Active,Actif,"2023-02-27 22:50:03"
K106B,"[""ZL""]","Control of Disease Services (Spraying)","Contrôle des maladies (pulvérisation)",Active,Actif,"2023-02-27 22:50:03"
K106C,"[""ZL""]","Mosquito and other Insect Control","Lutte contre les moustiques et autres insectes",Active,Actif,"2023-02-27 22:50:03"
K105AO,"[""ZL""]","Commissionaire Services","Services de commissionnaires",Active,Actif,"2023-02-27 22:50:03"
L004A,"[""ZL""]","Actuarial Services","Services d'actuaires",Active,Actif,"2023-02-27 22:50:03"
L004B,"[""ZL""]","Insurance Associated Risk Management","Gestion des risques relative aux assurances",Active,Actif,"2023-02-27 22:50:03"
L004C,"[""ZL""]","Insurance Services","Services d'assurances",Active,Actif,"2023-02-27 22:50:03"
M181A,"[""ZL""]","Operation and Maintenance Services of a Technical/Scientific Facility","Services d'exploitation et d'entretien d'installations techniques et scientifiques",Active,Actif,"2023-02-27 22:50:03"
L099H,"[""ZL""]","Financial Related Risk Management Services","Services de gestion des risques liés aux finances",Active,Actif,"2023-02-27 22:50:03"
R019P,"[""ZL""]","Threat and Risk Assessment Services","Services d'évaluation de la menace et des risques",Active,Actif,"2023-02-27 22:50:03"
R101A,"[""ZL""]","Expert Witness","Témoins expert",Active,Actif,"2023-02-27 22:50:03"
R201F,"[""ZL""]","Hiring of Ships' Crews, Pilots, Etc.","Embauche d'équipages et de pilotes de navires, etc.",Active,Actif,"2023-02-27 22:50:03"
R201FA,"[""ZL""]","Services Related to Water Transportation - Hiring of Ships' Crews, Pilots, Etc.","Services relatifs au transport maritime - embauche d'équipages et de pilotes de navires, etc.",Active,Actif,"2023-02-27 22:50:03"
V201A,"[""LS""]","Fixed Wing Aircraft - Airplane Charter","Affrètement aéronef à voilure fixe - Affrètement avion",Active,Actif,"2023-02-27 22:50:03"
V201B,"[""LS""]","Rotary Wing Aircraft - Helicopter Charter","Affrètement aéronef à voilure tournante - Affrètement hélicoptère",Active,Actif,"2023-02-27 22:50:03"
V201C,"[""LS""]","Class 9-4: Fixed Wing International Charter Commercial Air Services","Classe 9-4: voilure fixe - service d'affrètement aérien commercial international",Active,Actif,"2023-02-27 22:50:03"
V201D,"[""LS""]","Class 9-4: Rotating Wing International Charter Commercial Air Services","Classe 9-4: voilure tournante - service d'affrètement aérien commercial internationale",Active,Actif,"2023-02-27 22:50:03"
V204J,"[""LS""]","Air Ambulance Services","Services d'ambulanciers aériens",Active,Actif,"2023-02-27 22:50:03"
V204L,"[""LS""]","Ground Handling Services","Services de manutention au sol",Active,Actif,"2023-02-27 22:50:03"
V204M,"[""LS""]","Operation, Maintenance and Servicing of Crown Owned or Leased Aircraft","Aéronefs loués par l'État ou lui appartenant - opération, entretien et réparation",Active,Actif,"2023-02-27 22:50:03"
V204N,"[""LS""]","Air-to-Air Gunnery Towing and Scoring Services","Services de remorquage et de notation pour tirs au canon air-air",Active,Actif,"2023-02-27 22:50:03"
V203A,"[""LS""]","Aircraft and Glider Dry Leases","Aéronefs et planeurs - location à bail",Active,Actif,"2023-02-27 22:50:03"
V204A,"[""LS""]","Air Taxi","Avion de navette",Active,Actif,"2023-02-27 22:50:03"
V204F,"[""LS""]","Aerial Application and Distribution Services","Services aériens d'épandage et de dispersion de produits",Active,Actif,"2023-02-27 22:50:03"
V204G,"[""LS""]","Aerial Control Services","Service de surveillance aérienne",Active,Actif,"2023-02-27 22:50:03"
V204H,"[""LS""]","Aerial Inspection and Reconnaissance Services","Services de reconnaissance et d'inspection aérienne",Active,Actif,"2023-02-27 22:50:03"
V204I,"[""LS""]","Flying Training","Formation pour vol",Active,Actif,"2023-02-27 22:50:03"
V204IA,"[""LS""]","Parachute Operations","Opérations de parachutage",Active,Actif,"2023-02-27 22:50:03"
V506A,"[""ZL""]","Diving and Salvage Services","Services de plongée et de récupération",Active,Actif,"2023-02-27 22:50:03"
V502C,"[""ZL""]","Accommodation and Food Services, N.E.S.","Services de logement et d'alimentation N.E.A.",Active,Actif,"2023-02-27 22:50:03"
V502CA,"[""ZL""]","Accommodation and/or Food Support Services","Services de logement et, ou d'alimentation",Active,Actif,"2023-02-27 22:50:03"
R019Q,"[""ZL""]","Marine Consulting","Consultation maritime",Active,Actif,"2023-02-27 22:50:03"
R201H,"[""ZL""]","Executive Search Services","Services de recrutement de cadres",Active,Actif,"2023-02-27 22:50:03"
R199L,"[""XK""]","Facilities Operations Service","Services d'exploitation des installations",Active,Actif,"2023-02-27 22:50:03"
V503B,"[""XN""]","Travel Management Services","Services de gestion de voyage",Active,Actif,"2023-02-27 22:50:03"
R118DA,"[""CX""]","Rental of Exhibit Space - Canada","Location d'espaces pour exposition - Canada",Active,Actif,"2023-02-27 22:50:03"
R118DB,"[""CX""]","Rental of Exhibit Space - U.S.A.","Location d'espaces pour exposition - États-Unis",Active,Actif,"2023-02-27 22:50:03"
R118DC,"[""CX""]","Rental of Exhibit Space - Europe","Location d'espaces pour exposition - Europe",Active,Actif,"2023-02-27 22:50:03"
R118DD,"[""CX""]","Rental of Exhibit Space - All Others Except Canada, U.S.A. and Europe","Location d'espaces pour exposition - tous les autres pays sauf le Canada, les États-Unis et l'Europe",Active,Actif,"2023-02-27 22:50:03"
T000A,"[""CX""]","Communication Telemarketing","Communication en Télémarketing",Active,Actif,"2023-02-27 22:50:03"
T000B,"[""CX""]","Strategic Communication Services","Services de communication Stratégique",Active,Actif,"2023-02-27 22:50:03"
T000C,"[""CX""]","Communication Planning and Development","Développement et planification de communication",Active,Actif,"2023-02-27 22:50:03"
T000D,"[""CX""]","Communication Evaluation and Assessment","Évaluation et établissement des programmes de communication",Active,Actif,"2023-02-27 22:50:03"
T000E,"[""CX""]","Communication Program/Project Implementation","Programme de communication/projet d'exécution",Active,Actif,"2023-02-27 22:50:03"
T000F,"[""CX""]","Communication Research and Analysis","Recherche et analyse des communications",Active,Actif,"2023-02-27 22:50:03"
T000G,"[""CX""]","Communication Support Products","Produits de soutien en communication",Active,Actif,"2023-02-27 22:50:03"
T000H,"[""CX""]","Communication Writing and Editing Services","Services de communication axés sur la rédaction et la révision",Active,Actif,"2023-02-27 22:50:03"
T000I,"[""CX""]","Communication Projects","Projets de communication",Active,Actif,"2023-02-27 22:50:03"
T001G,"[""CX""]","Communication Marketing Management","Gestion du marketing en communications",Active,Actif,"2023-02-27 22:50:03"
T000L,"[""CX""]","Communication Project Management Services","Services de gestion de projet de communication",Active,Actif,"2023-02-27 22:50:03"
T002GD,"[""CX""]",Webcasting,"Diffusion sur le web",Active,Actif,"2023-02-27 22:50:03"
T002GE,"[""CX""]","Streaming Audiovisual Services","Services de diffusion audiovisuelle sur Internet",Active,Actif,"2023-02-27 22:50:03"
T002GG,"[""CX""]","Conversion of Print Material for Internet Application","Conversion de matériel imprimé pour l'Internet",Active,Actif,"2023-02-27 22:50:03"
T002AQ,"[""CX""]","Site Management Services for Exhibit","Services de gestion de locaux pour les expositions",Active,Actif,"2023-02-27 22:50:03"
T002AT,"[""CX""]","Exhibit Artifacts - Display Objects","Produits oeuvres pour exposition - objets d'étalage",Active,Actif,"2023-02-27 22:50:03"
T002C,"[""CX""]","Travelling Exhibits","Kiosques mobiles",Active,Actif,"2023-02-27 22:50:03"
T005A,"[""CX""]","Graphic Design Services - including website","Services de conception graphique - incluant site web",Active,Actif,"2023-02-27 22:50:03"
T004A,"[""CX""]","Public Relations Services Non-Related to Advertising","Services de relations publiques non reliés à la publicité",Active,Actif,"2023-02-27 22:50:03"
T004B,"[""CX""]","Events Planning and Management","Planification et gestion d'événements",Active,Actif,"2023-02-27 22:50:03"
T004E,"[""CX""]","Media Relations","Relations avec les médias",Active,Actif,"2023-02-27 22:50:03"
T004H,"[""CX""]","Writing Services (including, editing, adaptation, etc.)","Services de rédaction (incluant révision, adaptation, etc)",Active,Actif,"2023-02-27 22:50:03"
T004I,"[""CX""]","Meeting, Conference, Convention and Special Event Management Services","Services de gestion, pour réunions, conférences, conventions ou événements spéciaux",Active,Actif,"2023-02-27 22:50:03"
T009BH,"[""CX""]","Video Production Services","Services de production de vidéo",Active,Actif,"2023-02-27 22:50:03"
T009BO,"[""CX""]","Multi-Image Production Services","Services de production à images multiples",Active,Actif,"2023-02-27 22:50:03"
T009BP,"[""CX""]","Audio/Visual Freelance and Project Management Services","Services audio-visuels indépendants et de gestion de projets audio-visuel",Active,Actif,"2023-02-27 22:50:03"
T009BQ,"[""CX""]","Sound Studio Services","Services de studio d'enregistrement",Active,Actif,"2023-02-27 22:50:03"
T009BR,"[""CX""]","Audio/Visual Language Adaptation/Versioning Services","Services audiovisuels sur l'adaptation et l'interprétation de la langue",Active,Actif,"2023-02-27 22:50:03"
T009A,"[""CX""]","Audio Visual Production Services","Services de production audiovisuel",Active,Actif,"2023-02-27 22:50:03"
T009BAA,"[""CX""]","Videodisc Production: All Levels, Computer Programming - Interactive Touch Screen","Production de vidéodisque: tous les niveaux, programmation d'ordinateurs - écran à contact interactif",Active,Actif,"2023-02-27 22:50:03"
T009BAB,"[""CX""]",Subtitling,Sous-titrage,Active,Actif,"2023-02-27 22:50:03"
T009BAC,"[""CX""]","Satellite Transmission","Transmission par satellite",Active,Actif,"2023-02-27 22:50:03"
T013B,"[""CX""]","General Commercial Photography","Photographie commerciale générale",Active,Actif,"2023-02-27 22:50:03"
T009BU,"[""CX""]","Audio Visual Services - Interactive/Multimedia including implementation for website use","Services audiovisuels - intéractif/Multimédia incluant la réalisation pour utilisation sur l'internet",Active,Actif,"2023-02-27 22:50:03"
T009BV,"[""CX""]","Film Production: IMAX-OMNIMAX/SHOWSCAN/CIRCLE VISION","Production de film: IMAX-OMNIMAX/SHOWSCAN/CIRCLE VISION",Active,Actif,"2023-02-27 22:50:03"
T009BW,"[""CX""]","Video Production: Video Wall/Laser/Light and Sound","Production de vidéo: vidéo au mur/laser/son et lumière",Active,Actif,"2023-02-27 22:50:03"
T009BX,"[""CX""]","Multi Media (AV and Print and Packaging)","Média multiples (audiovisuel, imprimerie et emballage)",Active,Actif,"2023-02-27 22:50:03"
T009BY,"[""CX""]","Film Laboratory, Film Processing, Release Printing","Laboratoire de film, développement de film et impression de lancement",Active,Actif,"2023-02-27 22:50:03"
T009BZ,"[""CX""]","Videotape/DVD/BluRay Duplication","Reproduction de bande magnétique/DVD/BlueRay",Active,Actif,"2023-02-27 22:50:03"
T009CA,"[""CX""]","Distribution Services: Film and Video","Services de distribution: film et vidéo",Active,Actif,"2023-02-27 22:50:03"
T009D,"[""CX""]","Audio and Video Technical Services","Services techniques audio-vidéo",Active,Actif,"2023-02-27 22:50:03"
T009E,"[""CX""]","Audio Recordings/Talking Books","Enregistrement audio/Livres parlants",Active,Actif,"2023-02-27 22:50:03"
T018BA,"[""CX""]","Sound Production and Re-Production","Production et reproduction sonores",Active,Actif,"2023-02-27 22:50:03"
T018BE,"[""CX""]","Tape Duplication Services, Audio","Services de duplication de bande, magnétique",Active,Actif,"2023-02-27 22:50:03"
T002A,"[""CX""]","Expositions, Design and Fabrication Services","Services de fabrication, de conception et d'expositions",Active,Actif,"2023-02-27 22:50:03"
JX3590,"[""PD""]","Service and Trade Equipment, Miscellaneous - Repair","Équipement commercial et de service divers - réparation",Active,Actif,"2023-02-27 22:50:03"
JX7310AA,"[""PD""]","Galley Equipment, except Aircraft - Repair","Équipement de cuisine, sauf pour aéronef - réparation",Active,Actif,"2023-02-27 22:50:03"
JX7320,"[""PD""]","Kitchen Equipment and Appliances - Repair and Overhaul","Équipement et accessoires de cuisine - réparation et révision",Active,Actif,"2023-02-27 22:50:03"
K102B,"[""PD""]","Food Catering Services","Services de traiteur",Active,Actif,"2023-02-27 22:50:03"
N3550,"[""PD""]","Vending and Coin Operated Machines","Machines automatiques à jetons ou pièces de monnaie",Active,Actif,"2023-02-27 22:50:03"
N3550B,"[""PD""]","Parking Device Systems","Systèmes de parcomètres",Active,Actif,"2023-02-27 22:50:03"
N3590,"[""PD""]","Service and Trade Equipment, Miscellaneous","Équipement commercial et de service divers",Active,Actif,"2023-02-27 22:50:03"
N3605,"[""PD""]","Food Products Machinery and Equipment","Machines et matériel pour la préparation des aliments",Active,Actif,"2023-02-27 22:50:03"
N6840BF,"[""PD""]","DISINFECTANT-DETERGENT, GENERAL PURPOSE, LIQUID, CAN/CGSB-2.160-95, Type 2","Désinfectant-détergent, usage général, liquide norme CAN/ONGC-2.160-95, Type 2",Active,Actif,"2023-02-27 22:50:03"
N6840,"[""PD""]","Pest Control Agents and Disinfectants","Agents de lutte contre les fléaux, et désinfectants",Active,Actif,"2023-02-27 22:50:03"
N6840F,"[""PD""]",INSECTICIDE,Insecticide,Active,Actif,"2023-02-27 22:50:03"
N7045,"[""PD""]","Computer Supplies","Fournitures d'informatique",Active,Actif,"2023-02-27 22:50:03"
N7050,"[""PD""]","ADP Components","Composants, traitement automatique de l'information",Active,Actif,"2023-02-27 22:50:03"
N7210,"[""PD""]","Household Furnishings","Fournitures et accessoires d'ameublement de maison",Active,Actif,"2023-02-27 22:50:03"
N7310,"[""PD""]","Food, Cooking, Baking and Serving Equipment","Équipement pour la cuisson, la cuisson au four et le service des aliments",Active,Actif,"2023-02-27 22:50:03"
N7310Q,"[""PD""]",RANGES,Fourneaux,Active,Actif,"2023-02-27 22:50:03"
N7320,"[""PD""]","Kitchen Equipment and Appliances","Équipement et accessoires de cuisine",Active,Actif,"2023-02-27 22:50:03"
N7330,"[""PD""]","Kitchen Hand Tools and Utensils","Outils à main et ustensiles de cuisine",Active,Actif,"2023-02-27 22:50:03"
N7350,"[""PD""]",Tableware,"Vaisselle de table",Active,Actif,"2023-02-27 22:50:03"
N7340,"[""PD""]","Cutlery and Flatware","Coutellerie et couverts",Active,Actif,"2023-02-27 22:50:03"
N7360,"[""PD""]","Sets, Kits and Outfits, Food Preparation and Serving","Ensembles, accessoires et équipements pour la préparation et le service des aliments",Active,Actif,"2023-02-27 22:50:03"
N7510,"[""PD""]","Office Supplies","Fournitures de bureau",Active,Actif,"2023-02-27 22:50:03"
N7520,"[""PD""]","Office Devices and Accessories","Articles et accessoires de bureau",Active,Actif,"2023-02-27 22:50:03"
N7530,"[""PD""]","Stationery and Record Forms","Papeterie et classeurs",Active,Actif,"2023-02-27 22:50:03"
N7530MB,"[""PD""]","Paper - Copying, Bond, White for Photocopies, Printers, Fax and General Purpose","Papier - pour reproduction, bond, blanc pour photocopieurs, imprimantes, télécopieurs et tout usage",Active,Actif,"2023-02-27 22:50:03"
N7530MW,"[""PD""]","PAPER, CHART, PLOTTER","Papier, cartes géographiques, traceur",Active,Actif,"2023-02-27 22:50:03"
N7660,"[""PD""]","Sheet and Book Music","Feuilles et livres de musique",Active,Actif,"2023-02-27 22:50:03"
N7710,"[""PD""]","Musical Instruments","Instruments de musique",Active,Actif,"2023-02-27 22:50:03"
N7720,"[""PD""]","Musical Instrument Parts and Accessories","Pièces de rechange et accessoires d'instruments de musique",Active,Actif,"2023-02-27 22:50:03"
N7810,"[""PD""]","Athletic and Sporting Equipment","Équipements d'athlétisme et de sport",Active,Actif,"2023-02-27 22:50:03"
N7820,"[""PD""]","Games, Toys and Wheeled Goods","Jeux, jouets et articles montés sur roues",Active,Actif,"2023-02-27 22:50:03"
N8105JA,"[""PD""]","ENVELOPES, PACKAGING, GRAIN TYPE","Enveloppes d'emballage, type grenu",Active,Actif,"2023-02-27 22:50:03"
N8730,"[""PD""]","Seeds and Nursery Stock","Semences et stocks de pépinières",Active,Actif,"2023-02-27 22:50:03"
N8710,"[""PD""]","Forage and Feed","Fourrage et aliments pour animaux",Active,Actif,"2023-02-27 22:50:03"
N8710A,"[""PD""]","Forage and Feed, Animals","Fourrage et aliments pour animaux",Active,Actif,"2023-02-27 22:50:03"
N8710B,"[""PD""]","Fish, Food","Poisson, aliment",Active,Actif,"2023-02-27 22:50:03"
N8720,"[""PD""]",Fertilizers,Engrais,Active,Actif,"2023-02-27 22:50:03"
N8905,"[""PD""]","Meat, Poultry and Fish (replaced by gsin N8905Z)","Viande, volaille et poisson (remplacé par nibs N8905Z)",Active,Actif,"2023-02-27 22:50:03"
N8910BB,"[""PD""]","Milk, Skim, Dry (replaced by gsin N8920ZC)","Lait, concentré, en poudre (remplacé par nibs N8920ZC)",Active,Actif,"2023-02-27 22:50:03"
N8910,"[""PD""]","Dairy Foods and Eggs (replaced by gsin N8910Z)","Produits laitiers et oeufs (remplacé par nibs N8910Z)",Active,Actif,"2023-02-27 22:50:03"
N8910D,"[""PD""]","Eggs, Fresh (replaced by gsin N8910ZD)","Oeufs frais (remplacé par nibs N8910ZD)",Active,Actif,"2023-02-27 22:50:03"
N8910Z,"[""PD""]",Dairy,Laitiers,Active,Actif,"2023-02-27 22:50:03"
N8915B,"[""PD""]","Fruits and Vegetables, Fresh, Except Dietetic (replaced by gsin N8915Z)","Fruits et légumes frais, sauf diététiques (remplacé par nibs N8915Z)",Active,Actif,"2023-02-27 22:50:03"
N8920,"[""PD""]","Bakery and Cereal Products (replaced by gsin N8920Z)","Produits céréaliers et de boulangerie (remplacé par nibs N8920Z)",Active,Actif,"2023-02-27 22:50:03"
N8920C,"[""PD""]","Groceries, Miscellaneous (replaced by gsin N8920ZC)","Provisions, divers (remplacé par nibs N8920ZC)",Active,Actif,"2023-02-27 22:50:03"
N8940,"[""PD""]","Special Dietary Foods and Food Speciality Preparations (replaced by gsin N8940Z)","Aliments diététiques spéciaux et préparations alimentaires spéciales (remplacé par nibs N8940Z)",Active,Actif,"2023-02-27 22:50:03"
N8920J,"[""PD""]","Bread and Rolls (replaced by gsin N8920ZJ)","Pain et petits pains (remplacé par nibs N8920ZJ)",Active,Actif,"2023-02-27 22:50:03"
N8920K,"[""PD""]","Cakes and Plum Pudding (replaced by gsin N8920ZK)","Gâteaux et plum-puddings (remplacé par nibs N8920ZK)",Active,Actif,"2023-02-27 22:50:03"
N8920Z,"[""PD""]","Bakery Products","Produits de boulangerie",Active,Actif,"2023-02-27 22:50:03"
N8940G,"[""PD""]","Potato chips (replaced by gsin N8920ZG)","Pomme de terre croustilles (remplacé par nibs N8920ZG)",Active,Actif,"2023-02-27 22:50:03"
N8955,"[""PD""]","Coffee, Tea and Cocoa","Café, thé et cacao",Active,Actif,"2023-02-27 22:50:03"
N8955A,"[""PD""]","Coffee (replaced by gsin N8955ZA)","Café (remplacé par nibs N8955ZA)",Active,Actif,"2023-02-27 22:50:03"
N8955ZA,"[""PD""]",Coffee,Café,Active,Actif,"2023-02-27 22:50:03"
N8970,"[""PD""]","Composite Food Packages","Rations conditionnées",Active,Actif,"2023-02-27 22:50:03"
N8970B,"[""PD""]","Lunches, Boxed (replaced by gsin N8970ZB)","Casse-croûte, en boîte (remplacé par nibs N8970ZB)",Active,Actif,"2023-02-27 22:50:03"
N9310,"[""PD""]","Paper and Paperboard","Papier et carbonnage",Active,Actif,"2023-02-27 22:50:03"
N9440,"[""PD""]","Miscellaneous Crude Agricultural and Forestry Products","Produits agricoles et forestiers brut, divers",Active,Actif,"2023-02-27 22:50:03"
N9410,"[""PD""]","Crude Grade of Plant Materials","Matières d'origine végétale à l'état brut",Active,Actif,"2023-02-27 22:50:03"
N9420,"[""PD""]","Fibers Vegetable, Animal and Synthetic","Fibres végétales, animales et synthétiques",Active,Actif,"2023-02-27 22:50:03"
N9430,"[""PD""]","Miscellaneous Crude Animal Products, Inedible","Produits bruts d'origine animale, divers, non comestibles",Active,Actif,"2023-02-27 22:50:03"
N9910,"[""PD""]",Jewelry,Joaillerie,Active,Actif,"2023-02-27 22:50:03"
N9910C,"[""PD""]",Trophies,Trophées,Active,Actif,"2023-02-27 22:50:03"
WR8960Z,"[""PD""]","Beverage Concentrate with Rental Dispensers","Boissons en concentré avec distributeur de location",Active,Actif,"2023-02-27 22:50:03"
N8940Z,"[""PD""]","Special Dietary Foods and Food Specialty Preparations","Aliments diététiques spéciaux et préparations alimentaires spéciales",Active,Actif,"2023-02-27 22:50:03"
N8940ZG,"[""PD""]","Potato Chips","Pomme de terre croustilles",Active,Actif,"2023-02-27 22:50:03"
N8940ZP,"[""PD""]","Kosher, Foods","Mets, Kasher",Active,Actif,"2023-02-27 22:50:03"
N8960E,"[""PD""]","Water, Potable, Bottled (replaced by gsin N8960ZC)","Eau, potable, embouteillée (remplacé par nibs N8960ZC)",Active,Actif,"2023-02-27 22:50:03"
N8960F,"[""PD""]","Water, Potable, Bulk (replaced by gsin N8960ZF)","Eau, potable, en vrac (remplacé par nibs N8960ZF)",Active,Actif,"2023-02-27 22:50:03"
N8960Z,"[""PD""]","Soft Drinks","Boissons gazeuses",Active,Actif,"2023-02-27 22:50:03"
N8960ZC,"[""PD""]","Water, Bottled Drinking","Eau, potable embouteillée",Active,Actif,"2023-02-27 22:50:03"
N8915Z,"[""PD""]","Fruits and Vegetables","Fruits et légumes",Active,Actif,"2023-02-27 22:50:03"
N8905Z,"[""PD""]","Meat, Poultry and Fish","Viande, volaille et poisson",Active,Actif,"2023-02-27 22:50:03"
N8905ZA,"[""PD""]",Fish,Poisson,Active,Actif,"2023-02-27 22:50:03"
N8915ZFJ,"[""PD""]","Juice, Concentrate","Jus concentré",Active,Actif,"2023-02-27 22:50:03"
N8915,"[""PD""]","Fruits and Vegetables (replaced by gsin N8915Z)","Fruits et légumes (remplacé par nibs N8915Z)",Active,Actif,"2023-02-27 22:50:03"
N8910ZA,"[""PD""]",Cheese,Fromage,Active,Actif,"2023-02-27 22:50:03"
N8910ZD,"[""PD""]",Eggs,Oeufs,Active,Actif,"2023-02-27 22:50:03"
N8920ZJ,"[""PD""]","Bread and Rolls","Pain et petits pains",Active,Actif,"2023-02-27 22:50:03"
N8920ZK,"[""PD""]","Bakery, Specialties, Not Elsewhere Specified","Boulangerie, spécialités , non énumérés ailleurs",Active,Actif,"2023-02-27 22:50:03"
N8920ZC,"[""PD""]","Groceries, Miscellaneous","Provisions , divers",Active,Actif,"2023-02-27 22:50:03"
N8960,"[""PD""]","Beverages, Non-Alcoholic (replaced by gsin N8960Z)","Boissons, non alcoolisées (remplacé par nibs N8960Z)",Active,Actif,"2023-02-27 22:50:03"
N8975,"[""PD""]","Tobacco Products","Produits du tabac",Active,Actif,"2023-02-27 22:50:03"
N8970ZB,"[""PD""]","Lunches, Boxed","Casse-croûte, en boîte",Active,Actif,"2023-02-27 22:50:03"
N8965ZA,"[""PD""]","Beverages, Alcoholic","Boissons, alcoolisées",Active,Actif,"2023-02-27 22:50:03"
R108A,"[""ZN""]","Word Processing Services","Services de traitement de textes",Active,Actif,"2023-02-27 22:50:03"
R199B,"[""ZN""]","Miscellaneous Business Services","Services commerciaux divers",Active,Actif,"2023-02-27 22:50:03"
R201AA,"[""ZN""]","Temporary Help Services, General Office Support","Services d'aide temporaire, soutien admininstratif général",Active,Actif,"2023-02-27 22:50:03"
R201DG,"[""ZN""]","Services of Individuals - General Labourers and Trade Helpers","Services de main d'oeuvre - manoeuvres et aides d'hommes de métier",Active,Actif,"2023-02-27 22:50:03"
JX7030,"[""EEM""]","ADP Software Maintenance - Other than Microcomputer","Logiciel tai entretien - autre que pour micro-ordinateurs",Active,Actif,"2023-02-27 22:50:03"
N7030205,"[""EEM""]","COMPUTER SOFTWARE, DATA COMMUNICATIONS, INCLUDING MODEM/LINE CONTROL, PROTOCOL, CONVERSION, TERMINAL EMULATION, VOICE AND OR DATA NETWORK MANAGEMENT, ETC.- OTHER THAN MICROCOMPUTERS","Logiciel, transmission de données, incluant modem et gestion de lignes, conv. de protocole, émulation de terminaux, gestion de réseaux de données et/ou vocal, etc.- autre que pour micro-ords.",Active,Actif,"2023-02-27 22:50:03"
N7030250,"[""EEM""]","COMPUTER SOFTWARE FOR TECHNOLOGY ASSISTED TRAINING","Logiciel pour formation technique assistée par ordinateur",Active,Actif,"2023-02-27 22:50:03"
N7030310,"[""EEM""]","COMPUTER SOFTWARE, ENGINEERING, SCIENTIFIC, MATHEMATICAL, STATISTICAL, MODELING, SIMULATION, EMULATION, ENERGY - OTHER THAN MICROCOMPUTERS","Logiciel, ingénierie, sciences, mathématique, statistique, modélisation, simulation, émulation et énergie - autre que pour micro-ordinateurs",Active,Actif,"2023-02-27 22:50:03"
N7030315,"[""EEM""]","COMPUTER SOFTWARE, ACQUISITION/PROCESSING OF ANALOG/DIGITAL, SIGNALS (AUDIO,VIDEO,SEISMIC,ETC)INCL.MACH.VISION,VOICE RECOGN. INST.SIGNALS,ROBOTICS,NUM.MACH.CONT.ETC-OTHER THAN MICROCOMPUTER","Logiciel, saisie et traitement de données anal. et num, signaux (son.vidéo, séismiques etc.)incl.aff.visuel, rec.voc.signaux d'inst., robotiques, contrôle mach.num.-autre que pour micro_ords.",Active,Actif,"2023-02-27 22:50:03"
N7030100,"[""EEM""]","Software Suppliers, Application, Business, Personnel Management, EDP","Fournisseurs de logiciel, logiciel d'applications, gestion du personnel, informatique",Active,Actif,"2023-02-27 22:50:03"
N7030150,"[""EEM""]","COMPUTER SOFTWARE, ACCOUNTING, FINANCIAL, INSURANCE, PAYROLL - OTHER THAN MICROCOMPUTERS","Logiciel, comptabilité, finance, assurance, calcul de la paie - autre que pour micro-ordinateurs",Active,Actif,"2023-02-27 22:50:03"
N7030161,"[""EEM""]","COMPUTER SOFTWARE, ARTIFICIAL INTELLIGENCE, EXPERT SYSTEMS - OTHER THAN MICROCOMPUTERS","Logiciel, intelligence artificielle, système expert - autre que pour micro-ordinateurs",Active,Actif,"2023-02-27 22:50:03"
N7030165,"[""EEM""]","COMPUTER SOFTWARE, BUILDING CONSTRUCTION, FACILITY/PROPERTY MANAGEMENT - OTHER THAN MICROCOMPUTERS","Logiciel, gestion de propriété, logement, construction et immeuble - autre que pour micro-ordinateurs",Active,Actif,"2023-02-27 22:50:03"
N7030175,"[""EEM""]","COMPUTER SOFTWARE, BUSINESS ADMINISTRATION/MANAGEMENT, PLANNING, MARKET TRADE AND SALES ANALYSIS, ECONOMICS - OTHER THAN MICROCOMPUTERS","Logiciel, administration et gestion, planification, marché et commercialisation, analyse des ventes, économie - autre que pour micro-ordinateurs",Active,Actif,"2023-02-27 22:50:03"
N7030500,"[""EEM""]","COMPUTER SOFTWARE, MILITARY APPLICATIONS, EMERGENCY PLANNING CIVIL - OTHER THAN MICROCOMPUTERS","Logiciel, applications militaires, planification d'urgence civile, autre que micro-ordinateurs",Active,Actif,"2023-02-27 22:50:03"
N7030515,"[""EEM""]","COMPUTER SOFTWARE, MEDICAL AND HEALTH CARE - OTHER THAN MICROCOMPUTERS","Logiciel, médical et des soins de la santé, autre que pour micro-ordinateurs",Active,Actif,"2023-02-27 22:50:03"
N7030525,"[""EEM""]","COMPUTER SOFTWARE,OFFICE AUTOMATION,DOCUMENT MANAGEMENT,MAIL, NETWORKS,PUBLISHING,SPREADSHEETS,TYPESETTING,WORD PROCESSING - OTHER THAN MICROCOMPUTERS","Logiciel bureautique, gestion de documents, courrier, gestion de réseaux, édition, tableurs, composition, traitement de texte, autre que pour micro-ordinateurs",Active,Actif,"2023-02-27 22:50:03"
N7030535,"[""EEM""]","COMPUTER SOFTWARE, HUMAN RESOURCES MANAGEMENT, PERSONNEL, ETC. - OTHER THAN MICROCOMPUTERS","Logiciel, gestion des ressources humaines, personnel, etc., autre que pour micro-ordinateurs",Active,Actif,"2023-02-27 22:50:03"
N7030610,"[""EEM""]","COMPUTER SOFTWARE, PROG.AIDS, COMPUTER LANGUAGES AND SOFTWARE/ SYSTEM DEV.TOOLS,COMPUTER AIDED SOFTWARE ENG.(CASE) EXCL. 4GL - OTHER THAN MICROCOMPUTERS","Logiciel, outils de programmation, langage et logiciel, outils d'élaboration de système genre logiciel assisté par ordinateur, excl. 4GL, autre que pour micro-ordinateurs",Active,Actif,"2023-02-27 22:50:03"
N7030355,"[""EEM""]","COMPUTER SOFTWARE, RESERVATION SYSTEMS - OTHER THAN MICROCOMPUTERS","Logiciel d'ordinateur, systèmes de réservation - autre que micro-ordinateurs",Active,Actif,"2023-02-27 22:50:03"
N7030398,"[""EEM""]","COMPUTER SOFTWARE, COMPUTER AIDED DESIGN/COMPUTER AIDED MFG/ COMPUTER INTEGRATED MANUFACTURING (CAD/CAM/CIM) - OTHER THAN MICROCOMPUTERS","Logiciel, conception assisté par ordinateur, fabrication assistée par ordinateur, fabrication intégrée à l'ordinateur, CAOFAO, FIO - autre que pour micro-ordinateurs",Active,Actif,"2023-02-27 22:50:03"
N7030405,"[""EEM""]","COMPUTER SOFTWARE, LEGAL - OTHER THAN MICROCOMPUTERS","Logiciel, judiciaire, autre que pour micro-ordinateurs",Active,Actif,"2023-02-27 22:50:03"
N7030425,"[""EEM""]","COMPUTER SOFTWARE, MATERIEL MANAGEMENT, INVENTORY CONTROL - OTHER THAN MICROCOMPUTERS","Logiciel, gestion du matériel, contrôle d'inventaire, autre que pour micro-ordinateurs",Active,Actif,"2023-02-27 22:50:03"
N7030ACA,"[""EEM""]","COMPUTER SOFTWARE, BUSINESS ADMINISTRATION/MANAGEMENT, PLANNING,MARKET TRADE AND SALES ANALYSIS, ECONOMICS - MICROCOMPUTERS ONLY","Logiciel, administration et gestion, planification, marché et commercialisation, analyse des ventes, économique - micro-ordinateurs seulement",Active,Actif,"2023-02-27 22:50:03"
N7030ACB,"[""EEM""]","COMPUTER SOFTWARE, DATA BASE MANAGEMENT, INFORMATION RETRIEVAL - MICROCOMPUTERS ONLY","Logiciel, gestion de base de données, extraction de données - micro-ordinateurs seulement",Active,Actif,"2023-02-27 22:50:03"
N7030ACC,"[""EEM""]","COMPUTER SOFTWARE, DATA COMMUNICATIONS, INCLUDING MODEM/LINE CONTROL, PROTOCOL, CONVERSION, TERMINAL EMULATION, VOICE AND OR DATA NETWORK MANAGEMENT, ETC.- MICROCOMPUTERS ONLY","Logiciel, transmission de données, incl. modem et gest. de lignes, conversion de protocole, émulation de terminaux, gest. de réseaux de données et/ou vocal, etc. - micro-ordinateurs seulement",Active,Actif,"2023-02-27 22:50:03"
N7030ACE,"[""EEM""]","COMPUTER SOFTWARE, ENGINEERING, SCIENTIFIC, MATHEMATICAL, STATISTICAL, MODELING, SIMULATION, EMULATION, ENERGY - MICROCOMPUTERS ONLY","Logiciel, ingénierie, sciences, mathématique, statistique, modélisation, simulation, émulation et énergie - micro-ordinateur seulement",Active,Actif,"2023-02-27 22:50:03"
N7030ACF,"[""EEM""]","COMPUTER SOFTWARE, ACQUISITION/PROCESSING OF ANALOG/DIGITAL, SIGNALS (AUDIO,VIDEO,SEISMIC,ETC) INCL.MACH.VISION,VOICE RECOGNITION,INST.SIGNALS,ROBOTICS,NUM.MACH.CONT,ETC-MICROCOMPUTERS ONLY","Logiciel, saisie et traitement de données anal. et num. signaux (sonores, vidéo, séismiques, etc.) incl.aff.vis.rec.vocale, signaux d'inst., robotiques, cont.mach.num.- micro-ords seulement",Active,Actif,"2023-02-27 22:50:03"
N7030ACG,"[""EEM""]","COMPUTER SOFTWARE, FOURTH GENERATION LANGUAGES, APPLICATION GENERATORS - MICROCOMPUTERS ONLY","Logiciel, langages de quatrième génération, générateurs d'application - micro-ordinateurs seulement",Active,Actif,"2023-02-27 22:50:03"
N7030ACJ,"[""EEM""]","COMPUTER SOFTWARE, HOTEL MANAGEMENT (INCLUDES INN, MOTEL, RESTAURANT) - MICROCOMPUTERS ONLY","Logiciel d'ordinateur, gestion d'hôtels (comprend auberge, motel, restaurant) - micro-ordinateurs seulement",Active,Actif,"2023-02-27 22:50:03"
N7030AE,"[""EEM""]","COMPUTER SOFTWARE, STORAGE, RETRIEVAL, PROCESSING AND/OR PRESENTATION OF GRAPHICS, IMAGE, OR VOICE/DATA - MICROCOMPUTERS ONLY","Logiciel, mémoire, prise en charge, traitement et/ou présentation d'image, graphique ou voix et données - micro-ordinateurs seulement",Active,Actif,"2023-02-27 22:50:03"
N7030AEA,"[""EEM""]","COMPUTER SOFTWARE, COMPUTER AIDED DESIGN/COMPUTER AIDED MFG/ COMPUTER INTEGRATED MANUFACTURING (CAD/CAM/CIM) - MICROCOMPUTERS ONLY","Logiciel, conception assisté par ordinateur, fabrication assistée par ordinateur, fabrication intégrée à l'ordinateur (CAO/FAO/FIO) - micro-ordinateurs seulement",Active,Actif,"2023-02-27 22:50:03"
N7030AEB,"[""EEM""]","COMPUTER SOFTWARE, LEGAL - MICROCOMPUTERS ONLY","Logiciel, judiciaire - micro-ordinateurs seulement",Active,Actif,"2023-02-27 22:50:03"
N7030AEC,"[""EEM""]","COMPUTER SOFTWARE, MATERIEL MANAGEMENT, INVENTORY CONTROL - MICROCOMPUTERS ONLY","Logiciel, gestion du matériel, contrôle d'inventaire - micro-ordinateurs seulement",Active,Actif,"2023-02-27 22:50:03"
N7030AED,"[""EEM""]","COMPUTER SOFTWARE, MILITARY APPLICATIONS, EMERGENCY PLANNING CIVIL - MICROCOMPUTERS ONLY","Logiciel, applications militaires, planification d'urgence civile - micro-ordinateurs seulement",Active,Actif,"2023-02-27 22:50:03"
N7030AEE,"[""EEM""]","COMPUTER SOFTWARE, MEDICAL AND HEALTH CARE - MICROCOMPUTERS ONLY","Logiciel, médical et des soins de la santé - micro-ordinateurs seulement",Active,Actif,"2023-02-27 22:50:03"
N7030AG,"[""EEM""]","COMPUTER SOFTWARE,OFFICE AUTOMATION,DOCUMENT MANAGEMENT,MAIL, NETWORKS,PUBLISHING,SPREADSHEETS,TYPESETTING,WORD PROCESSING - MICROCOMPUTERS ONLY","Logiciel, bureautique, gestion de documents, courrier gestion, de réseaux, édition, tableurs, composition, traitement de texte - micro-ordinateurs seulement",Active,Actif,"2023-02-27 22:50:03"
N7030615,"[""EEM""]","COMPUTER, SOFTWARE, NATURAL-LANGUAGE TRANSLATION. EG.ENGLISH- FRENCH ETC. - OTHER THAN MICROCOMPUTERS","Logiciel, traduction, langage naturel, p. ex. anglais-français etc.,autre que pour micro-ordinateurs",Active,Actif,"2023-02-27 22:50:03"
N7030635,"[""EEM""]","COMPUTER SOFTWARE, LIBRARY SYSTEMS, RECORDS MANAGEMENT, CATALOGUING, CORRESPONDENCE CONTROL - OTHER THAN MICROCOMPUTERS","Logiciel, systèmes pour bibliothèque, gestion d'archives, contrôle de la correspondance - autre que pour micro-ordinateurs",Active,Actif,"2023-02-27 22:50:03"
N7030640,"[""EEM""]","COMPUTER SOFTWARE, SYSTEM SOFTWARE (INCL.I/O / TP ACCESS METHODS) UTILITIES, DIAGNOSTICS, PERFORMANCE MONITORING, SOFTWARE CONVERSION AIDS - OTHER THAN MICROCOMPUTERS","Logiciel, logiciel de base incl. les méthodes d'accès e/s et télétraitement, serv. pub. diagnostiqués, cont. de performance, outils de conv. de logiciel - autre que pour micro-ordinateurs",Active,Actif,"2023-02-27 22:50:03"
N7030645,"[""EEM""]","COMPUTER SOFTWARE, SECURITY, PRIVACY, ENCRYPTION, AUDIT CONTROLS/AIDS - OTHER THAN MICROCOMPUTERS","Logiciel, sécuritaire, confidentiel, chiffrement, contrôle de vérification et assistance, autre que pour micro-ordinateurs",Active,Actif,"2023-02-27 22:50:03"
N7030AA,"[""EEM""]","COMPUTER SOFTWARE, ARTIFICIAL INTELLIGENCE, EXPERT SYSTEMS - MICROCOMPUTERS ONLY","Logiciel, intelligence artificielle, système expert - micro-ordinateurs seulement",Active,Actif,"2023-02-27 22:50:03"
N7030AC,"[""EEM""]","COMPUTER SOFTWARE, BUILDING CONSTRUCTION, FACILITY/PROPERTY MANAGEMENT - MICROCOMPUTERS ONLY","Logiciel, gestion de propriété/logement, construction et immeuble - micro-ordinateurs seulement",Active,Actif,"2023-02-27 22:50:03"
N7030AGA,"[""EEM""]","COMPUTER SOFTWARE, HUMAN RESOURCES MANAGEMENT, PERSONNEL, ETC.- MICROCOMPUTERS ONLY","Logiciel, gestion des ressources humaines, personnel, etc. - micro-ordinateurs seulement",Active,Actif,"2023-02-27 22:50:03"
N7030AGB,"[""EEM""]","COMPUTER SOFTWARE, PROG.AIDS,COMPUTER LANGUAGES AND SOFTWARE/ SYSTEM DEV.TOOLS,COMPUTER AIDED SOFTWARE ENG.(CASE) EXCLUDING 4GL - MICROCOMPUTERS ONLY","Logiciel, outils de prog., langage et logiciel, outils d'élaboration de système, genre logiciel assisté par ordinateur, excluant 4GL, - micro-ordinateurs seul.",Active,Actif,"2023-02-27 22:50:03"
N7030AGC,"[""EEM""]","COMPUTER, SOFTWARE, NATURAL-LANGUAGE TRANSLATION, EG.ENGLISH- FRENCH ETC. - MICROCOMPUTERS ONLY","Logiciel, traduction, langage naturel, p. ex. anglais-français, etc. - micro-ordinateurs seulement",Active,Actif,"2023-02-27 22:50:03"
N7030AGD,"[""EEM""]","COMPUTER SOFTWARE, PROJECT MANAGEMENT, PLANNING AND SCHEDULING, REPAIR, MAINTENANCE AND OVERHAUL MANAGEMENT - MICROCOMPUTERS ONLY","Logiciel, gestion de projet, planification et ordonnancement, gestion des services de réparation, entretien et révision - micro-ordinateurs seulement",Active,Actif,"2023-02-27 22:50:03"
N7030AGE,"[""EEM""]","COMPUTER SOFTWARE, LIBRARY SYSTEMS, RECORDS MANAGEMENT, CATALOGUING, CORRESPONDENCE CONTROL - MICROCOMPUTERS ONLY","Logiciel, systèmes pour bibliothèque, gestion d'archives, contrôle de la correspondance - micro-ordinateurs seulement",Active,Actif,"2023-02-27 22:50:03"
N7030AJ,"[""EEM""]","COMPUTER SOFTWARE, SYSTEM SOFTWARE (INCL.I/O / TP ACCESS METHODS) UTILITIES, DIAGNOSTICS, PERFORMANCE MONITORING, SOFTWARE CONVERSION AIDS - MICROCOMPUTERS ONLY","Logiciel, logiciel de base (incl. les méthodes d'accès e/s et télétraitement), serv. publics, diagnostiques, contrôle de perf., outils de conversion de logiciel - micro-ordinateurs seulement",Active,Actif,"2023-02-27 22:50:03"
N7030AJA,"[""EEM""]","COMPUTER SOFTWARE, SECURITY, PRIVACY, ENCRYPTION, AUDIT CONTROLS/AIDS - MICROCOMPUTERS ONLY","Logiciel, sécuritaire, confidentiel, chiffrement, contrôle de vérification et assistance - micro-ordinateurs seulement",Active,Actif,"2023-02-27 22:50:03"
N7030AJB,"[""EEM""]","COMPUTER SOFTWARE, OTHER (NOT ELSEWHERE LISTED) - MICROCOMPUTERS ONLY","Logiciel, autre - micro-ordinateurs seulement",Active,Actif,"2023-02-27 22:50:03"
N7030AJC,"[""EEM""]","COMPUTER SOFTWARE, CD-ROM MICROCOMPUTER ONLY","Logiciel, disque compact-rom micro-ordinateur seulement",Active,Actif,"2023-02-27 22:50:03"
N7030AJD,"[""EEM""]","Computer Software, Laboratory and Scientific","Logiciel informatique scientifique et de laboratoire",Active,Actif,"2023-02-27 22:50:03"
N7030,"[""EEM""]","ADP Software","Logiciel TAI",Active,Actif,"2023-02-27 22:50:03"
D307A,"[""XQ""]","Systems Integration of Informatics Commodities and Services","Produits et services d'informatiques d'intégration des systèmes",Active,Actif,"2023-02-27 22:50:03"
R019AB,"[""ZT""]","Professional Services / Program Advisory Services","Services professionnels / Services consultatifs sur les programmes",Active,Actif,"2023-02-27 22:50:03"
U099BA,"[""NT""]","Pilot Training Services, Aircraft","Services de formation pour pilote, aéronef",Active,Actif,"2023-02-27 22:50:03"
J019A,"[""AO""]","Maintenance, Repair, Modification, Rebuilding & Installation of Equipment related to Ships","Entretien, réparation, modification, réflection, et installation de biens et d'équipement afférents aux navires",Active,Actif,"2023-02-27 22:50:03"
D399BB,"[""EO""]","Telecommunications - Satellite Services","Télécommunications - services par satellite",Active,Actif,"2023-02-27 22:50:03"
JX5805B,"[""EO""]","Switching Systems, Electronic - Maintenance","Systèmes de commutation, électroniques - entretien",Active,Actif,"2023-02-27 22:50:03"
JX5805BA,"[""EO""]","Terminals, Telephone Set - Maintenance","Terminaux, appareil téléphonique - entretien",Active,Actif,"2023-02-27 22:50:03"
JX5805A,"[""EO""]","Private Access Branch Exchange/Interconnect Low Capacity Voice and/or Digital Data, 0-250 Lines - Maintenance","Installation d'abonné avec postes supplémentaires faible capacité d'interconnexion, voix et/ou données numériques, 0-250 lignes - entretien",Active,Actif,"2023-02-27 22:50:03"
JX7025EA,"[""EO""]","Local Area Networks, Systems and Components - Maintenance","Réseaux locaux, systèmes et composants - entretien",Active,Actif,"2023-02-27 22:50:03"
N5805041,"[""EO""]","Telephone Call Detail Recording Systems","Systèmes d'enregistrement de détail d'appel téléphonique",Active,Actif,"2023-02-27 22:50:03"
N5805070,"[""EO""]","Modems, Wideband Communications","Modems, communications sur large bande",Active,Actif,"2023-02-27 22:50:03"
N5805071,"[""EO""]","Modems, Voice Channel Communications","Modems, communications, transmission par voix",Active,Actif,"2023-02-27 22:50:03"
N5805010,"[""EO""]","Carrier Systems Telephone","Système téléphonique à courants porteurs",Active,Actif,"2023-02-27 22:50:03"
N5805017,"[""EO""]","Carrier Systems, Fiber Optics Systems","Systèmes téléphoniques à courants porteurs, systèmes à fibres optiques",Active,Actif,"2023-02-27 22:50:03"
N5805024,"[""EO""]","Private Access Branch Exchange/Interconnect Low Capacity Voice and/or Digital Data, 0-250 Lines","Installation d'abonné avec postes supplémentaires faible capacité d'interconnexion, voix et/ou données numériques, 0-250 lignes",Active,Actif,"2023-02-27 22:50:03"
N5805028,"[""EO""]","Private Access Branch Exchange/Interconnect High Capacity Voice and/or Digital Data, Over 250 Lines","Installation d'abonné avec postes supplémentaires, capacité d'interconnexion élevée, voix et/ou données numériques, 250 lignes et plus",Active,Actif,"2023-02-27 22:50:03"
N5805029,"[""EO""]","Telecommunications/Digital Data Network","Télécommunications/circuit de données numériques",Active,Actif,"2023-02-27 22:50:03"
N5805032,"[""EO""]","Teleconferencing Equipment","Équipement pour conférence téléphonique",Active,Actif,"2023-02-27 22:50:03"
N5805034,"[""EO""]","Videoconferencing Equipment","Équipement de vidéoconférence",Active,Actif,"2023-02-27 22:50:03"
N5805036,"[""EO""]","Telephone Central Offices, Dial, Private Branch Exchange, Transportable","Centraux téléphoniques, automatiques, installation d'abonné avec poste supplémentaire, transportables",Active,Actif,"2023-02-27 22:50:03"
N5805126,"[""EO""]","Voice Response System, Automatic","Système automatique de réponse vocale",Active,Actif,"2023-02-27 22:50:03"
N5805100,"[""EO""]","Switching Systems, Electronic","Systèmes de commutation, électroniques",Active,Actif,"2023-02-27 22:50:03"
N5805111,"[""EO""]","Telephone Set","Appareil téléphonique",Active,Actif,"2023-02-27 22:50:03"
N5805120,"[""EO""]","Key Telephone Systems","Systèmes téléphoniques à touche",Active,Actif,"2023-02-27 22:50:03"
N5805125,"[""EO""]","Voice Messaging System, Electronic","Système de communication vocale, électronique",Active,Actif,"2023-02-27 22:50:03"
N7025230,"[""EO""]","DATA COMMUNICATIONS EQUIPMENT - ADAPTORS, INTERFACES, ETC.","Équipement de transmission de données, adaptateurs, interfaces, etc.",Active,Actif,"2023-02-27 22:50:03"
S002AC,"[""EO""]","Telephone/Station Message Call Detail Recording Services","Téléphone/services d'enregistrement détaillé de message reçu",Active,Actif,"2023-02-27 22:50:03"
D317E,"[""PI""]","Information Products","Produits d'information",Active,Actif,"2023-02-27 22:50:03"
N7610,"[""PI""]","Books and Pamphlets","Livres et brochures",Active,Actif,"2023-02-27 22:50:03"
N7610D,"[""PI""]","BOOKS (PRINTING PRODUCTS PUBLICATIONS)","Livres (publications des produits d'imprimerie)",Active,Actif,"2023-02-27 22:50:03"
N7640,"[""PI""]","Maps, Atlases, Charts and Globes","Cartes, ATLAS, cartes marines et globes terrestres",Active,Actif,"2023-02-27 22:50:03"
N7641,"[""PI""]","Aeronautical Maps, Charts and Geodetic Products","Cartes aéronautiques, graphiques et articles de géodésie",Active,Actif,"2023-02-27 22:50:03"
N7642,"[""PI""]","Hydrographic Maps, Charts and Geodetic Products","Cartes hydrographiques, graphiques et articles de géodésie",Active,Actif,"2023-02-27 22:50:03"
N7643,"[""PI""]","Topographic Maps, Charts and Geodetic Products","Cartes topographiques, graphiques et articles de géodésie",Active,Actif,"2023-02-27 22:50:03"
N7644,"[""PI""]","Digital Maps, Charts and Geodetic Products","Cartes numériques, graphiques et articles de géodésie",Active,Actif,"2023-02-27 22:50:03"
R107B,"[""PI""]","Library Subscriptions","Abonnements des bibliothèques",Active,Actif,"2023-02-27 22:50:03"
R010A,"[""ZQ""]","Internal and External Audits (Supply Arrangement PASS)","Vérifications internes et externes (Arrangement en matière d'approvisionnement pour des services professionnels de soutien à la vérification)",Active,Actif,"2023-02-27 22:50:03"
R019BF,"[""ZT""]","Human Resource Services, Business Consulting/Change Management; Project Management Services","Services aux ressources humaines; Services-conseil en affaire /Services de gestion du changement; Service de gestion de projets",Active,Actif,"2023-02-27 22:50:03"
G009P,"[""ZH""]","Ergonomic Services","Services d'ergonomie",Active,Actif,"2023-02-27 22:50:03"
R199HD,"[""ZQ""]","Values and Ethics Services","Services en matière de valeurs et d'éthique",Active,Actif,"2023-02-27 22:50:03"
R010B,"[""ZQ""]","Audit Services, Not Elsewhere Specified","Services de vérification, non énumérés ailleurs",Active,Actif,"2023-02-27 22:50:03"
R010C,"[""ZQ""]","Recipient and Contribution Agreement Audit (Supply Arrangement PASS)","Vérification des bénéficiaires et des accords de contribution (Arrangement en matière d'approvisionnement pour des services professionnels des soutien à la vérifications)",Active,Actif,"2023-02-27 22:50:03"
R010AF,"[""ZQ""]","IT Systems Audit (Supply Arrangement PASS)","Vérification des systèmes de TI (Arrangement en matière d'approvisionnement pour des services professionnels de soutien à la vérification)",Active,Actif,"2023-02-27 22:50:03"
R010AG,"[""ZQ""]","Finance & Accounting Services Audits (Supply Arrangement PASS)","Vérification des services financiers et de comptabilité (Arrangement en matière d'approvisionnement pour des services professionnels de soutien à la vérification)",Active,Actif,"2023-02-27 22:50:03"
R010AH,"[""ZQ""]","Forensic Audits (Supply Arrangement PASS)","Vérifications judiciaires (Arrangement en matière d'approvisionnement pour des services professionnels de soutien à la vérification)",Active,Actif,"2023-02-27 22:50:03"
JX2355,"[""TAP""]","Combat, Assault, and Tactical Vehicles, Wheeled - Repair","Véhicules de combat, d'assaut et tactique, sur roues - réparation",Active,Actif,"2023-02-27 22:50:03"
AJ212528,"[""SC""]","Computer Systems Security (R&D)","Sécurité des systèmes informatiques (R&D)",Active,Actif,"2023-02-27 22:50:03"
JX1510C,"[""CAG""]","Aircraft, Fixed Wing - Repair and Overhaul (Civilian)","Aéronef, aile fixe, civiles - réparation et révision",Active,Actif,"2023-02-27 22:50:03"
JX1680A,"[""CAG""]","Miscellaneous Aircraft Accessories and Components - Repair and Overhaul","Accessoires et composants divers pour aéronefs - réparation et révision",Active,Actif,"2023-02-27 22:50:03"
JX2840,"[""CAG""]","Gas Turbines and Jet Engines, Aircraft, Prime Moving and Components (Civilian) - Repair","Turbines à gaz et moteurs à réaction, Aéronefs, Appareil moteur civils et composants - réparation",Active,Actif,"2023-02-27 22:50:03"
N1510,"[""CAG""]","Aircraft, Fixed Wing","Aéronef à voilure fixe",Active,Actif,"2023-02-27 22:50:03"
N1510A,"[""CAG""]","Airplanes, Civil Certified","Avions, certifiés pour les vols civils",Active,Actif,"2023-02-27 22:50:03"
JX1510D,"[""CAG""]","Repainting and Refinishing, Small Aircraft","Repeinturage et refinissage, petit aéronef",Active,Actif,"2023-02-27 22:50:03"
M181D,"[""AEC""]","OPERATION AND MAINTENANCE SERVICES OF LABORATORY FACILITIES","SERVICES D EXPLOITATION ET D ENTRETIEN DES LABORATOIRES",Active,Actif,"2023-02-27 22:50:03"
V502A,"[""ZU""]","Relocation Services","Service de réinstallation",Active,Actif,"2023-02-27 22:50:03"
U006B,"[""GP""]","COMMUNITY COLLEGES","COLLEGES COMMUNAUTAIRES",Active,Actif,"2023-02-27 22:50:03"